match_id,season,team1,team2,venue,team1_recent_form,team2_recent_form,form_diff,team1_overall_wr,team2_overall_wr,overall_wr_diff,h2h_team1_pct,h2h_matches,team1_venue_wr,team2_venue_wr,venue_avg_score,team1_avg_score,team2_avg_score,team1_avg_sr,team2_avg_sr,batting_score_diff,team1_avg_conceded,team2_avg_conceded,team1_avg_wickets,team2_avg_wickets,bowling_economy_diff,toss_won_by_team1,chose_bat,target
1,2008,Rajasthan Royals,Kolkata Knight Riders,"M. Chinnaswamy Stadium, Bengaluru",0.5,0.5,0.0,0.5,0.5,0.0,0.5,0,0.5,0.5,160.0,160.0,160.0,130.0,130.0,0.0,160.0,160.0,6.0,6.0,0.0,1,1,0
2,2008,Kolkata Knight Riders,Mumbai Indians,"Narendra Modi Stadium, Ahmedabad",1.0,0.5,0.5,1.0,0.5,0.5,0.5,0,0.5,0.5,160.0,180.0,160.0,150.0,130.0,20.0,117.0,160.0,10.0,6.0,1.887323943661972,0,1,1
3,2008,Punjab Kings,Delhi Capitals,"Arun Jaitley Stadium, Delhi",0.5,0.5,0.0,0.5,0.5,0.0,0.5,0,0.5,0.5,160.0,160.0,160.0,130.0,130.0,0.0,160.0,160.0,6.0,6.0,0.0,1,0,1
4,2008,Rajasthan Royals,Mumbai Indians,"Brabourne Stadium, Mumbai",0.0,0.0,0.0,0.0,0.0,0.0,0.5,0,0.5,0.5,160.0,117.0,179.0,164.7887323943662,158.4070796460177,-62.0,180.0,147.0,8.0,10.0,-0.9101123595505616,1,0,1
8,2008,Delhi Capitals,Mumbai Indians,"M. Chinnaswamy Stadium, Bengaluru",0.0,0.0,0.0,0.0,0.0,0.0,0.5,0,0.5,0.5,117.0,133.0,189.0,149.43820224719101,167.2566371681416,-56.0,132.0,155.0,10.0,10.0,-1.5044277360066847,0,0,1
10,2008,Punjab Kings,Sunrisers Hyderabad,"Rajiv Gandhi Intl. Cricket Stadium, Hyderabad",1.0,0.5,0.5,1.0,0.5,0.5,0.5,0,0.5,0.5,160.0,132.0,160.0,138.94736842105263,130.0,-28.0,133.0,160.0,10.0,6.0,0.9662921348314608,1,0,1
6,2008,Rajasthan Royals,Kochi Tuskers Kerala,"DY Patil Stadium, Mumbai",0.5,0.5,0.0,0.5,0.5,0.0,0.5,0,0.5,0.5,160.0,140.0,160.0,163.74269005847952,130.0,-20.0,189.5,160.0,9.0,6.0,1.7596566523605137,1,0,1
11,2008,Royal Challengers Bengaluru,Punjab Kings,"Ekana Cricket Stadium, Lucknow",0.5,1.0,-0.5,0.5,1.0,-0.5,0.5,0,0.5,0.5,160.0,160.0,101.5,130.0,142.95774647887325,58.5,160.0,115.0,6.0,10.0,-0.625,0,0,0
5,2008,Kolkata Knight Riders,Chennai Super Kings,"Wankhede Stadium, Mumbai",1.0,0.5,0.5,1.0,0.5,0.5,0.5,0,0.5,0.5,160.0,163.5,160.0,156.45933014354068,130.0,3.5,148.0,160.0,10.0,6.0,1.6521739130434785,1,0,0
7,2008,Sunrisers Hyderabad,Kolkata Knight Riders,"Eden Gardens, Kolkata",0.0,1.0,-1.0,0.0,1.0,-1.0,0.5,0,0.5,0.5,160.0,97.0,163.5,136.61971830985914,156.45933014354068,-66.5,71.0,148.0,10.0,10.0,-0.5883441258094351,0,0,0
13,2008,Sunrisers Hyderabad,Royal Challengers Bengaluru,"Narendra Modi Stadium, Ahmedabad",0.0,0.0,0.0,0.0,0.0,0.0,0.5,0,0.5,0.5,147.0,97.0,131.0,136.61971830985914,187.14285714285714,-34.0,71.0,166.0,10.0,10.0,0.4776228906823192,0,1,1
14,2008,Delhi Capitals,Kochi Tuskers Kerala,"Wankhede Stadium, Mumbai",0.5,0.0,0.5,0.5,0.0,0.5,0.5,0,0.5,0.5,78.0,99.0,83.0,143.47826086956522,122.05882352941177,16.0,135.0,76.0,10.0,10.0,0.7567567567567579,0,0,1
15,2008,Chennai Super Kings,Kochi Tuskers Kerala,"Holkar Cricket Stadium, Indore",1.0,0.0,1.0,1.0,0.0,1.0,0.5,0,0.5,0.5,160.0,62.0,77.0,144.1860465116279,123.2,-15.0,78.0,88.0,10.0,10.0,-2.145132743362833,1,1,1
17,2008,Chennai Super Kings,Kolkata Knight Riders,"M. Chinnaswamy Stadium, Bengaluru",1.0,0.75,0.25,1.0,0.75,0.25,0.5,1,0.5,1.0,91.0,113.5,126.25,155.4794520547945,141.45658263305322,-12.75,99.5,119.75,10.0,10.0,-1.0395021645021654,0,1,0
18,2008,Chennai Super Kings,Mumbai Indians,"M. Chinnaswamy Stadium, Bengaluru",0.6666666666666666,0.0,0.6666666666666666,0.6666666666666666,0.0,0.6666666666666666,0.5,0,0.0,0.0,121.0,136.0,172.0,153.38345864661653,163.29113924050634,-36.0,108.33333333333333,125.0,10.0,10.0,-0.9384976698102818,1,0,1
22,2008,Royal Challengers Bengaluru,Rajasthan Royals,"Punjab Cricket Association Stadium, Mohali",0.0,0.6666666666666666,-0.6666666666666666,0.0,0.6666666666666666,-0.6666666666666666,0.5,0,0.5,0.5,160.0,106.0,118.66666666666667,163.07692307692307,156.140350877193,-12.666666666666671,130.5,154.0,10.0,9.333333333333334,-1.3002114164904865,1,0,0
23,2008,Sunrisers Hyderabad,Mumbai Indians,"M. A. Chidambaram Stadium, Chennai",0.3333333333333333,0.0,0.3333333333333333,0.3333333333333333,0.0,0.3333333333333333,0.5,0,0.5,0.5,160.0,104.33333333333333,143.5,133.76068376068375,156.4032697547684,-39.16666666666667,84.0,121.0,10.0,10.0,-1.379725841936029,1,0,0
9,2008,Kolkata Knight Riders,Kochi Tuskers Kerala,"Sawai Mansingh Stadium, Jaipur",0.8,0.0,0.8,0.8,0.0,0.8,0.5,0,0.5,0.5,160.0,126.2,91.66666666666667,142.7601809954751,134.80392156862746,34.53333333333333,132.0,113.66666666666667,9.4,10.0,-0.21988577362409067,0,1,1
29,2008,Kochi Tuskers Kerala,Delhi Capitals,"Maharashtra Cricket Association Stadium, Pune",0.0,0.6666666666666666,-0.6666666666666666,0.0,0.6666666666666666,-0.6666666666666666,0.5,1,0.5,0.5,160.0,101.0,99.33333333333333,137.88395904436862,153.60824742268042,1.6666666666666714,103.5,113.66666666666667,10.0,10.0,0.41688311688311863,1,0,0
33,2008,Rajasthan Royals,Kochi Tuskers Kerala,"Arun Jaitley Stadium, Delhi",0.75,0.0,0.75,0.75,0.0,0.75,0.5,1,0.5,0.5,132.0,139.25,108.8,162.86549707602342,142.40837696335078,30.450000000000003,150.75,118.6,9.5,10.0,-0.07278173525024734,1,0,0
12,2008,Chennai Super Kings,Rajasthan Royals,"Himachal Pradesh Cricket Association Stadium, Dharamsala",0.75,0.6,0.15000000000000002,0.75,0.6,0.15000000000000002,0.5,0,0.5,0.5,160.0,129.25,124.8,152.50737463126845,155.61097256857855,4.450000000000003,95.75,135.2,10.0,9.6,-0.49671980380134784,0,1,1
35,2008,Delhi Capitals,Royal Challengers Bengaluru,"Sawai Mansingh Stadium, Jaipur",0.75,0.0,0.75,0.75,0.0,0.75,0.5,0,0.5,0.5,73.0,119.25,117.66666666666667,153.37620578778134,149.5762711864407,1.5833333333333286,120.25,154.0,10.0,10.0,-0.16558215198698534,1,0,1
36,2008,Kolkata Knight Riders,Sunrisers Hyderabad,"DY Patil Stadium, Mumbai",0.8,0.25,0.55,0.8333333333333334,0.25,0.5833333333333334,0.5,1,0.5,0.5,76.0,117.33333333333333,114.75,139.1304347826087,137.4251497005988,2.5833333333333286,131.5,105.25,9.5,10.0,0.13524454269134978,0,0,0
37,2008,Royal Challengers Bengaluru,Punjab Kings,"Wankhede Stadium, Mumbai",0.0,1.0,-1.0,0.0,1.0,-1.0,0.5,1,0.5,0.5,89.0,125.25,123.0,159.55414012738854,143.0232558139535,2.25,151.25,120.33333333333333,10.0,10.0,-0.49847238542890615,0,0,0
38,2008,Royal Challengers Bengaluru,Chennai Super Kings,"Sawai Mansingh Stadium, Jaipur",0.0,0.8,-0.8,0.0,0.8,-0.8,0.5,0,0.0,0.5,108.0,130.4,122.6,155.60859188544154,149.1484184914842,7.800000000000011,157.4,98.0,10.0,10.0,0.7991598788860941,0,1,1
20,2008,Chennai Super Kings,Punjab Kings,"Rajiv Gandhi Intl. Cricket Stadium, Hyderabad",0.6,1.0,-0.4,0.6666666666666666,1.0,-0.33333333333333337,0.5,0,0.5,1.0,71.0,131.66666666666666,137.75,152.80464216634428,146.93333333333334,-6.083333333333343,107.0,128.0,10.0,10.0,-0.62912929807724,0,0,0
21,2008,Mumbai Indians,Punjab Kings,"Brabourne Stadium, Mumbai",0.2,1.0,-0.8,0.2,1.0,-0.8,0.5,0,0.0,0.5,163.0,148.6,146.0,162.582056892779,150.51546391752578,2.5999999999999943,126.0,123.8,10.0,10.0,-0.13457799948648486,1,1,1
46,2008,Kochi Tuskers Kerala,Sunrisers Hyderabad,"DY Patil Stadium, Mumbai",0.2,0.4,-0.2,0.16666666666666666,0.4,-0.23333333333333336,0.5,0,0.0,1.0,103.0,102.83333333333333,123.0,139.90929705215422,143.69158878504672,-20.16666666666667,110.0,110.2,10.0,10.0,-0.5504263451925908,0,1,0
16,2008,Sunrisers Hyderabad,Punjab Kings,"M. Chinnaswamy Stadium, Bengaluru",0.4,0.8,-0.4,0.4,0.8333333333333334,-0.43333333333333335,0.5,1,0.5,0.5,118.0,123.0,142.0,143.69158878504672,150.79646017699116,-19.0,110.2,115.33333333333333,10.0,10.0,0.2476238844953933,1,0,1
24,2008,Royal Challengers Bengaluru,Punjab Kings,"Wankhede Stadium, Mumbai",0.2,0.6,-0.39999999999999997,0.16666666666666666,0.7142857142857143,-0.5476190476190477,0.5,2,0.0,1.0,109.66666666666667,134.0,131.0,157.03125,148.1421647819063,3.0,160.66666666666666,119.0,10.0,10.0,0.45843929194714406,0,0,1
25,2008,Kochi Tuskers Kerala,Royal Challengers Bengaluru,"M. Chinnaswamy Stadium, Bengaluru",0.2,0.4,-0.2,0.14285714285714285,0.2857142857142857,-0.14285714285714285,0.5,0,0.5,0.5,122.6,109.57142857142857,129.28571428571428,139.20145190562613,156.5743944636678,-19.714285714285708,121.14285714285714,153.71428571428572,10.0,10.0,-0.2757386940768036,1,1,0
49,2008,Chennai Super Kings,Punjab Kings,"M. Chinnaswamy Stadium, Bengaluru",0.4,0.4,0.0,0.5714285714285714,0.625,-0.0535714285714286,0.5,1,0.5,0.0,122.6,128.14285714285714,128.625,154.65517241379308,149.7816593886463,-0.4821428571428612,117.28571428571429,116.75,10.0,10.0,0.01079561145841268,0,1,0
51,2008,Sunrisers Hyderabad,Kochi Tuskers Kerala,"Maharashtra Cricket Association Stadium, Pune",0.8,0.2,0.6000000000000001,0.5714285714285714,0.125,0.4464285714285714,0.5,1,0.5,0.0,140.0,134.85714285714286,106.375,145.23076923076923,135.0793650793651,28.48214285714286,109.42857142857143,133.625,10.0,9.875,-0.5316468403352896,0,0,1
52,2008,Kolkata Knight Riders,Rajasthan Royals,"Punjab Cricket Association Stadium, Mohali",0.6,0.6,0.0,0.7142857142857143,0.5,0.2142857142857143,0.5,1,0.5,1.0,141.0,119.14285714285714,121.83333333333333,142.8082191780822,152.60960334029227,-2.69047619047619,135.0,128.66666666666666,9.571428571428571,9.666666666666666,0.6702036395938169,0,1,1
19,2008,Sunrisers Hyderabad,Royal Challengers Bengaluru,"Brabourne Stadium, Mumbai",0.8,0.6,0.20000000000000007,0.625,0.375,0.25,0.5,1,0.5,0.5,118.0,143.5,140.75,150.85413929040737,161.31805157593124,2.75,111.375,145.0,10.0,10.0,-0.04752895752895725,0,1,0
30,2008,Sunrisers Hyderabad,Kolkata Knight Riders,"Narendra Modi Stadium, Ahmedabad",0.8,0.8,0.0,0.5555555555555556,0.75,-0.19444444444444442,0.5,2,1.0,1.0,121.0,142.11111111111111,120.125,151.18203309692672,145.16616314199396,21.986111111111114,106.66666666666667,143.75,10.0,9.375,-0.9310004101946507,1,0,0
34,2008,Rajasthan Royals,Royal Challengers Bengaluru,"Brabourne Stadium, Mumbai",0.4,0.8,-0.4,0.42857142857142855,0.4444444444444444,-0.015873015873015872,0.5,1,1.0,1.0,122.33333333333333,133.71428571428572,132.77777777777777,156.26043405676126,154.19354838709677,0.9365079365079509,128.42857142857142,143.44444444444446,9.714285714285714,10.0,-0.22958537981739902,0,1,1
26,2008,Mumbai Indians,Kochi Tuskers Kerala,"Narendra Modi Stadium, Ahmedabad",0.4,0.2,0.2,0.3333333333333333,0.1111111111111111,0.2222222222222222,0.5,0,0.0,0.5,120.66666666666667,136.0,108.44444444444444,156.6218809980806,137.85310734463278,27.555555555555557,125.33333333333333,141.44444444444446,10.0,9.88888888888889,-0.38201920279313306,1,1,0
27,2008,Kolkata Knight Riders,Punjab Kings,"M. A. Chidambaram Stadium, Chennai",0.8,0.4,0.4,0.7777777777777778,0.6666666666666666,0.11111111111111116,0.5,0,0.5,0.5,146.0,117.77777777777777,129.33333333333334,146.81440443213296,152.5557011795544,-11.555555555555571,141.11111111111111,122.44444444444444,9.444444444444445,10.0,0.10214080398129433,1,1,0
41,2008,Mumbai Indians,Chennai Super Kings,"Ekana Cricket Stadium, Lucknow",0.4,0.4,0.0,0.2857142857142857,0.5,-0.2142857142857143,0.5,1,0.5,0.5,131.0,130.42857142857142,133.125,155.5366269165247,162.34756097560975,-2.6964285714285836,118.57142857142857,119.5,10.0,10.0,0.1329051027609367,0,0,1
28,2008,Rajasthan Royals,Kolkata Knight Riders,"DY Patil Stadium, Mumbai",0.4,0.6,-0.19999999999999996,0.5,0.7,-0.19999999999999996,0.5,2,1.0,0.0,118.66666666666667,135.0,115.3,157.43440233236151,145.76485461441214,19.700000000000003,137.25,145.3,9.5,9.5,-0.5353113024554119,0,1,1
43,2008,Punjab Kings,Chennai Super Kings,"DY Patil Stadium, Mumbai",0.4,0.2,0.2,0.7,0.4444444444444444,0.25555555555555554,0.5,2,0.5,0.5,121.75,134.7,133.55555555555554,155.36332179930795,162.87262872628727,1.1444444444444457,119.5,121.66666666666667,10.0,10.0,0.0958213864058024,0,1,0
44,2008,Delhi Capitals,Punjab Kings,"Brabourne Stadium, Mumbai",0.8,0.4,0.4,0.8,0.6363636363636364,0.1636363636363637,0.5,1,0.5,0.0,127.75,124.0,136.8181818181818,152.70935960591132,155.63598759048605,-12.818181818181813,125.8,123.0909090909091,10.0,9.909090909090908,0.24065819936386923,1,1,1
45,2008,Punjab Kings,Mumbai Indians,"Arun Jaitley Stadium, Delhi",0.4,0.6,-0.19999999999999996,0.5833333333333334,0.375,0.20833333333333337,0.5,1,1.0,0.5,99.5,144.33333333333334,131.5,159.3376264949402,155.6213017751479,12.833333333333343,117.16666666666667,120.875,9.916666666666666,10.0,-0.3735885167464126,1,0,0
31,2008,Royal Challengers Bengaluru,Kochi Tuskers Kerala,"Holkar Cricket Stadium, Indore",0.8,0.4,0.4,0.4,0.2,0.2,0.5,1,0.5,0.0,165.0,139.4,105.4,155.75418994413408,138.32020997375326,34.0,143.5,137.0,10.0,9.9,-0.4411807750848844,0,1,0
47,2008,Chennai Super Kings,Kolkata Knight Riders,"DY Patil Stadium, Mumbai",0.2,0.4,-0.2,0.5,0.6363636363636364,-0.13636363636363635,0.5,2,1.0,0.0,129.0,136.1,115.72727272727273,158.62470862470863,147.16763005780348,20.37272727272726,125.3,144.0,10.0,9.545454545454545,-0.4213511769301288,1,1,1
32,2008,Chennai Super Kings,Sunrisers Hyderabad,"Brabourne Stadium, Mumbai",0.4,0.6,-0.19999999999999996,0.5454545454545454,0.5,0.045454545454545414,0.5,0,0.5,0.0,112.6,131.36363636363637,139.9,154.71092077087795,150.43010752688173,-8.536363636363632,121.54545454545455,105.9,10.0,10.0,0.4225301696906456,1,0,1
53,2008,Royal Challengers Bengaluru,Sunrisers Hyderabad,"M. Chinnaswamy Stadium, Bengaluru",0.6,0.4,0.19999999999999996,0.36363636363636365,0.45454545454545453,-0.09090909090909088,0.5,2,1.0,1.0,123.57142857142857,135.9090909090909,143.1818181818182,158.2010582010582,150.5736137667304,-7.2727272727272805,146.0909090909091,108.36363636363636,10.0,10.0,0.45071674405469864,1,1,1
54,2008,Punjab Kings,Mumbai Indians,"M. Chinnaswamy Stadium, Bengaluru",0.4,0.8,-0.4,0.5384615384615384,0.4444444444444444,0.09401709401709402,0.5,2,0.5,0.0,117.375,145.46153846153845,131.11111111111111,159.84784446322908,158.1769436997319,14.350427350427339,118.0,125.11111111111111,9.923076923076923,10.0,-0.3208689284842574,0,1,0
55,2008,Mumbai Indians,Delhi Capitals,"Arun Jaitley Stadium, Delhi",0.8,1.0,-0.19999999999999996,0.5,0.8333333333333334,-0.33333333333333337,0.5,1,1.0,0.0,119.33333333333333,127.2,112.0,159.0,148.67256637168143,15.200000000000003,124.0,142.66666666666666,10.0,9.833333333333334,-0.4666486632460156,0,1,1
39,2008,Kolkata Knight Riders,Sunrisers Hyderabad,"Wankhede Stadium, Mumbai",0.4,0.2,0.2,0.5833333333333334,0.4166666666666667,0.16666666666666669,0.6666666666666666,3,0.0,0.5,107.5,113.08333333333333,140.41666666666666,146.54427645788337,148.85159010600705,-27.33333333333333,139.0,105.5,9.583333333333334,10.0,0.7256755731944686,1,0,1
58,2008,Delhi Capitals,Kolkata Knight Riders,"Punjab Cricket Association Stadium, Mohali",0.8,0.4,0.4,0.7142857142857143,0.5833333333333334,0.13095238095238093,0.5,0,0.5,1.0,134.0,119.14285714285714,113.08333333333333,148.66310160427807,146.54427645788337,6.05952380952381,144.14285714285714,139.0,9.857142857142858,9.583333333333334,0.32169163434508796,0,0,1
40,2008,Sunrisers Hyderabad,Punjab Kings,"DY Patil Stadium, Mumbai",0.0,0.2,-0.2,0.38461538461538464,0.5,-0.11538461538461536,0.5,2,1.0,0.0,121.5,136.92307692307693,143.21428571428572,148.45704753961635,158.498023715415,-6.291208791208788,106.92307692307692,116.14285714285714,10.0,9.928571428571429,-0.4053389451165277,0,1,1
42,2008,Kolkata Knight Riders,Rajasthan Royals,"Wankhede Stadium, Mumbai",0.2,0.4,-0.2,0.5714285714285714,0.5555555555555556,0.015873015873015817,0.6666666666666666,3,0.5,0.5,110.8,113.57142857142857,134.55555555555554,147.76951672862452,158.30065359477123,-20.984126984126974,132.85714285714286,135.33333333333334,9.642857142857142,9.555555555555555,0.04357794024731554,0,1,0
48,2008,Kochi Tuskers Kerala,Punjab Kings,"Maharashtra Cricket Association Stadium, Pune",0.4,0.0,0.4,0.2727272727272727,0.4666666666666667,-0.19393939393939397,0.5,0,0.0,0.5,172.0,111.45454545454545,140.06666666666666,139.3181818181818,158.3270535041447,-28.61212121212121,133.72727272727272,117.8,9.909090909090908,9.933333333333334,0.5871651507862676,1,0,0
50,2008,Royal Challengers Bengaluru,Kochi Tuskers Kerala,"DY Patil Stadium, Mumbai",0.6,0.4,0.19999999999999996,0.4166666666666667,0.25,0.16666666666666669,0.5,2,0.5,0.0,124.28571428571429,130.75,112.91666666666667,157.53012048192772,140.26915113871635,17.83333333333333,143.08333333333334,129.33333333333334,10.0,9.916666666666666,-0.6060313082052513,0,0,1
56,2008,Punjab Kings,Delhi Capitals,"DY Patil Stadium, Mumbai",0.2,0.8,-0.6000000000000001,0.5,0.75,-0.25,0.5,2,0.0,0.5,121.75,136.375,116.375,157.09143268538517,143.01075268817206,20.0,118.5,139.75,9.9375,9.875,-0.5046450432222596,0,1,0
57,2008,Punjab Kings,Mumbai Indians,"M. A. Chidambaram Stadium, Chennai",0.2,0.8,-0.6000000000000001,0.47058823529411764,0.5454545454545454,-0.07486631016042777,0.0,3,1.0,1.0,119.5,132.7058823529412,129.54545454545453,156.2326869806094,158.50945494994437,3.1604278074866556,120.29411764705883,127.45454545454545,9.941176470588236,10.0,-0.04678467618145632,0,1,0
59,2008,Chennai Super Kings,Kochi Tuskers Kerala,"Wankhede Stadium, Mumbai",0.6,0.4,0.19999999999999996,0.5833333333333334,0.23076923076923078,0.3525641025641026,0.5,1,1.0,0.0,107.0,131.5,108.92307692307692,153.20388349514562,139.2330383480826,22.57692307692308,126.08333333333333,127.38461538461539,10.0,9.923076923076923,-0.32273744803325854,1,0,1
60,2009,Kolkata Knight Riders,Mumbai Indians,"Ekana Cricket Stadium, Lucknow",0.2,1.0,-0.8,0.5333333333333333,0.5833333333333334,-0.050000000000000044,0.5,1,0.5,1.0,135.0,111.86666666666666,130.5,145.91304347826087,160.94552929085305,-18.63333333333334,128.8,125.66666666666667,9.666666666666666,10.0,-0.21108679670671826,1,1,1
62,2009,Punjab Kings,Sunrisers Hyderabad,"Brabourne Stadium, Mumbai",0.2,0.2,0.0,0.4444444444444444,0.42857142857142855,0.015873015873015872,0.3333333333333333,3,0.0,0.0,116.0,131.22222222222223,137.21428571428572,155.4970375246873,148.45440494590417,-5.992063492063494,121.44444444444444,106.14285714285714,9.944444444444445,10.0,0.5602707736211414,1,1,1
61,2009,Rajasthan Royals,Delhi Capitals,"Eden Gardens, Kolkata",0.6,0.8,-0.20000000000000007,0.6,0.7777777777777778,-0.1777777777777778,0.5,0,0.5,0.5,121.0,128.3,120.0,154.39229843561975,146.73913043478262,8.300000000000011,130.6,132.44444444444446,9.6,9.88888888888889,-0.5960640666523034,1,1,0
63,2009,Delhi Capitals,Punjab Kings,"DY Patil Stadium, Mumbai",0.8,0.4,0.4,0.8,0.47368421052631576,0.3263157894736843,0.6666666666666666,3,1.0,0.0,116.44444444444444,121.9,134.52631578947367,146.5144230769231,155.94874923733983,-12.626315789473665,130.4,120.36842105263158,9.9,9.947368421052632,0.2689356477850158,1,0,1
64,2009,Punjab Kings,Delhi Capitals,"DY Patil Stadium, Mumbai",0.4,0.8,-0.4,0.45,0.8181818181818182,-0.3681818181818182,0.25,4,0.0,1.0,113.1,138.3,118.36363636363636,157.87671232876713,145.3125,19.93636363636365,118.5,137.63636363636363,9.95,9.909090909090908,-0.5294268719887416,1,0,1
68,2009,Sunrisers Hyderabad,Kolkata Knight Riders,"M. A. Chidambaram Stadium, Chennai",0.2,0.4,-0.2,0.4,0.5625,-0.16249999999999998,0.25,4,0.0,0.0,115.0,134.8,116.0625,147.4835886214442,147.85031847133757,18.73750000000001,112.0,128.125,9.866666666666667,9.6875,-0.13958743139627572,0,0,0
65,2009,Sunrisers Hyderabad,Kochi Tuskers Kerala,"Punjab Cricket Association Stadium, Mohali",0.2,0.4,-0.2,0.375,0.21428571428571427,0.16071428571428573,0.5,2,0.5,0.5,121.66666666666667,137.25,115.0,148.8813559322034,141.60070360598064,22.25,110.9375,125.35714285714286,9.875,9.928571428571429,-0.707276787192324,0,0,0
71,2009,Chennai Super Kings,Kolkata Knight Riders,"Rajiv Gandhi Intl. Cricket Stadium, Hyderabad",0.8,0.6,0.20000000000000007,0.6153846153846154,0.5882352941176471,0.02714932126696834,0.6666666666666666,3,0.0,0.5,89.0,129.0,114.82352941176471,154.5622119815668,146.54654654654655,14.17647058823529,131.30769230769232,130.8235294117647,9.846153846153847,9.705882352941176,0.08568426167696863,1,1,1
72,2009,Chennai Super Kings,Kolkata Knight Riders,"Arun Jaitley Stadium, Delhi",1.0,0.4,0.6,0.6428571428571429,0.5555555555555556,0.08730158730158732,0.75,4,0.5,0.5,127.75,123.92857142857143,117.55555555555556,152.99823633156967,145.73002754820936,6.3730158730158735,133.64285714285714,126.77777777777777,9.785714285714286,9.722222222222221,0.05889863972189424,0,1,1
74,2009,Kochi Tuskers Kerala,Sunrisers Hyderabad,"Rajiv Gandhi Intl. Cricket Stadium, Hyderabad",0.4,0.2,0.2,0.26666666666666666,0.35294117647058826,-0.0862745098039216,0.3333333333333333,3,0.5,0.0,78.66666666666667,117.6,135.0,142.02898550724638,147.30423620025675,-17.400000000000006,123.6,113.47058823529412,9.933333333333334,9.882352941176471,0.5437839500880131,1,0,0
67,2009,Kolkata Knight Riders,Delhi Capitals,"Himachal Pradesh Cricket Association Stadium, Dharamsala",0.4,0.8,-0.4,0.5263157894736842,0.75,-0.22368421052631582,0.5,1,0.5,0.5,96.0,116.05263157894737,117.58333333333333,145.16129032258064,148.52631578947367,-1.5307017543859587,125.42105263157895,140.5,9.736842105263158,9.916666666666666,-0.6062191747508017,0,0,0
75,2009,Chennai Super Kings,Mumbai Indians,"Eden Gardens, Kolkata",1.0,0.8,0.19999999999999996,0.6666666666666666,0.5384615384615384,0.1282051282051282,0.5,2,0.5,0.5,116.5,122.4,129.53846153846155,152.61845386533665,160.53384175405148,-7.1384615384615415,130.66666666666666,129.76923076923077,9.8,10.0,-0.2667363797971358,0,1,0
77,2009,Kolkata Knight Riders,Rajasthan Royals,"DY Patil Stadium, Mumbai",0.4,0.6,-0.19999999999999996,0.5,0.5454545454545454,-0.045454545454545414,0.5,4,0.0,1.0,118.45454545454545,114.45,126.81818181818181,144.873417721519,154.8279689234184,-12.36818181818181,126.45,131.36363636363637,9.75,9.636363636363637,0.09999518675394725,1,1,1
69,2009,Kochi Tuskers Kerala,Mumbai Indians,"M. A. Chidambaram Stadium, Chennai",0.2,0.8,-0.6000000000000001,0.25,0.5714285714285714,-0.3214285714285714,0.5,1,0.5,1.0,129.75,118.1875,127.28571428571429,143.69300911854103,158.96520963425513,-9.098214285714292,125.3125,127.42857142857143,9.9375,10.0,0.11624288348157386,1,0,0
78,2009,Kochi Tuskers Kerala,Sunrisers Hyderabad,"Arun Jaitley Stadium, Delhi",0.2,0.4,-0.2,0.25,0.3888888888888889,-0.1388888888888889,0.25,4,1.0,0.5,122.4,118.1875,135.88888888888889,143.69300911854103,148.9646772228989,-17.701388888888886,125.3125,114.22222222222223,9.9375,9.88888888888889,0.5597410162500918,1,0,0
66,2009,Kolkata Knight Riders,Kochi Tuskers Kerala,"Ekana Cricket Stadium, Lucknow",0.4,0.2,0.2,0.5238095238095238,0.25,0.27380952380952384,0.5,1,1.0,0.5,149.66666666666666,113.0952380952381,118.1875,145.8845208845209,143.69300911854103,-5.092261904761898,129.1904761904762,125.3125,9.761904761904763,9.9375,-0.4052866582396337,0,0,1
79,2009,Rajasthan Royals,Kolkata Knight Riders,"Sawai Mansingh Stadium, Jaipur",0.6,0.4,0.19999999999999996,0.5,0.5454545454545454,-0.045454545454545414,0.4,5,0.5,1.0,122.66666666666667,131.58333333333334,111.5,155.10805500982318,145.23386619301363,20.083333333333343,127.58333333333333,132.27272727272728,9.666666666666666,9.772727272727273,-0.15321847205877148,1,1,0
81,2009,Sunrisers Hyderabad,Kochi Tuskers Kerala,"Punjab Cricket Association Stadium, Mohali",0.4,0.2,0.2,0.42105263157894735,0.21052631578947367,0.21052631578947367,0.8,5,0.0,1.0,116.0,136.52631578947367,122.73684210526316,149.33793897524467,147.68841038632047,13.789473684210506,113.0,124.84210526315789,9.894736842105264,9.947368421052632,-0.6236734985360268,1,0,0
82,2009,Mumbai Indians,Rajasthan Royals,"Ekana Cricket Stadium, Lucknow",0.8,0.4,0.4,0.6,0.46153846153846156,0.1384615384615384,0.5,1,0.5,0.5,131.75,128.2,132.07692307692307,159.85037406483792,154.82416591523895,-3.8769230769230774,129.13333333333333,123.76923076923077,10.0,9.692307692307692,0.5531385759763534,1,0,1
73,2009,Mumbai Indians,Sunrisers Hyderabad,"Narendra Modi Stadium, Ahmedabad",0.8,0.4,0.4,0.625,0.4,0.22499999999999998,0.5,1,0.0,0.5,114.75,132.875,137.3,161.5501519756839,149.89082969432314,-4.425000000000011,131.8125,111.9,10.0,9.9,0.7165899639184428,1,0,1
89,2009,Kochi Tuskers Kerala,Royal Challengers Bengaluru,"Sawai Mansingh Stadium, Jaipur",0.2,0.6,-0.39999999999999997,0.25,0.46153846153846156,-0.21153846153846156,0.3333333333333333,3,0.0,0.5,126.5,121.15,128.69230769230768,147.7439024390244,154.9074074074074,-7.5423076923076735,126.2,136.76923076923077,9.95,10.0,0.5166246670026631,1,1,1
70,2009,Kochi Tuskers Kerala,Delhi Capitals,"Sawai Mansingh Stadium, Jaipur",0.4,0.8,-0.4,0.2857142857142857,0.7692307692307693,-0.4835164835164836,0.5,2,0.5,1.0,110.6,117.61904761904762,119.76923076923077,146.50059311981022,148.14462416745957,-2.150183150183153,127.47619047619048,136.15384615384616,9.952380952380953,9.923076923076923,-0.08409968395245926,0,0,0
76,2009,Kolkata Knight Riders,Punjab Kings,"Punjab Cricket Association Stadium, Mohali",0.6,0.4,0.19999999999999996,0.5652173913043478,0.47619047619047616,0.08902691511387162,0.5,1,0.5,0.5,123.2,110.04347826086956,139.9047619047619,144.62857142857143,157.11229946524062,-29.861283643892335,132.52173913043478,118.04761904761905,9.782608695652174,9.952380952380953,-0.15478786695612357,0,0,1
103,2009,Rajasthan Royals,Royal Challengers Bengaluru,"DY Patil Stadium, Mumbai",0.2,0.4,-0.2,0.42857142857142855,0.42857142857142855,0.0,0.5,2,0.6666666666666666,1.0,115.75,134.92857142857142,130.42857142857142,155.85808580858085,155.935098206661,4.5,129.42857142857142,130.35714285714286,9.714285714285714,10.0,0.2849251247920126,1,0,0
105,2009,Sunrisers Hyderabad,Rajasthan Royals,"Holkar Cricket Stadium, Indore",0.4,0.0,0.4,0.38095238095238093,0.4,-0.01904761904761909,0.5,0,0.5,0.5,133.0,136.28571428571428,136.06666666666666,150.86979441222982,155.9205500381971,0.21904761904761472,110.95238095238095,126.53333333333333,9.904761904761905,9.733333333333333,-0.22715896722758977,0,0,0
106,2009,Kochi Tuskers Kerala,Chennai Super Kings,"Eden Gardens, Kolkata",0.4,0.8,-0.4,0.2727272727272727,0.625,-0.3522727272727273,0.5,2,0.5,0.0,110.0,115.9090909090909,120.8125,145.54794520547944,153.04829770387965,-4.9034090909090935,126.0,128.625,9.954545454545455,9.8125,0.3879929652871983,0,0,1
83,2009,Punjab Kings,Kochi Tuskers Kerala,"M. A. Chidambaram Stadium, Chennai",0.4,0.4,0.0,0.45454545454545453,0.2727272727272727,0.18181818181818182,0.5,1,0.5,0.0,134.4,138.86363636363637,115.9090909090909,157.31204943357363,145.54794520547944,22.954545454545467,118.04545454545455,126.0,9.954545454545455,9.954545454545455,-0.12994960117465126,0,0,1
109,2009,Rajasthan Royals,Punjab Kings,"M. A. Chidambaram Stadium, Chennai",0.2,0.6,-0.39999999999999997,0.4375,0.4782608695652174,-0.040760869565217406,0.5,0,0.5,0.6666666666666666,126.33333333333333,138.875,136.56521739130434,156.03932584269663,157.4436090225564,2.309782608695656,126.0625,120.04347826086956,9.75,9.956521739130435,-0.21423354400190675,1,1,1
86,2009,Kochi Tuskers Kerala,Mumbai Indians,"M. Chinnaswamy Stadium, Bengaluru",0.6,0.8,-0.20000000000000007,0.2916666666666667,0.6470588235294118,-0.3553921568627451,0.5,2,0.0,0.3333333333333333,117.0,118.45833333333333,130.47058823529412,147.15320910973085,160.95791001451377,-12.012254901960787,124.875,130.88235294117646,9.958333333333334,10.0,-0.17109722905321334,1,0,0
114,2009,Chennai Super Kings,Kolkata Knight Riders,"Ekana Cricket Stadium, Lucknow",0.6,0.8,-0.20000000000000007,0.5882352941176471,0.5833333333333334,0.004901960784313708,0.8,5,0.0,1.0,146.0,121.88235294117646,110.375,153.59525574499628,144.281045751634,11.507352941176464,128.64705882352942,131.875,9.823529411764707,9.791666666666666,-0.12461283622117669,1,0,0
80,2009,Royal Challengers Bengaluru,Rajasthan Royals,"Ekana Cricket Stadium, Lucknow",0.6,0.4,0.19999999999999996,0.4666666666666667,0.47058823529411764,-0.0039215686274509665,0.3333333333333333,3,0.0,0.0,134.5,127.46666666666667,141.2941176470588,154.56750202101858,155.5699481865285,-13.827450980392143,131.8,128.11764705882354,10.0,9.764705882352942,-0.2813856166229396,0,0,1
90,2009,Mumbai Indians,Rajasthan Royals,"Brabourne Stadium, Mumbai",1.0,0.4,0.6,0.6666666666666666,0.47058823529411764,0.196078431372549,0.5,2,0.5,1.0,127.14285714285714,132.11111111111111,141.2941176470588,160.24258760107816,155.5699481865285,-9.183006535947698,135.61111111111111,128.11764705882354,10.0,9.764705882352942,0.5669597138778588,0,1,1
91,2009,Sunrisers Hyderabad,Punjab Kings,"Punjab Cricket Association Stadium, Mohali",0.4,0.4,0.0,0.36363636363636365,0.4583333333333333,-0.09469696969696967,0.5,4,0.0,0.0,122.33333333333333,135.5,137.58333333333334,151.08971109984793,158.06606031594063,-2.083333333333343,114.13636363636364,122.54166666666667,9.909090909090908,9.875,-0.4047741798663207,1,1,0
92,2009,Delhi Capitals,Kochi Tuskers Kerala,"Brabourne Stadium, Mumbai",0.8,0.4,0.4,0.7857142857142857,0.28,0.5057142857142857,1.0,3,1.0,0.5,126.625,118.0,122.36,146.3241806908769,149.43820224719101,-4.359999999999999,132.14285714285714,126.28,9.928571428571429,9.96,0.03936668309512115,0,1,1
84,2009,Punjab Kings,Kochi Tuskers Kerala,"Arun Jaitley Stadium, Delhi",0.6,0.2,0.39999999999999997,0.48,0.2692307692307692,0.21076923076923076,0.5,2,0.5,0.5,117.16666666666667,135.2,122.07692307692308,156.99024616813747,149.50541686292982,13.123076923076908,121.2,125.42307692307692,9.88,9.961538461538462,-0.19422532019405736,0,1,1
97,2009,Delhi Capitals,Mumbai Indians,"Arun Jaitley Stadium, Delhi",0.8,1.0,-0.19999999999999996,0.8,0.6842105263157895,0.11578947368421055,0.5,2,0.0,1.0,120.85714285714286,117.06666666666666,131.6315789473684,147.19195305951382,160.42334830019243,-14.564912280701748,131.0,132.10526315789474,9.933333333333334,10.0,-0.2658603377453215,0,0,1
85,2009,Punjab Kings,Mumbai Indians,"DY Patil Stadium, Mumbai",0.6,0.8,-0.20000000000000007,0.5,0.65,-0.15000000000000002,0.0,4,0.2,0.5,118.53846153846153,135.5,131.15,156.57777777777778,160.0366076876144,4.349999999999994,123.46153846153847,128.3,9.73076923076923,10.0,-0.42337705109613033,0,0,1
100,2009,Delhi Capitals,Rajasthan Royals,"DY Patil Stadium, Mumbai",0.8,0.4,0.4,0.8125,0.42105263157894735,0.39144736842105265,0.5,1,0.6666666666666666,0.5,125.0,113.25,136.1578947368421,146.48342764753434,155.46875,-22.90789473684211,130.4375,127.36842105263158,9.9375,9.789473684210526,0.22989852994912496,0,0,0
87,2009,Kolkata Knight Riders,Royal Challengers Bengaluru,"Arun Jaitley Stadium, Delhi",1.0,0.8,0.19999999999999996,0.6,0.5,0.09999999999999998,0.5,0,0.0,0.5,112.75,113.16,126.9375,146.0505937016004,154.21412300683372,-13.777500000000003,129.68,130.8125,9.8,10.0,0.2313382012424423,1,0,1
88,2009,Chennai Super Kings,Royal Challengers Bengaluru,"Punjab Cricket Association Stadium, Mohali",0.4,0.6,-0.19999999999999996,0.5555555555555556,0.47058823529411764,0.08496732026143794,0.5,1,0.5,0.0,117.57142857142857,119.38888888888889,127.82352941176471,152.7363184079602,153.89518413597733,-8.434640522875824,131.5,132.11764705882354,9.833333333333334,10.0,0.15574468410709308,0,0,1
104,2009,Royal Challengers Bengaluru,Chennai Super Kings,"Maharashtra Cricket Association Stadium, Pune",0.4,0.4,0.0,0.4444444444444444,0.5789473684210527,-0.13450292397660824,0.5,2,0.5,0.5,157.66666666666666,127.22222222222223,123.36842105263158,153.58819584171698,153.50360183366075,3.8538011695906533,135.61111111111111,130.73684210526315,9.944444444444445,9.842105263157896,-0.08596099359887255,0,0,1
93,2009,Chennai Super Kings,Kochi Tuskers Kerala,"M. A. Chidambaram Stadium, Chennai",0.2,0.2,0.0,0.55,0.25925925925925924,0.2907407407407408,0.6666666666666666,3,0.5,0.0,134.0,127.95,124.22222222222223,155.37340619307832,149.5318769505127,3.7277777777777743,129.15,126.07407407407408,9.85,9.962962962962964,-0.23095697472506238,0,1,0
110,2009,Sunrisers Hyderabad,Royal Challengers Bengaluru,"Sawai Mansingh Stadium, Jaipur",0.2,0.6,-0.39999999999999997,0.34782608695652173,0.47368421052631576,-0.12585812356979403,0.3333333333333333,3,0.5,0.3333333333333333,105.5,133.47826086956522,125.73684210526316,150.3428011753183,153.63344051446944,7.741418764302054,112.56521739130434,139.78947368421052,9.91304347826087,9.894736842105264,-0.3753016754590881,0,0,0
111,2009,Chennai Super Kings,Kochi Tuskers Kerala,"Ekana Cricket Stadium, Lucknow",0.2,0.2,0.0,0.5238095238095238,0.2857142857142857,0.23809523809523814,0.5,4,0.0,0.0,132.28571428571428,129.85714285714286,123.60714285714286,155.4732041049031,149.3097497842968,6.25,128.0952380952381,127.57142857142857,9.857142857142858,9.964285714285714,-0.25791834939774105,0,1,0
94,2009,Kochi Tuskers Kerala,Rajasthan Royals,"Rajiv Gandhi Intl. Cricket Stadium, Hyderabad",0.2,0.6,-0.39999999999999997,0.2857142857142857,0.45,-0.1642857142857143,0.5,2,0.0,0.5,90.75,123.60714285714286,134.75,149.3097497842968,153.56125356125355,-11.142857142857139,127.57142857142857,126.4,9.964285714285714,9.8,0.29648221791740603,0,1,0
95,2009,Delhi Capitals,Kochi Tuskers Kerala,"Holkar Cricket Stadium, Indore",0.8,0.4,0.4,0.7647058823529411,0.3,0.46470588235294114,1.0,4,0.5,0.5,128.33333333333334,112.94117647058823,123.03333333333333,145.12471655328798,148.8306451612903,-10.0921568627451,129.11764705882354,126.4,9.941176470588236,9.966666666666667,-0.13654718013859224,1,1,1
96,2009,Chennai Super Kings,Punjab Kings,"M. A. Chidambaram Stadium, Chennai",0.2,0.8,-0.6000000000000001,0.5,0.5185185185185185,-0.01851851851851849,0.3333333333333333,3,0.0,0.5,138.25,126.77272727272727,138.22222222222223,155.2031163049527,157.46835443037975,-11.449494949494962,129.22727272727272,125.18518518518519,9.863636363636363,9.74074074074074,-0.15023168388825248,1,0,1
115,2009,Royal Challengers Bengaluru,Sunrisers Hyderabad,"Narendra Modi Stadium, Ahmedabad",0.6,0.0,0.6,0.5,0.3333333333333333,0.16666666666666669,0.75,4,0.0,0.3333333333333333,110.2,127.45,133.58333333333334,153.7394451145959,150.3047351148617,-6.13333333333334,139.6,114.54166666666667,9.9,9.916666666666666,0.3361811812710336,1,1,0
98,2009,Royal Challengers Bengaluru,Sunrisers Hyderabad,"M. A. Chidambaram Stadium, Chennai",0.4,0.2,0.2,0.47619047619047616,0.36,0.11619047619047618,0.6,5,0.5,0.0,137.55555555555554,125.19047619047619,133.6,154.01288810779147,149.5076096687556,-8.409523809523805,139.33333333333334,113.16,9.904761904761905,9.92,0.2502097158350427,0,1,1
99,2009,Rajasthan Royals,Kochi Tuskers Kerala,"Arun Jaitley Stadium, Delhi",0.6,0.4,0.19999999999999996,0.47619047619047616,0.2903225806451613,0.18586789554531485,0.6666666666666666,3,0.0,0.3333333333333333,117.22222222222223,135.85714285714286,125.93548387096774,154.13290113452186,150.21161985378993,9.921658986175117,124.04761904761905,124.48387096774194,9.80952380952381,9.96774193548387,-0.3169165506433238,1,0,0
101,2009,Chennai Super Kings,Kolkata Knight Riders,"Sawai Mansingh Stadium, Jaipur",0.4,1.0,-0.6,0.5217391304347826,0.6153846153846154,-0.09364548494983282,0.6666666666666666,6,0.0,1.0,109.85714285714286,127.0,114.6923076923077,154.9602122015915,147.25925925925927,12.307692307692307,128.1304347826087,130.15384615384616,9.869565217391305,9.807692307692308,0.009889272310360298,0,0,0
102,2009,Mumbai Indians,Sunrisers Hyderabad,"Maharashtra Cricket Association Stadium, Pune",0.6,0.2,0.39999999999999997,0.6190476190476191,0.34615384615384615,0.2728937728937729,0.5,2,0.5,1.0,143.0,133.0,135.23076923076923,161.0726643598616,150.83655083655083,-2.2307692307692264,132.14285714285714,114.38461538461539,9.857142857142858,9.923076923076923,0.8526672540445279,0,0,0
107,2009,Kochi Tuskers Kerala,Delhi Capitals,"DY Patil Stadium, Mumbai",0.6,0.8,-0.20000000000000007,0.3125,0.7777777777777778,-0.4652777777777778,0.0,5,0.0,0.5,123.86666666666666,125.46875,110.38888888888889,149.86935423665545,144.61426491994177,15.079861111111114,123.84375,133.77777777777777,9.96875,9.944444444444445,-0.05111488398415531,0,0,0
108,2009,Kochi Tuskers Kerala,Mumbai Indians,"Ekana Cricket Stadium, Lucknow",0.4,0.4,0.0,0.30303030303030304,0.5909090909090909,-0.2878787878787879,0.3333333333333333,3,0.5,0.6666666666666666,123.5,124.72727272727273,132.8181818181818,149.4553376906318,161.8836565096953,-8.09090909090908,122.78787878787878,132.27272727272728,9.969696969696969,9.863636363636363,-0.4368043431163908,0,1,0
112,2009,Chennai Super Kings,Delhi Capitals,"Narendra Modi Stadium, Ahmedabad",0.2,0.8,-0.6000000000000001,0.5,0.7894736842105263,-0.2894736842105263,0.5,0,0.5,0.5,105.16666666666667,125.83333333333333,109.26315789473684,155.03080082135523,145.27641707487754,16.570175438596493,128.70833333333334,132.05263157894737,9.875,9.947368421052632,-0.22302439024390353,0,1,1
113,2009,Chennai Super Kings,Kolkata Knight Riders,"DY Patil Stadium, Mumbai",0.4,1.0,-0.6,0.52,0.6296296296296297,-0.10962962962962963,0.5714285714285714,7,1.0,0.25,122.4375,126.88,115.70370370370371,156.0255779636006,146.7355565993424,11.176296296296286,128.24,129.0,9.88,9.814814814814815,-0.05933895089058083,1,1,0
116,2010,Mumbai Indians,Royal Challengers Bengaluru,"Arun Jaitley Stadium, Delhi",0.4,0.6,-0.19999999999999996,0.6086956521739131,0.5,0.10869565217391308,0.5,0,0.6666666666666666,0.0,115.9,132.2173913043478,126.0909090909091,160.89947089947088,153.09050772626932,6.12648221343872,132.2173913043478,141.0,9.869565217391305,9.909090909090908,0.5227410842129796,1,0,1
119,2010,Chennai Super Kings,Delhi Capitals,"Ekana Cricket Stadium, Lucknow",0.4,0.6,-0.19999999999999996,0.5,0.75,-0.25,0.5,1,0.0,0.5,124.33333333333333,124.26923076923077,109.65,155.4112554112554,145.2317880794702,14.619230769230768,129.42307692307693,133.05,9.884615384615385,9.95,-0.28708863148458263,1,1,1
117,2010,Delhi Capitals,Chennai Super Kings,"Punjab Cricket Association Stadium, Mohali",0.6,0.4,0.19999999999999996,0.75,0.5,0.25,0.5,1,1.0,1.0,127.25,109.65,124.26923076923077,145.2317880794702,155.4112554112554,-14.619230769230768,133.05,129.42307692307693,9.95,9.884615384615385,0.28708863148458263,1,1,0
118,2010,Kochi Tuskers Kerala,Mumbai Indians,"Wankhede Stadium, Mumbai",0.2,0.4,-0.2,0.29411764705882354,0.625,-0.33088235294117646,0.25,4,0.0,0.5,105.85714285714286,124.91176470588235,133.45833333333334,149.27943760984184,160.79317269076304,-8.546568627450995,122.67647058823529,130.5,9.970588235294118,9.875,-0.37036380827448667,0,0,0
121,2010,Punjab Kings,Kochi Tuskers Kerala,"Maharashtra Cricket Association Stadium, Pune",0.6,0.2,0.39999999999999997,0.5,0.2857142857142857,0.2142857142857143,1.0,3,1.0,0.0,140.2,137.0,123.6,157.60065735414955,149.01825697554253,13.400000000000006,125.42857142857143,123.25714285714285,9.75,9.971428571428572,-0.08163910234796212,0,0,0
122,2010,Delhi Capitals,Rajasthan Royals,"Rajiv Gandhi Intl. Cricket Stadium, Hyderabad",0.4,0.4,0.0,0.6818181818181818,0.45454545454545453,0.22727272727272724,0.5,2,0.5,1.0,88.0,113.18181818181819,134.4090909090909,146.98937426210153,153.29186106791084,-21.22727272727272,134.36363636363637,123.45454545454545,9.954545454545455,9.818181818181818,0.30276131061382117,0,1,1
123,2010,Delhi Capitals,Royal Challengers Bengaluru,"Narendra Modi Stadium, Ahmedabad",0.4,0.6,-0.19999999999999996,0.6956521739130435,0.4782608695652174,0.21739130434782605,0.5,1,0.0,0.0,111.85714285714286,115.65217391304348,124.56521739130434,147.61376248612652,152.63718700053278,-8.91304347826086,133.8695652173913,141.91304347826087,9.956521739130435,9.91304347826087,0.08628366439404722,0,1,1
124,2010,Rajasthan Royals,Sunrisers Hyderabad,"Rajiv Gandhi Intl. Cricket Stadium, Hyderabad",0.4,0.4,0.0,0.43478260869565216,0.37037037037037035,0.06441223832528181,0.5,1,0.5,0.5,101.66666666666667,133.91304347826087,135.22222222222223,153.0054644808743,152.18841183826595,-1.309178743961354,125.47826086956522,114.92592592592592,9.826086956521738,9.925925925925926,0.14179489001812406,1,1,0
125,2010,Chennai Super Kings,Rajasthan Royals,"Ekana Cricket Stadium, Lucknow",0.6,0.4,0.19999999999999996,0.5357142857142857,0.4166666666666667,0.11904761904761901,0.5,1,0.25,0.0,127.8,125.92857142857143,131.875,154.44590451160752,151.87140115163146,-5.946428571428569,130.78571428571428,123.08333333333333,9.892857142857142,9.833333333333334,0.1420982427287747,0,1,0
120,2010,Punjab Kings,Rajasthan Royals,"Punjab Cricket Association Stadium, Mohali",0.6,0.4,0.19999999999999996,0.4827586206896552,0.44,0.04275862068965519,0.5,1,0.5,0.5,128.55555555555554,136.0,131.48,157.82312925170066,152.4582560296846,4.52000000000001,123.62068965517241,125.44,9.758620689655173,9.76,0.18113946388464974,0,1,0
128,2010,Delhi Capitals,Chennai Super Kings,"Maharashtra Cricket Association Stadium, Pune",0.4,0.6,-0.19999999999999996,0.7083333333333334,0.5172413793103449,0.1910919540229885,0.0,3,1.0,0.0,134.83333333333334,117.08333333333333,127.86206896551724,148.20675105485233,154.30711610486892,-10.77873563218391,132.875,130.48275862068965,9.958333333333334,9.89655172413793,0.08769183569590844,1,1,0
131,2010,Mumbai Indians,Kolkata Knight Riders,"Arun Jaitley Stadium, Delhi",0.6,1.0,-0.4,0.64,0.6428571428571429,-0.0028571428571428914,0.5,2,0.75,0.5,120.0909090909091,133.84,117.25,161.3307618129219,147.28577837595333,16.590000000000003,128.44,126.5,9.88,9.821428571428571,0.5214847749144411,1,0,1
133,2010,Mumbai Indians,Kochi Tuskers Kerala,"Maharashtra Cricket Association Stadium, Pune",0.8,0.4,0.4,0.6538461538461539,0.3055555555555556,0.3482905982905983,0.8,5,0.0,0.25,144.71428571428572,132.92307692307693,122.19444444444444,161.2692487167522,148.3142279163857,10.728632478632491,127.34615384615384,122.83333333333333,9.884615384615385,9.972222222222221,0.26641886030693307,0,0,1
126,2010,Royal Challengers Bengaluru,Rajasthan Royals,"Brabourne Stadium, Mumbai",0.4,0.4,0.0,0.4583333333333333,0.46153846153846156,-0.0032051282051282493,0.5,4,0.5,0.6666666666666666,124.11111111111111,123.95833333333333,131.5,152.17391304347828,152.56581883087907,-7.541666666666671,142.25,123.84615384615384,9.916666666666666,9.76923076923077,0.21222213906144738,0,0,1
137,2010,Royal Challengers Bengaluru,Kolkata Knight Riders,"M. A. Chidambaram Stadium, Chennai",0.4,0.8,-0.4,0.48,0.6206896551724138,-0.14068965517241383,0.5,1,1.0,0.5,138.3,121.88,116.65517241379311,151.21588089330024,147.4716652136007,5.224827586206885,141.28,125.93103448275862,9.92,9.827586206896552,0.0888351821865605,0,1,1
142,2010,Sunrisers Hyderabad,Royal Challengers Bengaluru,"Wankhede Stadium, Mumbai",0.6,0.6,0.0,0.39285714285714285,0.5,-0.10714285714285715,0.3333333333333333,6,0.0,0.5,102.5,132.82142857142858,121.57692307692308,151.6721044045677,151.82516810758887,11.244505494505503,113.85714285714286,139.92307692307693,9.928571428571429,9.923076923076923,-0.3462207589672488,0,0,0
144,2010,Rajasthan Royals,Royal Challengers Bengaluru,"Rajiv Gandhi Intl. Cricket Stadium, Hyderabad",0.4,0.6,-0.19999999999999996,0.4444444444444444,0.5185185185185185,-0.07407407407407407,0.4,5,0.3333333333333333,0.5,99.28571428571429,131.0,122.03703703703704,152.32558139534885,151.2855831037649,8.962962962962962,121.92592592592592,138.2962962962963,9.777777777777779,9.925925925925926,-0.19734593082522167,1,0,1
147,2010,Kolkata Knight Riders,Royal Challengers Bengaluru,"Eden Gardens, Kolkata",0.6,0.6,0.0,0.6,0.5,0.09999999999999998,0.5,2,1.0,0.5,114.75,116.3,120.75,147.27733220768258,150.40035587188612,-4.450000000000003,125.53333333333333,137.78571428571428,9.833333333333334,9.928571428571429,0.004891824912958143,0,1,1
132,2010,Punjab Kings,Royal Challengers Bengaluru,"Eden Gardens, Kolkata",0.4,0.6,-0.19999999999999996,0.4666666666666667,0.4827586206896552,-0.01609195402298852,0.6666666666666666,3,0.5,0.0,126.4,134.26666666666668,121.27586206896552,157.65166340508807,151.59482758620692,12.990804597701157,123.9,139.0,9.766666666666667,9.89655172413793,0.0725868461814283,1,0,1
127,2010,Royal Challengers Bengaluru,Mumbai Indians,"M. A. Chidambaram Stadium, Chennai",0.4,1.0,-0.6,0.4666666666666667,0.6666666666666666,-0.19999999999999996,0.5,1,1.0,1.0,136.0909090909091,118.56666666666666,132.5185185185185,150.6565014824227,161.68097605061,-13.951851851851842,138.33333333333334,126.62962962962963,9.9,9.88888888888889,-0.3726700829789156,1,0,1
134,2010,Chennai Super Kings,Punjab Kings,"Wankhede Stadium, Mumbai",0.6,0.4,0.19999999999999996,0.5333333333333333,0.4838709677419355,0.04946236559139783,0.5,4,1.0,0.5,101.77777777777777,128.8,133.7741935483871,155.18072289156626,157.26204019719378,-4.974193548387092,132.93333333333334,121.19354838709677,9.9,9.774193548387096,0.1417577383679074,1,0,0
155,2010,Chennai Super Kings,Delhi Capitals,"Himachal Pradesh Cricket Association Stadium, Dharamsala",0.6,0.4,0.19999999999999996,0.5161290322580645,0.68,-0.16387096774193555,1.0,4,1.0,1.0,90.0,126.90322580645162,120.56,153.01439128743678,150.77538769384694,6.343225806451613,134.80645161290323,133.8,9.903225806451612,9.96,0.04587653299593697,1,1,1
129,2010,Kochi Tuskers Kerala,Punjab Kings,"Punjab Cricket Association Stadium, Mohali",0.2,0.4,-0.2,0.2972972972972973,0.5,-0.2027027027027027,0.25,4,1.0,0.3333333333333333,124.1,121.8108108108108,135.5625,147.14332353901403,158.55263157894737,-13.751689189189193,122.8108108108108,119.59375,9.972972972972974,9.78125,0.35755914022498203,0,0,1
156,2010,Kochi Tuskers Kerala,Mumbai Indians,"Maharashtra Cricket Association Stadium, Pune",0.4,0.8,-0.4,0.3157894736842105,0.6428571428571429,-0.3270676691729324,0.16666666666666666,6,0.2,0.5,141.875,120.76315789473684,131.10714285714286,146.848,161.07942079859586,-10.343984962406026,121.60526315789474,126.35714285714286,9.973684210526315,9.892857142857142,-0.14811426293076124,1,0,1
130,2010,Chennai Super Kings,Rajasthan Royals,"DY Patil Stadium, Mumbai",0.6,0.6,0.0,0.53125,0.4642857142857143,0.0669642857142857,0.5,2,0.6666666666666666,0.6,118.70588235294117,127.34375,130.75,153.36846066992848,152.03488372093022,-3.40625,134.46875,120.64285714285714,9.90625,9.785714285714286,0.5047057870072411,0,0,1
139,2010,Kochi Tuskers Kerala,Sunrisers Hyderabad,"DY Patil Stadium, Mumbai",0.6,0.6,0.0,0.3333333333333333,0.3793103448275862,-0.04597701149425287,0.3333333333333333,6,0.0,1.0,118.83333333333333,123.71794871794872,131.55172413793105,148.69029275808936,151.26883425852498,-7.833775419982331,121.41025641025641,114.55172413793103,9.974358974358974,9.931034482758621,0.4293416982648868,0,1,1
162,2010,Kochi Tuskers Kerala,Sunrisers Hyderabad,"DY Patil Stadium, Mumbai",0.6,0.6,0.0,0.3333333333333333,0.3793103448275862,-0.04597701149425287,0.3333333333333333,6,0.0,1.0,118.83333333333333,123.71794871794872,131.55172413793105,148.69029275808936,151.26883425852498,-7.833775419982331,121.41025641025641,114.55172413793103,9.974358974358974,9.931034482758621,0.4293416982648868,1,1,0
163,2010,Mumbai Indians,Kolkata Knight Riders,"Maharashtra Cricket Association Stadium, Pune",0.6,0.6,0.0,0.6206896551724138,0.6129032258064516,0.007786429365962189,0.3333333333333333,3,0.3333333333333333,0.5,152.33333333333334,130.51724137931035,118.12903225806451,159.43555181128897,147.12736038569707,12.388209121245836,130.13793103448276,125.87096774193549,9.793103448275861,9.838709677419354,0.37153474834064504,0,0,0
140,2010,Mumbai Indians,Delhi Capitals,"Holkar Cricket Stadium, Indore",0.4,0.4,0.0,0.6,0.6538461538461539,-0.05384615384615388,0.3333333333333333,3,0.5,1.0,113.0,131.33333333333334,120.6923076923077,160.81632653061223,152.03488372093022,10.64102564102565,130.03333333333333,134.07692307692307,9.8,9.961538461538462,0.18365915195156113,1,1,0
166,2010,Sunrisers Hyderabad,Rajasthan Royals,"Himachal Pradesh Cricket Association Stadium, Dharamsala",0.6,0.6,0.0,0.3870967741935484,0.4482758620689655,-0.06117908787541715,0.5,2,0.5,0.0,107.0,128.93548387096774,130.0,150.77329309694454,152.20024222850222,-1.0645161290322562,115.93548387096774,120.65517241379311,9.935483870967742,9.793103448275861,-0.041009546361621574,0,1,0
143,2010,Rajasthan Royals,Punjab Kings,"Sawai Mansingh Stadium, Jaipur",0.6,0.4,0.19999999999999996,0.4666666666666667,0.48484848484848486,-0.018181818181818188,0.5,2,0.0,0.5,108.5,128.4,133.78787878787878,151.8927444794953,157.397504456328,-5.387878787878776,121.83333333333333,118.45454545454545,9.8,9.787878787878787,-0.06995043150387659,1,0,1
135,2010,Chennai Super Kings,Kolkata Knight Riders,"Sawai Mansingh Stadium, Jaipur",0.6,0.6,0.0,0.5454545454545454,0.625,-0.07954545454545459,0.5,8,0.0,1.0,106.22222222222223,127.15151515151516,118.40625,152.5263540530716,146.68989547038328,8.745265151515156,133.6969696969697,126.78125,9.909090909090908,9.84375,0.12174492793444358,0,1,1
145,2010,Chennai Super Kings,Rajasthan Royals,"Narendra Modi Stadium, Ahmedabad",0.8,0.6,0.20000000000000007,0.5588235294117647,0.4838709677419355,0.07495256166982922,0.6666666666666666,3,1.0,0.5,116.625,125.6470588235294,127.09677419354838,152.95381310418904,151.83044315992294,-1.4497153700189784,132.26470588235293,123.35483870967742,9.911764705882353,9.741935483870968,0.4905850905850908,0,1,0
175,2010,Royal Challengers Bengaluru,Delhi Capitals,"Narendra Modi Stadium, Ahmedabad",0.4,0.6,-0.19999999999999996,0.4838709677419355,0.6666666666666666,-0.18279569892473113,0.5,2,0.0,0.5,119.33333333333333,118.58064516129032,117.92592592592592,150.53235053235053,151.33079847908746,0.6547192353643965,136.8709677419355,133.55555555555554,9.903225806451612,9.962962962962964,-0.2524636351121927,1,1,0
146,2010,Punjab Kings,Delhi Capitals,"Wankhede Stadium, Mumbai",0.4,0.6,-0.19999999999999996,0.47058823529411764,0.6785714285714286,-0.20798319327731096,0.4,5,0.6666666666666666,1.0,98.6,134.8235294117647,117.35714285714286,156.7179487179487,151.21951219512195,17.466386554621835,117.55882352941177,132.25,9.794117647058824,9.964285714285714,-0.3167135548280271,0,1,0
136,2010,Delhi Capitals,Royal Challengers Bengaluru,"M. A. Chidambaram Stadium, Chennai",0.6,0.2,0.39999999999999997,0.6785714285714286,0.46875,0.2098214285714286,1.0,3,0.5,1.0,134.66666666666666,117.35714285714286,117.90625,151.21951219512195,150.01988071570577,-0.5491071428571388,132.25,135.78125,9.964285714285714,9.90625,0.21627967770202972,1,1,0
178,2010,Royal Challengers Bengaluru,Punjab Kings,"Narendra Modi Stadium, Ahmedabad",0.4,0.4,0.0,0.48484848484848486,0.45714285714285713,0.027705627705627733,0.25,4,0.0,0.5,117.1,117.36363636363636,133.77142857142857,150.40776699029126,156.69344042838017,-16.407792207792212,134.63636363636363,118.37142857142857,9.909090909090908,9.8,-0.003626324673394521,1,1,1
179,2010,Sunrisers Hyderabad,Rajasthan Royals,"Holkar Cricket Stadium, Indore",0.4,0.8,-0.4,0.375,0.5,-0.125,0.3333333333333333,3,0.0,1.0,114.4,129.78125,126.9375,151.45878920495988,152.59203606311044,2.84375,114.875,123.90625,9.9375,9.75,-0.14018104087324623,0,1,0
148,2010,Delhi Capitals,Royal Challengers Bengaluru,"Ekana Cricket Stadium, Lucknow",0.6,0.6,0.0,0.6666666666666666,0.5,0.16666666666666663,0.75,4,0.0,0.5,132.72727272727272,117.66666666666667,115.6470588235294,149.5762711864407,150.24837600305693,2.0196078431372655,130.03333333333333,134.0,9.966666666666667,9.911764705882353,0.29821765415089097,1,1,1
138,2010,Royal Challengers Bengaluru,Kochi Tuskers Kerala,"Punjab Cricket Association Stadium, Mohali",0.6,0.6,0.0,0.4857142857142857,0.34146341463414637,0.14425087108013934,0.5,4,0.0,1.0,120.27272727272727,117.31428571428572,124.3170731707317,150.45804323928178,148.64391951006124,-7.002787456445986,131.77142857142857,119.92682926829268,9.914285714285715,9.975609756097562,-0.22970707447057137,0,0,0
184,2010,Delhi Capitals,Sunrisers Hyderabad,"Sawai Mansingh Stadium, Jaipur",0.8,0.2,0.6000000000000001,0.6774193548387096,0.36363636363636365,0.313782991202346,0.5,0,1.0,0.0,103.2,115.6774193548387,131.63636363636363,148.73496474491913,152.047602380119,-15.958944281524921,131.4516129032258,115.48484848484848,9.96774193548387,9.93939393939394,0.4642263085341316,0,1,1
150,2010,Sunrisers Hyderabad,Kolkata Knight Riders,"Arun Jaitley Stadium, Delhi",0.2,0.4,-0.2,0.36363636363636365,0.6060606060606061,-0.24242424242424243,0.2,5,1.0,0.3333333333333333,119.25,131.63636363636363,117.39393939393939,152.047602380119,146.40967498110356,14.242424242424235,115.48484848484848,125.24242424242425,9.93939393939394,9.848484848484848,-0.4589293634952316,1,0,0
185,2010,Kolkata Knight Riders,Royal Challengers Bengaluru,"M. A. Chidambaram Stadium, Chennai",0.6,0.4,0.19999999999999996,0.6176470588235294,0.4722222222222222,0.14542483660130723,0.6666666666666666,3,0.3333333333333333,1.0,131.84615384615384,119.67647058823529,117.22222222222223,147.3741398044187,150.3384396152476,2.4542483660130614,125.88235294117646,132.55555555555554,9.852941176470589,9.916666666666666,0.28711310414000835,0,0,0
186,2010,Delhi Capitals,Sunrisers Hyderabad,"M. Chinnaswamy Stadium, Bengaluru",0.8,0.2,0.6000000000000001,0.6875,0.34285714285714286,0.34464285714285714,0.5,1,1.0,0.5,126.9,117.53125,131.05714285714285,149.60222752585523,150.49212598425197,-13.52589285714285,130.34375,119.45714285714286,9.96875,9.942857142857143,0.2868835790543969,0,0,1
187,2010,Punjab Kings,Kochi Tuskers Kerala,"M. Chinnaswamy Stadium, Bengaluru",0.2,0.8,-0.6000000000000001,0.4444444444444444,0.35714285714285715,0.08730158730158727,0.6,5,0.3333333333333333,0.0,124.27272727272727,133.19444444444446,125.16666666666667,156.9558101472995,148.7128712871287,8.027777777777786,116.72222222222223,119.78571428571429,9.805555555555555,9.976190476190476,-0.2104117728601338,0,1,1
188,2010,Rajasthan Royals,Mumbai Indians,"Holkar Cricket Stadium, Indore",0.8,0.2,0.6000000000000001,0.5151515151515151,0.5806451612903226,-0.06549364613880748,0.3333333333333333,3,1.0,0.0,127.16666666666667,127.18181818181819,130.96774193548387,153.17518248175182,160.72842438638165,-3.785923753665685,125.93939393939394,127.3225806451613,9.757575757575758,9.806451612903226,-0.4856871803332776,0,1,0
152,2010,Mumbai Indians,Kochi Tuskers Kerala,"Holkar Cricket Stadium, Indore",0.2,0.6,-0.39999999999999997,0.5806451612903226,0.3488372093023256,0.23180795198799703,0.7142857142857143,7,0.0,0.3333333333333333,127.16666666666667,130.96774193548387,124.69767441860465,160.72842438638165,148.5730119146578,6.270067516879223,127.3225806451613,120.93023255813954,9.806451612903226,9.976744186046512,0.25800910738858995,1,1,1
153,2010,Sunrisers Hyderabad,Royal Challengers Bengaluru,"Holkar Cricket Stadium, Indore",0.0,0.6,-0.6,0.3333333333333333,0.4864864864864865,-0.1531531531531532,0.2857142857142857,7,0.0,0.0,119.0,132.27777777777777,115.13513513513513,150.50568900126422,150.05283550545968,17.14264264264264,118.86111111111111,131.64864864864865,9.944444444444445,9.91891891891892,-0.01225741531316693,1,1,0
141,2010,Kochi Tuskers Kerala,Kolkata Knight Riders,"Rajiv Gandhi Intl. Cricket Stadium, Hyderabad",0.4,0.6,-0.19999999999999996,0.3409090909090909,0.6,-0.2590909090909091,0.5,2,0.0,0.0,102.375,123.68181818181819,119.08571428571429,148.283378746594,147.3833097595474,4.596103896103898,120.25,123.42857142857143,9.977272727272727,9.857142857142858,-0.055733929418140704,0,1,0
154,2010,Mumbai Indians,Punjab Kings,"Narendra Modi Stadium, Ahmedabad",0.4,0.2,0.2,0.6060606060606061,0.4594594594594595,0.1466011466011466,0.8,5,0.3333333333333333,0.0,111.81818181818181,129.27272727272728,134.16216216216216,159.35748972730667,157.13833491611268,-4.889434889434881,125.0,116.4054054054054,9.818181818181818,9.81081081081081,0.40524412715113556,1,0,0
157,2010,Chennai Super Kings,Rajasthan Royals,"M. Chinnaswamy Stadium, Bengaluru",0.6,0.8,-0.20000000000000007,0.5428571428571428,0.5,0.042857142857142816,0.5,4,0.3333333333333333,0.0,128.0,126.08571428571429,126.32352941176471,153.65598885793872,152.41305890702625,-0.2378151260504211,131.97142857142856,125.61764705882354,9.914285714285715,9.764705882352942,0.44676917799862004,1,1,1
165,2010,Chennai Super Kings,Delhi Capitals,"Sawai Mansingh Stadium, Jaipur",0.8,0.8,0.0,0.5555555555555556,0.696969696969697,-0.14141414141414144,1.0,5,0.3333333333333333,1.0,109.72727272727273,126.97222222222223,116.93939393939394,153.8021534320323,149.74776872332168,10.03282828282829,131.55555555555554,131.6969696969697,9.916666666666666,9.969696969696969,0.13666752127701187,0,0,1
149,2010,Mumbai Indians,Punjab Kings,"Rajiv Gandhi Intl. Cricket Stadium, Hyderabad",0.4,0.4,0.0,0.5882352941176471,0.47368421052631576,0.11455108359133132,0.6666666666666666,6,0.5,1.0,102.44444444444444,129.97058823529412,133.6315789473684,160.63249727371866,156.9221260815822,-3.6609907120742946,124.67647058823529,117.36842105263158,9.823529411764707,9.81578947368421,0.3056172976251883,1,0,0
167,2010,Delhi Capitals,Chennai Super Kings,"M. A. Chidambaram Stadium, Chennai",0.6,0.8,-0.20000000000000007,0.6764705882352942,0.5675675675675675,0.10890302066772661,0.0,6,0.0,0.5,129.5,114.88235294117646,126.48648648648648,149.08396946564886,153.34207077326343,-11.60413354531002,131.02941176470588,129.27027027027026,9.970588235294118,9.91891891891892,-0.12618922905887864,0,0,0
151,2010,Rajasthan Royals,Punjab Kings,"Narendra Modi Stadium, Ahmedabad",0.6,0.6,0.0,0.4857142857142857,0.48717948717948717,-0.00146520146520146,1.0,3,1.0,0.5,115.25,126.05714285714286,133.05128205128204,151.82381280110118,156.67270531400965,-6.99413919413918,126.54285714285714,119.1025641025641,9.771428571428572,9.820512820512821,-0.09805915755572414,0,1,0
171,2010,Kochi Tuskers Kerala,Delhi Capitals,"Rajiv Gandhi Intl. Cricket Stadium, Hyderabad",0.2,0.6,-0.39999999999999997,0.3333333333333333,0.6571428571428571,-0.3238095238095238,0.0,6,0.0,1.0,110.7,123.22222222222223,113.11428571428571,147.59116316209742,147.88942846469928,10.107936507936515,120.04444444444445,131.8,9.977777777777778,9.971428571428572,0.0013261998460762925,1,1,0
177,2010,Punjab Kings,Chennai Super Kings,"Eden Gardens, Kolkata",0.8,0.8,0.0,0.5,0.5789473684210527,-0.07894736842105265,0.6,5,1.0,0.0,125.16666666666667,131.35,127.3157894736842,156.41559988091694,153.39251743817374,4.034210526315789,119.275,127.26315789473684,9.825,9.921052631578947,-0.17322450283175783,1,0,1
158,2010,Chennai Super Kings,Kochi Tuskers Kerala,"Ekana Cricket Stadium, Lucknow",0.6,0.2,0.39999999999999997,0.5641025641025641,0.32608695652173914,0.23801560758082496,0.4,5,0.2,0.3333333333333333,126.33333333333333,128.4102564102564,123.21739130434783,153.57252376571603,147.98955613577021,5.192865105908581,125.61538461538461,120.43478260869566,9.923076923076923,9.978260869565217,0.05163526226869131,1,1,0
159,2010,Kolkata Knight Riders,Punjab Kings,"Eden Gardens, Kolkata",0.6,1.0,-0.4,0.6111111111111112,0.5121951219512195,0.09891598915989164,0.5,2,1.0,1.0,116.28571428571429,118.86111111111111,129.6829268292683,147.95988934993085,156.24449015574493,-10.821815718157183,122.86111111111111,120.51219512195122,9.86111111111111,9.829268292682928,0.07425235612216596,1,0,1
182,2010,Kochi Tuskers Kerala,Rajasthan Royals,"DY Patil Stadium, Mumbai",0.2,0.4,-0.2,0.3404255319148936,0.4722222222222222,-0.1317966903073286,0.5,4,0.16666666666666666,0.5,120.55,122.72340425531915,126.05555555555556,147.59467758444217,151.97588747488277,-3.3321513002364043,120.38297872340425,124.83333333333333,9.97872340425532,9.777777777777779,0.22145103389152965,0,1,0
160,2010,Punjab Kings,Kochi Tuskers Kerala,"Wankhede Stadium, Mumbai",0.8,0.2,0.6000000000000001,0.5,0.3404255319148936,0.1595744680851064,0.6666666666666666,6,0.5,0.0,98.54545454545455,128.64285714285714,122.72340425531915,156.11095059231437,147.59467758444217,5.919452887537986,120.16666666666667,120.38297872340425,9.833333333333334,9.97872340425532,-0.1066605707148991,0,0,1
183,2010,Chennai Super Kings,Mumbai Indians,"Eden Gardens, Kolkata",0.6,0.4,0.19999999999999996,0.55,0.5714285714285714,-0.021428571428571352,0.3333333333333333,3,0.0,1.0,115.0,128.15,131.54285714285714,153.38120885697185,160.64200976971387,-3.392857142857139,124.975,124.28571428571429,9.925,9.82857142857143,-0.12927411234184127,0,0,1
161,2010,Kolkata Knight Riders,Chennai Super Kings,"Himachal Pradesh Cricket Association Stadium, Dharamsala",0.6,0.6,0.0,0.6216216216216216,0.5609756097560976,0.060646011865523985,0.4444444444444444,9,0.0,1.0,119.25,118.51351351351352,127.34146341463415,147.6928258672954,153.2883147386964,-8.827949901120633,121.86486486486487,123.92682926829268,9.864864864864865,9.926829268292684,-0.016827483771702845,0,1,1
164,2010,Rajasthan Royals,Mumbai Indians,"Himachal Pradesh Cricket Association Stadium, Dharamsala",0.4,0.4,0.0,0.4864864864864865,0.5555555555555556,-0.06906906906906907,0.25,4,0.5,0.5,121.6,126.10810810810811,130.16666666666666,152.63330062152437,159.9863434619324,-4.058558558558545,126.24324324324324,123.47222222222223,9.783783783783784,9.833333333333334,-0.3495668917144421,1,0,1
168,2010,Delhi Capitals,Kochi Tuskers Kerala,"Wankhede Stadium, Mumbai",0.6,0.2,0.39999999999999997,0.6666666666666666,0.32653061224489793,0.3401360544217687,1.0,7,1.0,0.0,98.91666666666667,113.80555555555556,123.63265306122449,147.90613718411552,148.0449657869013,-9.827097505668931,131.55555555555554,120.18367346938776,9.972222222222221,9.979591836734693,0.015456570887691257,0,0,1
169,2010,Punjab Kings,Delhi Capitals,"Narendra Modi Stadium, Ahmedabad",0.8,0.6,0.20000000000000007,0.5116279069767442,0.6756756756756757,-0.16404776869893145,0.3333333333333333,6,0.6666666666666666,0.6666666666666666,116.07692307692308,128.04651162790697,113.8108108108108,155.8890147225368,148.48377997179125,14.23570081709616,120.0,131.67567567567568,9.837209302325581,9.972972972972974,-0.09818683526452965,1,1,1
170,2010,Royal Challengers Bengaluru,Chennai Super Kings,"M. Chinnaswamy Stadium, Bengaluru",0.6,0.4,0.19999999999999996,0.5,0.5476190476190477,-0.04761904761904767,0.6666666666666666,3,1.0,0.5,130.30769230769232,112.89473684210526,126.0952380952381,149.16550764951322,152.75454283241996,-13.200501253132842,132.3421052631579,124.0952380952381,9.921052631578947,9.928571428571429,-0.22227591029106364,0,0,1
172,2010,Kolkata Knight Riders,Chennai Super Kings,"Wankhede Stadium, Mumbai",0.8,0.2,0.6000000000000001,0.631578947368421,0.5348837209302325,0.09669522643818851,0.5,10,0.3333333333333333,0.6666666666666666,100.07692307692308,118.84210526315789,126.62790697674419,147.9200786112021,153.1214848143982,-7.785801713586295,120.63157894736842,122.18604651162791,9.868421052631579,9.930232558139535,-0.03202369767470081,1,0,0
173,2010,Rajasthan Royals,Kochi Tuskers Kerala,"M. Chinnaswamy Stadium, Bengaluru",0.4,0.2,0.2,0.5,0.32,0.18,0.6,5,0.0,0.0,124.0,126.42105263157895,123.88,153.28653477983408,147.72239446696875,2.5410526315789497,125.89473684210526,120.06,9.789473684210526,9.98,-0.2812600580648823,0,0,1
174,2010,Royal Challengers Bengaluru,Kochi Tuskers Kerala,"M. A. Chidambaram Stadium, Chennai",0.6,0.2,0.39999999999999997,0.5128205128205128,0.3137254901960784,0.19909502262443435,0.4,5,1.0,0.3333333333333333,124.4,111.07692307692308,124.6470588235294,148.7126673532441,147.39160677022954,-13.570135746606326,132.76923076923077,120.56862745098039,9.923076923076923,9.980392156862745,-0.28627082610484855,0,0,0
176,2010,Delhi Capitals,Sunrisers Hyderabad,"Punjab Cricket Association Stadium, Mohali",0.4,0.0,0.4,0.6578947368421053,0.32432432432432434,0.33357041251778097,0.5,2,0.5,0.0,119.75,114.52631578947368,132.97297297297297,148.07757740728138,150.45871559633028,-18.446657183499283,130.71052631578948,116.45945945945945,9.973684210526315,9.945945945945946,0.25998677729871034,1,1,1
180,2010,Sunrisers Hyderabad,Chennai Super Kings,"Narendra Modi Stadium, Ahmedabad",0.0,0.4,-0.4,0.3157894736842105,0.5454545454545454,-0.2296650717703349,0.5,1,0.5,0.5,114.57142857142857,132.31578947368422,127.77272727272727,149.5093666369313,152.9379760609358,4.543062200956953,115.92105263157895,120.95454545454545,9.947368421052632,9.931818181818182,-0.28795987636134335,1,1,1
181,2010,Mumbai Indians,Chennai Super Kings,"Wankhede Stadium, Mumbai",0.2,0.4,-0.2,0.5405405405405406,0.5333333333333333,0.007207207207207245,0.5,4,1.0,0.75,97.78571428571429,129.7027027027027,127.91111111111111,159.06529665230363,152.35574377977764,1.7915915915915974,123.86486486486487,120.42222222222222,9.837837837837839,9.933333333333334,0.24486839134738858,0,1,0
189,2010,Mumbai Indians,Punjab Kings,"Wankhede Stadium, Mumbai",0.0,0.8,-0.8,0.5263157894736842,0.5227272727272727,0.0035885167464114742,0.5714285714285714,7,0.5,0.6,100.2,129.81578947368422,127.29545454545455,158.87278582930756,155.45378850957536,2.5203349282296728,123.44736842105263,120.47727272727273,9.842105263157896,9.840909090909092,0.28615303138664316,1,0,1
190,2011,Pune Warriors India,Chennai Super Kings,"Eden Gardens, Kolkata",0.5,0.4,0.09999999999999998,0.5,0.5434782608695652,-0.04347826086956519,0.5,0,0.5,0.25,112.77777777777777,160.0,127.47826086956522,130.0,152.19309628860628,32.52173913043478,160.0,120.71739130434783,6.0,9.934782608695652,-1.1057666028969653,0,0,0
191,2011,Kolkata Knight Riders,Sunrisers Hyderabad,"Sawai Mansingh Stadium, Jaipur",0.6,0.2,0.39999999999999997,0.6153846153846154,0.3333333333333333,0.2820512820512821,0.8333333333333334,6,0.75,0.0,109.66666666666667,117.53846153846153,131.4102564102564,147.44290768735928,149.3733605362868,-13.871794871794876,122.07692307692308,116.38461538461539,9.846153846153847,9.948717948717949,0.3067388501044963,1,1,1
192,2011,Royal Challengers Bengaluru,Sunrisers Hyderabad,"Eden Gardens, Kolkata",0.6,0.2,0.39999999999999997,0.5,0.325,0.175,0.75,8,0.0,0.0,108.3,111.65,132.525,148.91630543514503,149.57674943566593,-20.875,133.425,115.375,9.925,9.95,0.20934368598793185,0,1,1
193,2011,Delhi Capitals,Sunrisers Hyderabad,"Holkar Cricket Stadium, Indore",0.6,0.2,0.39999999999999997,0.6666666666666666,0.3170731707317073,0.3495934959349593,1.0,3,1.0,0.0,123.33333333333333,114.05128205128206,131.29268292682926,147.1386040357261,149.1548905513993,-17.2414008755472,130.12820512820514,116.17073170731707,9.974358974358974,9.951219512195122,0.2800623348435458,0,0,1
199,2011,Rajasthan Royals,Pune Warriors India,"Brabourne Stadium, Mumbai",0.6,0.0,0.6,0.5128205128205128,0.0,0.5128205128205128,0.5,0,0.5,0.5,118.9,126.92307692307692,68.0,154.39800374298193,141.66666666666669,58.92307692307692,126.84615384615384,107.0,9.76923076923077,10.0,-0.5410265455507552,0,0,1
194,2011,Punjab Kings,Rajasthan Royals,"Himachal Pradesh Cricket Association Stadium, Dharamsala",0.6,0.8,-0.20000000000000007,0.5111111111111111,0.525,-0.01388888888888895,0.25,4,0.5,0.6666666666666666,124.33333333333333,126.68888888888888,127.8,155.0448735382105,154.53446191051995,-1.1111111111111143,121.97777777777777,126.4,9.822222222222223,9.775,0.21086163734483776,1,0,1
196,2011,Mumbai Indians,Kochi Tuskers Kerala,"Rajiv Gandhi Intl. Cricket Stadium, Hyderabad",0.2,0.2,0.0,0.5384615384615384,0.3269230769230769,0.2115384615384615,0.75,8,0.0,0.0,111.81818181818181,131.30769230769232,125.3076923076923,158.7906976744186,147.420814479638,6.000000000000014,122.84615384615384,120.82692307692308,9.846153846153847,9.98076923076923,0.0382284237676771,1,0,0
195,2011,Pune Warriors India,Kochi Tuskers Kerala,"Eden Gardens, Kolkata",0.0,0.4,-0.4,0.0,0.33962264150943394,-0.33962264150943394,0.5,0,0.0,1.0,111.9090909090909,88.5,125.60377358490567,124.64788732394365,147.31135206904182,-37.10377358490567,134.5,121.77358490566037,10.0,9.981132075471699,0.2322185798500218,0,1,0
205,2011,Sunrisers Hyderabad,Mumbai Indians,"Maharashtra Cricket Association Stadium, Pune",0.2,0.2,0.0,0.30952380952380953,0.525,-0.2154761904761905,0.3333333333333333,3,1.0,0.25,152.6,129.6904761904762,132.3,149.23287671232876,158.58555588852263,-2.6095238095238074,116.83333333333333,123.3,9.952380952380953,9.85,-0.48286372064563565,0,1,0
198,2011,Sunrisers Hyderabad,Delhi Capitals,"Narendra Modi Stadium, Ahmedabad",0.2,0.8,-0.6000000000000001,0.3023255813953488,0.675,-0.3726744186046512,0.0,4,0.6,0.5,113.4,130.37209302325581,114.8,149.9732477260567,146.9910371318822,15.572093023255817,116.30232558139535,128.475,9.953488372093023,9.975,-0.3496181885312897,0,0,1
208,2011,Kochi Tuskers Kerala,Rajasthan Royals,"Brabourne Stadium, Mumbai",0.6,0.8,-0.20000000000000007,0.35185185185185186,0.5121951219512195,-0.16034327009936766,0.3333333333333333,6,0.0,0.6,122.81818181818181,125.74074074074075,127.51219512195122,146.90610125486802,154.72033145901153,-1.771454381210475,123.42592592592592,127.48780487804878,9.981481481481481,9.682926829268293,0.46530784154918514,1,0,0
200,2011,Chennai Super Kings,Sunrisers Hyderabad,"Sawai Mansingh Stadium, Jaipur",0.6,0.2,0.39999999999999997,0.5531914893617021,0.3181818181818182,0.23500967117988397,0.5,2,0.5,0.0,107.07692307692308,127.04255319148936,130.97727272727272,152.28258097424126,150.50927135022198,-3.9347195357833584,119.59574468085107,117.70454545454545,9.936170212765957,9.954545454545455,0.34961203785387696,0,1,1
197,2011,Royal Challengers Bengaluru,Sunrisers Hyderabad,"M. Chinnaswamy Stadium, Bengaluru",0.8,0.2,0.6000000000000001,0.5121951219512195,0.3111111111111111,0.2010840108401084,0.7777777777777778,9,1.0,0.3333333333333333,125.46666666666667,112.53658536585365,130.37777777777777,149.51393389500973,150.97786927431807,-17.841192411924112,132.17073170731706,117.97777777777777,9.926829268292684,9.955555555555556,0.1792539569365985,0,0,1
201,2011,Kochi Tuskers Kerala,Rajasthan Royals,"Brabourne Stadium, Mumbai",0.6,0.8,-0.20000000000000007,0.34545454545454546,0.5238095238095238,-0.17835497835497838,0.2857142857142857,7,0.0,0.6666666666666666,124.41666666666667,126.03636363636363,125.57142857142857,146.36824324324326,154.0303738317757,0.4649350649350623,122.01818181818182,127.83333333333333,9.981818181818182,9.69047619047619,0.4749062221437903,1,1,0
212,2011,Sunrisers Hyderabad,Rajasthan Royals,"Brabourne Stadium, Mumbai",0.2,0.8,-0.6000000000000001,0.30434782608695654,0.5238095238095238,-0.2194616977225673,0.25,4,0.0,0.6666666666666666,124.41666666666667,132.2826086956522,125.57142857142857,151.89715426859712,154.0303738317757,6.711180124223617,117.65217391304348,127.83333333333333,9.956521739130435,9.69047619047619,-0.030058324795167124,0,0,0
215,2011,Pune Warriors India,Sunrisers Hyderabad,"Eden Gardens, Kolkata",0.0,0.2,-0.2,0.0,0.2978723404255319,-0.2978723404255319,0.5,0,0.0,0.0,120.16666666666667,129.33333333333334,132.2340425531915,149.23076923076923,152.03033268101763,-2.9007092198581574,134.0,119.12765957446808,10.0,9.914893617021276,0.05241973712561965,0,0,1
203,2011,Kolkata Knight Riders,Mumbai Indians,"M. A. Chidambaram Stadium, Chennai",0.8,0.4,0.4,0.625,0.5365853658536586,0.08841463414634143,0.75,4,0.25,0.75,125.0,116.5,131.3658536585366,146.91046658259773,157.3014018691589,-14.865853658536594,123.425,124.17073170731707,9.85,9.853658536585366,-0.20967253380031003,0,0,1
216,2011,Sunrisers Hyderabad,Kochi Tuskers Kerala,"Himachal Pradesh Cricket Association Stadium, Dharamsala",0.2,0.6,-0.39999999999999997,0.2916666666666667,0.3392857142857143,-0.047619047619047616,0.625,8,0.0,0.5,131.0,132.125,127.16071428571429,151.94058457115474,146.64332784184515,4.964285714285708,119.08333333333333,120.98214285714286,9.916666666666666,9.982142857142858,-0.4522850995574075,0,1,1
218,2011,Chennai Super Kings,Sunrisers Hyderabad,"Wankhede Stadium, Mumbai",0.8,0.2,0.6000000000000001,0.5625,0.30612244897959184,0.25637755102040816,0.6666666666666666,3,0.8,0.0,105.6875,127.10416666666667,131.9795918367347,152.4868782804299,152.30805463966087,-4.875425170068027,119.27083333333333,118.06122448979592,9.9375,9.918367346938776,0.32298793945497906,0,1,1
207,2011,Kochi Tuskers Kerala,Sunrisers Hyderabad,"Narendra Modi Stadium, Ahmedabad",0.4,0.2,0.2,0.3333333333333333,0.3,0.033333333333333326,0.3333333333333333,9,1.0,0.6666666666666666,116.125,126.14035087719299,131.74,146.58511722731907,152.830626450116,-5.599649122807023,121.05263157894737,117.94,9.982456140350877,9.92,0.45930764407807523,1,0,1
202,2011,Royal Challengers Bengaluru,Chennai Super Kings,"Ekana Cricket Stadium, Lucknow",0.8,0.8,0.0,0.5238095238095238,0.5714285714285714,-0.04761904761904756,0.75,4,0.3333333333333333,0.16666666666666666,125.6923076923077,112.30952380952381,126.79591836734694,149.3194048749604,152.65356265356266,-14.486394557823132,134.21428571428572,119.28571428571429,9.904761904761905,9.938775510204081,-0.14945159859573032,1,1,1
209,2011,Pune Warriors India,Punjab Kings,"Holkar Cricket Stadium, Indore",0.25,0.6,-0.35,0.25,0.5217391304347826,-0.2717391304347826,0.5,0,0.5,0.5,125.4,126.25,127.65217391304348,153.49544072948328,154.64840663681855,-1.4021739130434838,132.25,121.84782608695652,10.0,9.826086956521738,-0.2308002702107661,0,1,0
228,2011,Punjab Kings,Kolkata Knight Riders,"Arun Jaitley Stadium, Delhi",0.6,0.8,-0.20000000000000007,0.5217391304347826,0.6341463414634146,-0.11240721102863205,0.3333333333333333,3,0.6666666666666666,0.5,121.38461538461539,127.65217391304348,116.51219512195122,154.64840663681855,146.93940326053522,11.139978791092261,121.84782608695652,124.51219512195122,9.826086956521738,9.853658536585366,-0.10687730952116681,0,1,0
210,2011,Delhi Capitals,Kolkata Knight Riders,"Wankhede Stadium, Mumbai",0.6,0.8,-0.20000000000000007,0.6585365853658537,0.6428571428571429,0.015679442508710784,0.5,2,1.0,0.25,106.05882352941177,116.34146341463415,115.95238095238095,147.1314003701419,147.44171964880414,0.3890824622531994,129.17073170731706,124.21428571428571,9.975609756097562,9.857142857142858,-0.03475747905689275,0,1,1
231,2011,Pune Warriors India,Kolkata Knight Riders,"Sawai Mansingh Stadium, Jaipur",0.2,0.6,-0.39999999999999997,0.2,0.627906976744186,-0.42790697674418604,0.5,0,0.5,0.8,108.71428571428571,129.8,115.65116279069767,150.5800464037123,146.48011782032398,14.148837209302343,139.6,123.3953488372093,9.6,9.86046511627907,-0.3762349830073024,0,0,0
204,2011,Punjab Kings,Kochi Tuskers Kerala,"Punjab Cricket Association Stadium, Mohali",0.6,0.4,0.19999999999999996,0.5208333333333334,0.3448275862068966,0.1760057471264368,0.7142857142857143,7,0.25,1.0,117.92307692307692,128.1875,125.29310344827586,153.8634658664666,146.45304312777105,2.8943965517241423,121.70833333333333,119.82758620689656,9.833333333333334,9.982758620689655,-0.16559297250939764,1,0,1
233,2011,Delhi Capitals,Pune Warriors India,"Sawai Mansingh Stadium, Jaipur",0.6,0.2,0.39999999999999997,0.6666666666666666,0.16666666666666666,0.5,0.5,0,0.75,0.0,106.26666666666667,115.69047619047619,120.16666666666667,146.62039831019916,145.65656565656568,-4.476190476190482,128.54761904761904,139.0,9.976190476190476,9.666666666666666,0.20208766407317214,1,1,1
234,2011,Royal Challengers Bengaluru,Kolkata Knight Riders,"Rajiv Gandhi Intl. Cricket Stadium, Hyderabad",0.8,0.8,0.0,0.5348837209302325,0.6363636363636364,-0.10147991543340384,0.5,4,0.0,0.5,116.75,111.30232558139535,116.11363636363636,149.37578027465668,146.76817006607297,-4.811310782241009,132.88372093023256,122.22727272727273,9.906976744186046,9.863636363636363,-0.08072922375490776,0,1,0
235,2011,Kochi Tuskers Kerala,Pune Warriors India,"Punjab Cricket Association Stadium, Mohali",0.2,0.2,0.0,0.3389830508474576,0.14285714285714285,0.19612590799031476,0.5,1,0.8,0.5,121.85714285714286,124.20338983050847,131.57142857142858,146.00518031480374,151.98019801980197,-7.368038740920113,120.72881355932203,134.42857142857142,9.983050847457626,9.714285714285714,0.34528657462411516,0,1,1
236,2011,Sunrisers Hyderabad,Mumbai Indians,"Holkar Cricket Stadium, Indore",0.2,0.4,-0.2,0.29411764705882354,0.5238095238095238,-0.2296918767507003,0.25,4,0.0,0.6666666666666666,127.0909090909091,130.13725490196077,132.23809523809524,152.25969259004358,158.23361823361824,-2.1008403361344676,117.13725490196079,124.0,9.92156862745098,9.857142857142858,-0.5020406334004193,1,1,1
214,2011,Pune Warriors India,Chennai Super Kings,"Narendra Modi Stadium, Ahmedabad",0.2,0.8,-0.6000000000000001,0.125,0.56,-0.43500000000000005,0.5,1,0.5,0.3333333333333333,113.82352941176471,142.125,125.8,156.61157024793388,152.37403100775194,16.325000000000003,135.25,118.28,9.75,9.94,-0.4594771391132255,0,1,0
206,2011,Kochi Tuskers Kerala,Royal Challengers Bengaluru,"Maharashtra Cricket Association Stadium, Pune",0.4,0.6,-0.19999999999999996,0.35,0.5227272727272727,-0.17272727272727273,0.6666666666666666,6,0.3333333333333333,1.0,153.1818181818182,124.48333333333333,110.8409090909091,145.56616643929058,148.91603053435114,13.64242424242424,122.31666666666666,131.54545454545453,9.916666666666666,9.909090909090908,0.33474190663333125,0,1,1
241,2011,Kolkata Knight Riders,Rajasthan Royals,"DY Patil Stadium, Mumbai",0.8,0.8,0.0,0.6444444444444445,0.5454545454545454,0.09898989898989907,0.6666666666666666,6,0.4,0.5714285714285714,123.23809523809524,115.17777777777778,125.56818181818181,146.08229988726043,153.89972144846797,-10.390404040404036,121.53333333333333,129.27272727272728,9.866666666666667,9.681818181818182,0.21962854160229917,1,1,1
217,2011,Rajasthan Royals,Mumbai Indians,"Sawai Mansingh Stadium, Jaipur",0.6,0.4,0.19999999999999996,0.5333333333333333,0.5116279069767442,0.02170542635658912,0.4,5,0.5,0.5,106.3125,124.91111111111111,133.11627906976744,153.2442748091603,157.68595041322314,-8.205167958656332,128.53333333333333,124.4186046511628,9.688888888888888,9.86046511627907,-0.4496044172851441,1,1,0
245,2011,Rajasthan Royals,Royal Challengers Bengaluru,"Ekana Cricket Stadium, Lucknow",0.6,0.6,0.0,0.5217391304347826,0.5111111111111111,0.010628019323671523,0.5,6,0.3333333333333333,0.5,121.64285714285714,125.21739130434783,110.53333333333333,153.5181236673774,148.92215568862275,14.684057971014497,127.76086956521739,131.26666666666668,9.695652173913043,9.911111111111111,-0.16853041825095083,0,0,1
246,2011,Mumbai Indians,Chennai Super Kings,"Sawai Mansingh Stadium, Jaipur",0.4,0.8,-0.4,0.5227272727272727,0.5686274509803921,-0.04590017825311943,0.4,5,1.0,0.6,108.23529411764706,132.20454545454547,125.74509803921569,157.21621621621622,152.72683972374375,6.459447415329777,124.75,118.15686274509804,9.863636363636363,9.941176470588236,0.1467268526295218,1,0,0
219,2011,Delhi Capitals,Punjab Kings,"Punjab Cricket Association Stadium, Mohali",0.8,0.6,0.20000000000000007,0.6744186046511628,0.5306122448979592,0.14380635975320355,0.5714285714285714,7,0.6666666666666666,0.4,123.13333333333334,115.48837209302326,129.10204081632654,146.7927874667455,153.99221032132425,-13.613668723303277,130.2093023255814,120.46938775510205,9.976744186046512,9.83673469387755,0.07165650929489686,0,1,0
250,2011,Rajasthan Royals,Chennai Super Kings,"Eden Gardens, Kolkata",0.6,0.8,-0.20000000000000007,0.5319148936170213,0.5769230769230769,-0.045008183306055605,0.4,5,0.0,0.4,119.92307692307692,125.91489361702128,125.78846153846153,153.0385311611068,152.6487747957993,0.1264320785597448,126.36170212765957,119.03846153846153,9.702127659574469,9.923076923076923,-0.34613910942604775,1,0,1
252,2011,Chennai Super Kings,Sunrisers Hyderabad,"Maharashtra Cricket Association Stadium, Pune",0.6,0.4,0.19999999999999996,0.5660377358490566,0.3076923076923077,0.2583454281567489,0.75,4,0.5,0.6666666666666666,150.33333333333334,126.73584905660377,130.3653846153846,153.00683371298405,151.92738682205288,-3.6295355587808444,120.0,118.15384615384616,9.90566037735849,9.884615384615385,0.30286245874782836,1,0,1
211,2011,Pune Warriors India,Mumbai Indians,"Arun Jaitley Stadium, Delhi",0.0,0.4,-0.4,0.1111111111111111,0.5111111111111111,-0.39999999999999997,0.5,0,0.5,0.8,120.71428571428571,138.77777777777777,132.9111111111111,155.1552795031056,156.57068062827224,5.866666666666674,133.88888888888889,124.82222222222222,9.777777777777779,9.866666666666667,-0.4374066787570392,0,1,1
213,2011,Royal Challengers Bengaluru,Kochi Tuskers Kerala,"Brabourne Stadium, Mumbai",0.4,0.6,-0.19999999999999996,0.5,0.36065573770491804,0.13934426229508196,0.2857142857142857,7,0.6666666666666666,0.0,129.42857142857142,109.47826086956522,124.39344262295081,148.07409585416053,145.97922277799154,-14.915181753385596,131.84782608695653,121.90163934426229,9.91304347826087,9.918032786885245,-0.3222735963666725,0,0,0
226,2011,Sunrisers Hyderabad,Delhi Capitals,"Brabourne Stadium, Mumbai",0.4,0.6,-0.19999999999999996,0.3018867924528302,0.6590909090909091,-0.3572041166380789,0.2,5,0.0,1.0,127.33333333333333,130.0566037735849,115.5909090909091,151.69454225352112,147.07923655292078,14.465694682675803,118.01886792452831,130.29545454545453,9.88679245283019,9.977272727272727,-0.3222577983041983,0,1,1
262,2011,Delhi Capitals,Punjab Kings,"M. A. Chidambaram Stadium, Chennai",0.6,0.8,-0.20000000000000007,0.6590909090909091,0.54,0.11909090909090903,0.5,8,0.0,0.4,124.52941176470588,115.5909090909091,129.2,147.07923655292078,154.3239369326326,-13.609090909090895,130.29545454545453,120.46,9.977272727272727,9.84,0.08591688841927514,1,0,1
230,2011,Kochi Tuskers Kerala,Kolkata Knight Riders,"Holkar Cricket Stadium, Indore",0.8,0.8,0.0,0.3709677419354839,0.6521739130434783,-0.2812061711079944,0.0,3,0.25,0.5,128.33333333333334,125.16129032258064,114.76086956521739,145.91951861602107,146.11126487683364,10.40042075736325,121.51612903225806,120.97826086956522,9.919354838709678,9.869565217391305,0.2523338354333866,0,1,1
232,2011,Rajasthan Royals,Delhi Capitals,"Narendra Modi Stadium, Ahmedabad",0.6,0.6,0.0,0.5416666666666666,0.6521739130434783,-0.11050724637681164,0.3333333333333333,3,0.5,0.4,113.72222222222223,126.83333333333333,116.91304347826087,152.6962628542764,147.50411409764126,9.920289855072454,127.39583333333333,130.54347826086956,9.708333333333334,9.978260869565217,-0.36326321246777304,0,1,0
220,2011,Delhi Capitals,Chennai Super Kings,"Eden Gardens, Kolkata",0.6,0.6,0.0,0.6595744680851063,0.5740740740740741,0.08550039401103227,0.0,7,1.0,0.3333333333333333,123.5,115.08510638297872,126.44444444444444,146.9437652811736,153.1285041489123,-11.35933806146572,129.82978723404256,119.88888888888889,9.97872340425532,9.907407407407407,0.04173282283294988,0,1,0
221,2011,Rajasthan Royals,Kochi Tuskers Kerala,"DY Patil Stadium, Mumbai",0.4,0.8,-0.4,0.5306122448979592,0.38095238095238093,0.1496598639455783,0.75,8,0.5,0.14285714285714285,122.0,126.22448979591837,124.14285714285714,152.04031465093414,145.8597538232003,2.0816326530612344,125.42857142857143,120.65079365079364,9.714285714285714,9.920634920634921,-0.45968365894922414,0,0,0
237,2011,Mumbai Indians,Kolkata Knight Riders,"Narendra Modi Stadium, Ahmedabad",0.2,0.6,-0.39999999999999997,0.5,0.6382978723404256,-0.13829787234042556,0.2,5,0.25,1.0,112.84210526315789,132.32608695652175,113.74468085106383,156.23716632443532,145.58823529411765,18.581406105457916,123.5,119.70212765957447,9.869565217391305,9.872340425531915,0.2965441830985256,0,1,0
222,2011,Kolkata Knight Riders,Chennai Super Kings,"Wankhede Stadium, Mumbai",0.8,0.8,0.0,0.6458333333333334,0.5818181818181818,0.06401515151515158,0.45454545454545453,11,0.2,0.8333333333333334,105.11111111111111,114.25,127.49090909090908,146.04527296937417,154.0421792618629,-13.240909090909085,120.125,119.8,9.875,9.909090909090908,-0.004046692607003521,0,1,1
223,2011,Kochi Tuskers Kerala,Mumbai Indians,"M. Chinnaswamy Stadium, Bengaluru",1.0,0.2,0.8,0.390625,0.48936170212765956,-0.09873670212765956,0.3333333333333333,9,0.0,0.5,124.0625,124.90625,132.48936170212767,145.95581522731422,156.73294739491567,-7.583111702127667,120.5,123.80851063829788,9.921875,9.872340425531915,-0.07639233016131364,1,0,0
240,2011,Kolkata Knight Riders,Sunrisers Hyderabad,"Arun Jaitley Stadium, Delhi",0.8,0.4,0.4,0.6530612244897959,0.3148148148148148,0.33824640967498104,0.8571428571428571,7,0.6,0.5,116.93333333333334,115.83673469387755,129.2037037037037,146.4774193548387,151.7728953665434,-13.36696900982615,119.57142857142857,119.38888888888889,9.877551020408163,9.88888888888889,0.17689833631679797,0,0,1
224,2011,Sunrisers Hyderabad,Rajasthan Royals,"M. Chinnaswamy Stadium, Bengaluru",0.4,0.4,0.0,0.3090909090909091,0.52,-0.21090909090909093,0.2,5,0.25,0.3333333333333333,129.05882352941177,130.3090909090909,125.92,151.93979224083103,152.15079748670854,4.3890909090909105,118.56363636363636,126.38,9.89090909090909,9.72,0.06551122276589183,0,0,1
242,2011,Mumbai Indians,Royal Challengers Bengaluru,"M. A. Chidambaram Stadium, Chennai",0.4,0.2,0.2,0.5,0.48936170212765956,0.010638297872340441,0.5,2,0.6,0.8333333333333334,123.16666666666667,133.64583333333334,109.23404255319149,156.73100415343268,147.78353483016696,24.411790780141857,125.58333333333333,132.70212765957447,9.8125,9.829787234042554,0.4003552325344,0,0,0
225,2011,Rajasthan Royals,Pune Warriors India,"Wankhede Stadium, Mumbai",0.4,0.2,0.2,0.5098039215686274,0.2,0.3098039215686274,0.5,1,1.0,0.5,109.6842105263158,127.07843137254902,131.3,152.49411764705883,156.3095238095238,-4.221568627450992,127.23529411764706,131.1,9.72549019607843,9.8,-0.0038973411472618125,1,0,1
244,2011,Pune Warriors India,Mumbai Indians,"Eden Gardens, Kolkata",0.2,0.2,0.0,0.18181818181818182,0.4897959183673469,-0.3079777365491651,0.5,1,0.3333333333333333,0.5,122.93333333333334,134.27272727272728,132.9387755102041,156.29629629629628,156.3985594237695,1.333951762523185,128.27272727272728,124.83673469387755,9.818181818181818,9.816326530612244,-0.4014280334849225,1,1,0
227,2011,Kolkata Knight Riders,Rajasthan Royals,"Holkar Cricket Stadium, Indore",0.8,0.4,0.4,0.66,0.5192307692307693,0.14076923076923076,0.7142857142857143,7,0.0,0.6666666666666666,123.15384615384616,115.0,126.5576923076923,146.34767116314583,152.86875725900114,-11.557692307692307,120.98,127.9423076923077,9.86,9.73076923076923,0.23085619913032396,1,0,0
247,2011,Mumbai Indians,Rajasthan Royals,"Himachal Pradesh Cricket Association Stadium, Dharamsala",0.4,0.4,0.0,0.5,0.5283018867924528,-0.028301886792452824,0.6666666666666666,6,0.0,0.5,130.25,131.94,127.54716981132076,156.1050638902035,152.7683615819209,4.392830188679241,123.86,127.9622641509434,9.82,9.735849056603774,0.49331425447952526,0,1,1
229,2011,Mumbai Indians,Rajasthan Royals,"Sawai Mansingh Stadium, Jaipur",0.6,0.4,0.19999999999999996,0.5098039215686274,0.5185185185185185,-0.008714596949891074,0.7142857142857143,7,0.5,0.3333333333333333,111.33333333333333,130.7058823529412,127.11111111111111,155.31220876048462,152.87305122494433,3.594771241830074,123.47058823529412,126.87037037037037,9.823529411764707,9.74074074074074,0.5338587554139274,1,1,1
249,2011,Royal Challengers Bengaluru,Punjab Kings,"Rajiv Gandhi Intl. Cricket Stadium, Hyderabad",0.2,0.6,-0.39999999999999997,0.5,0.5294117647058824,-0.02941176470588236,0.4,5,0.0,1.0,114.76923076923077,108.8125,130.35294117647058,147.54237288135593,154.7125901791948,-21.54044117647058,132.0,120.05882352941177,9.833333333333334,9.843137254901961,-0.08136838875776853,1,1,1
253,2011,Royal Challengers Bengaluru,Chennai Super Kings,"Eden Gardens, Kolkata",0.4,0.6,-0.19999999999999996,0.5102040816326531,0.5714285714285714,-0.061224489795918324,0.8,5,0.3333333333333333,0.42857142857142855,120.0,110.04081632653062,126.875,148.25405554028046,153.85448245993936,-16.834183673469383,132.14285714285714,121.08928571428571,9.83673469387755,9.875,-0.11187562428589004,0,0,1
255,2011,Pune Warriors India,Punjab Kings,"Himachal Pradesh Cricket Association Stadium, Dharamsala",0.2,0.4,-0.2,0.16666666666666666,0.5192307692307693,-0.35256410256410264,0.5,1,0.5,1.0,123.44444444444444,129.41666666666666,130.51923076923077,155.6112224448898,154.7776510832383,-1.1025641025641164,124.5,121.0,9.833333333333334,9.846153846153847,-0.17136536344404085,0,0,0
256,2011,Delhi Capitals,Kolkata Knight Riders,"Punjab Cricket Association Stadium, Mohali",0.4,0.6,-0.19999999999999996,0.6458333333333334,0.6470588235294118,-0.001225490196078427,1.0,3,0.5,0.6666666666666666,122.9375,115.08333333333333,115.27450980392157,146.29237288135593,146.57192720019944,-0.19117647058824616,130.95833333333334,122.11764705882354,9.979166666666666,9.843137254901961,0.14654668431675155,1,0,0
257,2011,Pune Warriors India,Kolkata Knight Riders,"Rajiv Gandhi Intl. Cricket Stadium, Hyderabad",0.2,0.8,-0.6000000000000001,0.15384615384615385,0.6538461538461539,-0.5,0.5,1,0.5,0.6666666666666666,118.64285714285714,134.23076923076923,115.78846153846153,157.2072072072072,146.6747868453106,18.442307692307693,129.3846153846154,121.59615384615384,9.846153846153847,9.846153846153847,0.04312283770302194,0,0,0
258,2011,Sunrisers Hyderabad,Mumbai Indians,"Brabourne Stadium, Mumbai",0.6,0.8,-0.20000000000000007,0.32142857142857145,0.5192307692307693,-0.19780219780219782,0.4,5,0.2,0.6666666666666666,124.625,131.01785714285714,129.21153846153845,152.12523325730874,154.70872668662216,1.806318681318686,119.75,122.65384615384616,9.892857142857142,9.826923076923077,-0.4098547077959882,1,0,0
260,2011,Chennai Super Kings,Kochi Tuskers Kerala,"Ekana Cricket Stadium, Lucknow",0.4,0.8,-0.4,0.5614035087719298,0.38461538461538464,0.17678812415654516,0.3333333333333333,6,0.14285714285714285,0.5,124.06666666666666,128.19298245614036,126.2,154.22119037568592,146.56065749508664,1.9929824561403535,119.89473684210526,121.53846153846153,9.87719298245614,9.907692307692308,-0.211464750396118,0,0,1
238,2011,Mumbai Indians,Pune Warriors India,"Narendra Modi Stadium, Ahmedabad",0.8,0.2,0.6000000000000001,0.5283018867924528,0.14285714285714285,0.38544474393531,0.5,2,0.2,0.0,114.2,130.20754716981133,132.14285714285714,154.83509086829704,157.4468085106383,-1.935309973045804,123.0,129.92857142857142,9.830188679245284,9.857142857142858,0.24230121158629458,0,1,1
239,2011,Mumbai Indians,Sunrisers Hyderabad,"Holkar Cricket Stadium, Indore",1.0,0.4,0.6,0.5370370370370371,0.3157894736842105,0.22124756335282658,0.6666666666666666,6,0.5,0.2,123.57142857142857,130.27777777777777,131.19298245614036,154.4456641053787,151.83756345177665,-0.9152046783625849,123.22222222222223,120.84210526315789,9.833333333333334,9.894736842105264,0.38038793151926775,0,1,1
243,2011,Mumbai Indians,Kolkata Knight Riders,"M. Chinnaswamy Stadium, Bengaluru",1.0,0.8,0.19999999999999996,0.5454545454545454,0.660377358490566,-0.11492281303602059,0.16666666666666666,6,0.6,1.0,131.33333333333334,130.29090909090908,116.18867924528301,154.7732181425486,146.54926225606854,14.10222984562607,123.07272727272728,121.28301886792453,9.836363636363636,9.849056603773585,0.2107284651890602,0,0,1
248,2011,Pune Warriors India,Punjab Kings,"M. A. Chidambaram Stadium, Chennai",0.0,0.6,-0.6,0.13333333333333333,0.5283018867924528,-0.3949685534591195,0.5,2,0.5,0.3333333333333333,121.89473684210526,132.33333333333334,131.60377358490567,157.9156722354813,155.37981733125417,0.7295597484276755,130.2,122.33962264150944,9.866666666666667,9.849056603773585,-0.12888075966131574,0,1,0
251,2011,Mumbai Indians,Chennai Super Kings,"Rajiv Gandhi Intl. Cricket Stadium, Hyderabad",1.0,0.6,0.4,0.5535714285714286,0.5689655172413793,-0.015394088669950734,0.3333333333333333,6,0.0,0.5,117.73333333333333,130.07142857142858,128.01724137931035,155.1107325383305,153.8860103626943,2.054187192118235,122.51785714285714,119.41379310344827,9.839285714285714,9.879310344827585,0.23255735018726753,1,0,0
254,2011,Kolkata Knight Riders,Kochi Tuskers Kerala,"Ekana Cricket Stadium, Lucknow",0.6,0.6,0.0,0.6481481481481481,0.3787878787878788,0.26936026936026936,0.75,4,1.0,0.4,123.6875,115.74074074074075,125.68181818181819,146.7480629255694,146.39957642075538,-9.94107744107744,121.22222222222223,121.48484848484848,9.851851851851851,9.909090909090908,-0.16648974082288426,1,0,1
259,2011,Punjab Kings,Kochi Tuskers Kerala,"Eden Gardens, Kolkata",0.6,0.4,0.19999999999999996,0.5370370370370371,0.373134328358209,0.1639027086788281,0.75,8,0.6666666666666666,1.0,116.05882352941177,131.27777777777777,125.34328358208955,155.29025191675794,146.10299234516353,5.934494195688217,121.18518518518519,121.31343283582089,9.851851851851851,9.91044776119403,-0.19594062316592087,0,1,1
261,2011,Chennai Super Kings,Kolkata Knight Riders,"DY Patil Stadium, Mumbai",0.6,0.6,0.0,0.576271186440678,0.6545454545454545,-0.07827426810477656,0.5,12,0.75,0.5,121.52173913043478,128.74576271186442,115.63636363636364,153.60970677451974,147.01803051317614,13.109399075500775,120.0,120.89090909090909,9.88135593220339,9.854545454545455,-0.026198141981261358,0,1,0
263,2012,Punjab Kings,Sunrisers Hyderabad,"Himachal Pradesh Cricket Association Stadium, Dharamsala",0.6,0.4,0.19999999999999996,0.5454545454545454,0.3103448275862069,0.2351097178683385,0.6,5,1.0,0.5,130.3,129.9090909090909,130.91379310344828,154.553320354748,151.46618791143027,-1.0047021943573782,122.56363636363636,121.01724137931035,9.818181818181818,9.89655172413793,0.14180534491945807,1,0,0
264,2012,Chennai Super Kings,Royal Challengers Bengaluru,"Rajiv Gandhi Intl. Cricket Stadium, Hyderabad",0.4,0.6,-0.19999999999999996,0.5666666666666667,0.52,0.046666666666666634,0.16666666666666666,6,0.6666666666666666,0.3333333333333333,120.0,128.83333333333334,108.9,153.9840637450199,147.68104149715217,19.933333333333337,119.75,133.54,9.883333333333333,9.8,0.02312906498448264,0,0,0
266,2012,Delhi Capitals,Chennai Super Kings,"DY Patil Stadium, Mumbai",0.4,0.4,0.0,0.6326530612244898,0.5573770491803278,0.07527601204416201,0.0,8,0.6,0.6,122.04166666666667,114.6734693877551,129.19672131147541,145.98597038191738,153.68564742589703,-14.52325192372031,131.18367346938774,118.77049180327869,9.979591836734693,9.885245901639344,0.20430319773085515,1,1,0
267,2012,Kolkata Knight Riders,Punjab Kings,"DY Patil Stadium, Mumbai",0.8,0.6,0.20000000000000007,0.6607142857142857,0.5357142857142857,0.125,0.75,4,0.5714285714285714,0.3333333333333333,121.04,115.44642857142857,128.85714285714286,147.06551410373066,154.5512957806811,-13.410714285714292,121.125,122.89285714285714,9.857142857142858,9.821428571428571,-0.007086819255311738,1,0,1
265,2012,Chennai Super Kings,Sunrisers Hyderabad,"Brabourne Stadium, Mumbai",0.6,0.4,0.19999999999999996,0.5645161290322581,0.3220338983050847,0.2424822307271734,0.8,5,1.0,0.16666666666666666,125.58823529411765,128.6290322580645,131.08474576271186,153.3358969428956,151.55790711346268,-2.455713504647349,118.41935483870968,120.16949152542372,9.887096774193548,9.898305084745763,0.06638985469339964,0,0,1
270,2012,Punjab Kings,Pune Warriors India,"Ekana Cricket Stadium, Lucknow",0.6,0.0,0.6,0.5263157894736842,0.125,0.4013157894736842,1.0,3,1.0,0.5,122.88235294117646,129.71929824561403,127.8125,154.58916997700186,154.92424242424244,1.906798245614027,122.29824561403508,129.1875,9.824561403508772,9.875,0.12767444664672034,0,0,0
271,2012,Royal Challengers Bengaluru,Delhi Capitals,"M. A. Chidambaram Stadium, Chennai",0.8,0.4,0.4,0.5294117647058824,0.62,-0.09058823529411764,0.2,5,0.8571428571428571,0.3333333333333333,118.8,107.94117647058823,114.32,147.2712680577849,146.11451942740285,-6.378823529411761,133.88235294117646,130.44,9.803921568627452,9.98,-0.19592645303649903,0,1,1
269,2012,Pune Warriors India,Royal Challengers Bengaluru,"Rajiv Gandhi Intl. Cricket Stadium, Hyderabad",0.2,1.0,-0.8,0.17647058823529413,0.5384615384615384,-0.3619909502262443,0.5,0,0.0,0.5,121.82352941176471,132.11764705882354,108.51923076923077,155.97222222222223,146.91486592033326,23.598416289592762,129.52941176470588,133.65384615384616,9.882352941176471,9.807692307692308,0.06416763344255472,1,0,1
275,2012,Royal Challengers Bengaluru,Chennai Super Kings,"Ekana Cricket Stadium, Lucknow",1.0,0.6,0.4,0.5384615384615384,0.5714285714285714,-0.03296703296703296,0.8571428571428571,7,0.4,0.25,123.55555555555556,108.51923076923077,129.33333333333334,146.91486592033326,153.12911106934786,-20.81410256410257,133.65384615384616,118.34920634920636,9.807692307692308,9.88888888888889,-0.04151479617592102,1,0,1
277,2012,Sunrisers Hyderabad,Kolkata Knight Riders,"Sawai Mansingh Stadium, Jaipur",0.4,0.8,-0.4,0.31666666666666665,0.6666666666666666,-0.35,0.125,8,0.0,0.8333333333333334,108.26315789473684,130.8,114.98245614035088,151.6521739130435,147.47974797479748,15.817543859649135,121.05,122.12280701754386,9.866666666666667,9.859649122807017,-0.1524349510671712,1,0,0
268,2012,Punjab Kings,Pune Warriors India,"Wankhede Stadium, Mumbai",0.4,0.4,0.0,0.5172413793103449,0.2222222222222222,0.29501915708812265,0.75,4,0.5,0.0,109.2,129.81034482758622,132.88888888888889,154.79029605263156,155.22388059701493,-3.078544061302665,123.65517241379311,131.94444444444446,9.793103448275861,9.88888888888889,0.06546862709505596,1,1,1
278,2012,Chennai Super Kings,Sunrisers Hyderabad,"Holkar Cricket Stadium, Indore",0.4,0.2,0.2,0.5625,0.3114754098360656,0.2510245901639344,0.8333333333333334,6,1.0,0.16666666666666666,124.06666666666666,129.5,129.91803278688525,153.14116777531413,151.52963671128109,-0.4180327868852487,118.75,120.60655737704919,9.890625,9.868852459016393,0.09440470534704559,1,1,0
279,2012,Royal Challengers Bengaluru,Pune Warriors India,"Himachal Pradesh Cricket Association Stadium, Dharamsala",0.8,0.4,0.4,0.5370370370370371,0.21052631578947367,0.3265107212475634,0.5,1,0.5,0.0,124.9090909090909,110.37037037037037,135.10526315789474,147.3788328387735,155.85913782635095,-24.734892787524373,134.0,131.26315789473685,9.814814814814815,9.894736842105264,-0.14859110088166183,1,1,1
272,2012,Punjab Kings,Royal Challengers Bengaluru,"Ekana Cricket Stadium, Lucknow",0.4,0.8,-0.4,0.5254237288135594,0.5454545454545454,-0.02003081664098605,0.5,6,0.5,0.5,124.63157894736842,129.6271186440678,110.78181818181818,155.037502533955,147.5659966093485,18.84530046224961,124.52542372881356,134.8,9.796610169491526,9.818181818181818,0.15651261996500487,0,1,0
273,2012,Pune Warriors India,Royal Challengers Bengaluru,"Punjab Cricket Association Stadium, Mohali",0.4,0.8,-0.4,0.2,0.5535714285714286,-0.3535714285714286,0.5,2,0.0,0.0,121.29411764705883,137.25,111.28571428571429,156.4102564102564,147.50295857988164,25.964285714285708,131.35,134.53571428571428,9.9,9.821428571428571,0.1222211302844638,1,1,1
284,2012,Kolkata Knight Riders,Punjab Kings,"Holkar Cricket Stadium, Indore",0.8,0.2,0.6000000000000001,0.6724137931034483,0.5166666666666667,0.15574712643678157,0.8,5,0.0,1.0,126.0625,114.62068965517241,129.46666666666667,147.3404255319149,155.29788084766093,-14.845977011494256,121.34482758620689,124.76666666666667,9.862068965517242,9.8,-0.061993753236276206,0,0,1
274,2012,Sunrisers Hyderabad,Royal Challengers Bengaluru,"M. Chinnaswamy Stadium, Bengaluru",0.4,0.6,-0.19999999999999996,0.3225806451612903,0.543859649122807,-0.22127900396151673,0.2,10,0.4,1.0,130.6315789473684,130.51612903225808,111.33333333333333,151.53558052434457,147.71880819366854,19.18279569892475,121.1774193548387,134.66666666666666,9.870967741935484,9.824561403508772,-0.06887905789625393,0,0,0
286,2012,Royal Challengers Bengaluru,Sunrisers Hyderabad,"Punjab Cricket Association Stadium, Mohali",0.8,0.4,0.4,0.5517241379310345,0.31746031746031744,0.23426382047071703,0.8181818181818182,11,0.0,0.0,122.44444444444444,111.32758620689656,130.9047619047619,148.30041341295362,151.54355016538037,-19.577175697865343,135.01724137931035,121.01587301587301,9.827586206896552,9.873015873015873,0.042065322610771005,0,1,0
292,2012,Sunrisers Hyderabad,Kolkata Knight Riders,"M. A. Chidambaram Stadium, Chennai",0.4,1.0,-0.6,0.328125,0.6779661016949152,-0.3498411016949152,0.1111111111111111,9,0.0,0.4,119.71428571428571,130.140625,115.2542372881356,151.1066763425254,147.4414570685169,14.886387711864401,121.953125,121.55932203389831,9.875,9.864406779661017,-0.07778038883168747,1,1,0
280,2012,Royal Challengers Bengaluru,Delhi Capitals,"Brabourne Stadium, Mumbai",0.6,0.2,0.39999999999999997,0.5423728813559322,0.6078431372549019,-0.06547025589896971,0.3333333333333333,6,0.5,0.6666666666666666,128.22222222222223,112.50847457627118,114.47058823529412,148.5343477287984,145.9135216195951,-1.9621136590229327,134.11864406779662,130.58823529411765,9.830508474576272,9.980392156862745,-0.15095236852333116,0,0,0
297,2012,Mumbai Indians,Rajasthan Royals,"M. Chinnaswamy Stadium, Bengaluru",0.8,0.4,0.4,0.543859649122807,0.509090909090909,0.034768740031898004,0.75,8,0.6666666666666666,0.25,131.85,130.49122807017545,126.27272727272727,154.79708636836628,152.30263157894737,4.218500797448186,123.36842105263158,125.52727272727273,9.807017543859649,9.745454545454546,0.46725604713808977,1,0,1
301,2012,Mumbai Indians,Royal Challengers Bengaluru,"Brabourne Stadium, Mumbai",0.8,0.4,0.4,0.5517241379310345,0.5333333333333333,0.01839080459770115,0.3333333333333333,3,0.75,0.4,124.36842105263158,129.81034482758622,111.55,154.3460434604346,148.3377659574468,18.260344827586223,124.25862068965517,133.95,9.810344827586206,9.833333333333334,0.2610807432026814,1,0,0
276,2012,Sunrisers Hyderabad,Pune Warriors India,"Narendra Modi Stadium, Ahmedabad",0.4,0.6,-0.19999999999999996,0.3230769230769231,0.23809523809523808,0.08498168498168501,0.5,1,0.5714285714285714,0.0,115.14285714285714,129.52307692307693,137.47619047619048,150.90518013981,156.9021739130435,-7.953113553113553,122.8923076923077,130.52380952380952,9.846153846153847,9.904761904761905,-0.151289838770154,1,1,1
283,2012,Delhi Capitals,Sunrisers Hyderabad,"Punjab Cricket Association Stadium, Mohali",0.2,0.6,-0.39999999999999997,0.6153846153846154,0.3333333333333333,0.2820512820512821,0.6666666666666666,6,0.4,0.2,125.52631578947368,114.65384615384616,129.37878787878788,145.52111300951915,151.15949725615152,-14.724941724941715,129.1346153846154,122.24242424242425,9.98076923076923,9.848484848484848,0.13923150479326019,1,1,0
287,2012,Rajasthan Royals,Chennai Super Kings,"DY Patil Stadium, Mumbai",0.4,0.4,0.0,0.5,0.5538461538461539,-0.05384615384615388,0.5,6,0.4444444444444444,0.6666666666666666,119.8076923076923,127.14285714285714,129.90769230769232,152.2343382510156,153.61106057849736,-2.7648351648351763,124.91071428571429,119.49230769230769,9.75,9.892307692307693,-0.2579055947062656,0,1,1
312,2012,Sunrisers Hyderabad,Chennai Super Kings,"Ekana Cricket Stadium, Lucknow",0.6,0.4,0.19999999999999996,0.34328358208955223,0.5454545454545454,-0.20217096336499318,0.2857142857142857,7,0.5,0.2222222222222222,124.4,129.82089552238807,130.3939393939394,151.74459176552685,153.5414808206958,-0.5730438715513344,123.25373134328358,119.66666666666667,9.835820895522389,9.893939393939394,-0.030643012760659616,1,0,1
314,2012,Royal Challengers Bengaluru,Chennai Super Kings,"Eden Gardens, Kolkata",0.4,0.2,0.2,0.5409836065573771,0.5373134328358209,0.0036701737215562025,0.875,8,0.5,0.375,112.72222222222223,110.22950819672131,131.50746268656715,147.585601404741,154.49763282482905,-21.27795448984584,133.9672131147541,120.64179104477611,9.836065573770492,9.895522388059701,-0.10796864655596039,1,0,1
316,2012,Kolkata Knight Riders,Delhi Capitals,"Eden Gardens, Kolkata",1.0,0.2,0.8,0.6833333333333333,0.6037735849056604,0.079559748427673,0.25,4,1.0,0.5,113.42105263157895,116.38333333333334,116.0754716981132,147.56973795435334,145.88570073511974,0.3078616352201351,121.03333333333333,129.69811320754718,9.866666666666667,9.981132075471699,-0.12190654505236154,1,0,1
290,2012,Sunrisers Hyderabad,Chennai Super Kings,"M. Chinnaswamy Stadium, Bengaluru",0.8,0.0,0.8,0.35294117647058826,0.5294117647058824,-0.1764705882352941,0.375,8,0.3333333333333333,0.4,129.9047619047619,130.63235294117646,131.66176470588235,152.3932063818837,154.76231633535005,-1.029411764705884,124.45588235294117,120.72058823529412,9.838235294117647,9.897058823529411,-0.03301319698203464,1,1,1
281,2012,Punjab Kings,Mumbai Indians,"Arun Jaitley Stadium, Delhi",0.2,0.6,-0.39999999999999997,0.5081967213114754,0.5423728813559322,-0.03417616004445678,0.375,8,0.5,0.6666666666666666,114.25,129.54098360655738,129.89830508474577,155.21508544490277,154.20523138833,-0.3573214781883962,125.21311475409836,122.67796610169492,9.80327868852459,9.813559322033898,-0.05763937412405262,1,1,1
318,2012,Mumbai Indians,Pune Warriors India,"Holkar Cricket Stadium, Indore",0.4,0.4,0.0,0.5333333333333333,0.22727272727272727,0.30606060606060603,0.6666666666666666,3,0.6,0.0,127.58823529411765,130.45,134.86363636363637,154.28740390301596,156.65258711721225,-4.413636363636385,123.06666666666666,130.04545454545453,9.816666666666666,9.909090909090908,0.0024970214180832784,1,1,0
319,2012,Chennai Super Kings,Mumbai Indians,"M. A. Chidambaram Stadium, Chennai",0.0,0.2,-0.2,0.5217391304347826,0.5245901639344263,-0.0028510334996436626,0.7142857142857143,7,0.6666666666666666,0.5,118.36363636363636,131.97101449275362,130.55737704918033,154.2082980524979,153.92346347120215,1.4136374435732932,121.3623188405797,123.44262295081967,9.898550724637682,9.819672131147541,-0.09570882311287399,0,1,1
282,2012,Sunrisers Hyderabad,Royal Challengers Bengaluru,"Ekana Cricket Stadium, Lucknow",0.8,0.6,0.20000000000000007,0.36231884057971014,0.5483870967741935,-0.18606825619448336,0.25,12,1.0,0.5714285714285714,127.28571428571429,131.1304347826087,110.48387096774194,152.55437531613555,148.0440890425762,20.646563814866752,124.8695652173913,134.09677419354838,9.826086956521738,9.838709677419354,0.045039705340949254,0,0,1
320,2012,Mumbai Indians,Sunrisers Hyderabad,"Wankhede Stadium, Mumbai",0.2,0.8,-0.6000000000000001,0.5161290322580645,0.36231884057971014,0.15381019167835436,0.7142857142857143,7,0.6666666666666666,0.0,109.66666666666667,129.6451612903226,131.1304347826087,153.45551737304314,152.55437531613555,-1.4852734922860975,124.03225806451613,124.8695652173913,9.82258064516129,9.826086956521738,0.20340067567369324,0,0,1
321,2012,Delhi Capitals,Kolkata Knight Riders,"Maharashtra Cricket Association Stadium, Pune",0.2,1.0,-0.8,0.5925925925925926,0.6885245901639344,-0.09593199757134185,0.6,5,0.5,1.0,147.30769230769232,115.96296296296296,116.49180327868852,146.171802054155,147.79534109816973,-0.5288403157255601,129.57407407407408,120.85245901639344,9.981481481481481,9.868852459016393,0.11988238611189495,0,0,1
326,2012,Kolkata Knight Riders,Punjab Kings,"Rajiv Gandhi Intl. Cricket Stadium, Hyderabad",0.8,0.4,0.4,0.6774193548387096,0.5161290322580645,0.16129032258064513,0.8333333333333334,6,0.75,0.75,123.16666666666667,116.98387096774194,129.80645161290323,148.14133986928104,155.21697203471552,-12.822580645161295,121.2741935483871,125.8225806451613,9.870967741935484,9.806451612903226,-0.05387785139767409,1,1,0
327,2012,Delhi Capitals,Royal Challengers Bengaluru,"Ekana Cricket Stadium, Lucknow",0.4,0.4,0.0,0.6,0.5396825396825397,0.060317460317460325,0.7142857142857143,7,0.5,0.5,127.18181818181819,116.52727272727273,110.36507936507937,146.62548615877373,148.15682932026422,6.1621933621933636,129.8909090909091,133.95238095238096,9.981818181818182,9.841269841269842,0.2511681847043441,0,0,1
295,2012,Punjab Kings,Chennai Super Kings,"M. Chinnaswamy Stadium, Bengaluru",0.6,0.2,0.39999999999999997,0.5238095238095238,0.5285714285714286,-0.004761904761904745,0.6666666666666666,6,0.5,0.3333333333333333,131.5,129.66666666666666,132.37142857142857,154.5987887963664,154.66533133032883,-2.7047619047619094,124.7936507936508,120.68571428571428,9.80952380952381,9.9,0.025685118975870225,1,1,0
285,2012,Sunrisers Hyderabad,Delhi Capitals,"Maharashtra Cricket Association Stadium, Pune",0.8,0.6,0.20000000000000007,0.36619718309859156,0.6071428571428571,-0.24094567404426553,0.42857142857142855,7,0.5,0.6666666666666666,147.28571428571428,130.74647887323943,116.01785714285714,151.6830065359477,146.4277665089024,14.728621730382287,124.50704225352112,131.05357142857142,9.830985915492958,9.982142857142858,-0.2120977537692852,1,1,1
329,2012,Royal Challengers Bengaluru,Delhi Capitals,"Wankhede Stadium, Mumbai",0.4,0.6,-0.19999999999999996,0.53125,0.6071428571428571,-0.0758928571428571,0.25,8,0.6666666666666666,1.0,110.18181818181819,111.6875,116.01785714285714,148.76170655567117,146.4277665089024,-4.330357142857139,133.234375,131.05357142857142,9.84375,9.982142857142858,-0.29142576713131163,1,1,0
330,2012,Delhi Capitals,Punjab Kings,"Ekana Cricket Stadium, Lucknow",0.6,0.4,0.19999999999999996,0.603448275862069,0.515625,0.08782327586206895,0.5555555555555556,9,0.6666666666666666,0.3333333333333333,125.47826086956522,116.58620689655173,128.828125,146.11063094209163,154.0257799364842,-12.24191810344827,129.94827586206895,123.8125,9.982758620689655,9.8125,0.10148369165770355,0,0,1
298,2012,Punjab Kings,Pune Warriors India,"Brabourne Stadium, Mumbai",0.4,0.4,0.0,0.5076923076923077,0.2608695652173913,0.24682274247491637,0.8,5,0.3333333333333333,0.0,124.9,129.6769230769231,135.34782608695653,154.40556878549185,157.14285714285714,-5.670903010033442,124.1076923076923,130.34782608695653,9.815384615384616,9.91304347826087,-0.01450952210669243,1,1,1
300,2012,Kolkata Knight Riders,Chennai Super Kings,"Maharashtra Cricket Association Stadium, Pune",0.6,0.4,0.19999999999999996,0.6666666666666666,0.5352112676056338,0.13145539906103287,0.5384615384615384,13,0.5,0.6666666666666666,142.26666666666668,116.0952380952381,131.38028169014083,147.72773177135932,154.59065296652304,-15.285043594902731,121.26984126984127,120.05633802816901,9.873015873015873,9.901408450704226,-0.005811440121338052,1,0,0
288,2012,Punjab Kings,Rajasthan Royals,"Brabourne Stadium, Mumbai",0.6,0.4,0.19999999999999996,0.5151515151515151,0.5087719298245614,0.006379585326953707,0.4,5,0.5,0.75,125.0,129.63636363636363,127.21052631578948,154.6358214350262,152.620500947169,2.4258373205741464,123.1969696969697,125.56140350877193,9.818181818181818,9.75438596491228,0.36089394984287004,1,0,0
289,2012,Sunrisers Hyderabad,Chennai Super Kings,"Eden Gardens, Kolkata",0.8,0.6,0.20000000000000007,0.375,0.5416666666666666,-0.16666666666666663,0.4444444444444444,9,0.0,0.3333333333333333,113.9,129.93055555555554,131.41666666666666,151.37540453074433,154.4564152791381,-1.4861111111111143,125.01388888888889,120.15277777777777,9.791666666666666,9.902777777777779,-0.0649669477259085,1,0,1
302,2012,Delhi Capitals,Royal Challengers Bengaluru,"Brabourne Stadium, Mumbai",0.8,0.4,0.4,0.6101694915254238,0.5230769230769231,0.08709256844850066,0.7777777777777778,9,0.75,0.5,125.86363636363636,117.03389830508475,111.9076923076923,146.4475079533404,148.90481064483112,5.1262059973924465,130.864406779661,132.7846153846154,9.983050847457626,9.846153846153847,0.29782822490368055,1,1,1
303,2012,Rajasthan Royals,Chennai Super Kings,"Punjab Cricket Association Stadium, Mohali",0.4,0.6,-0.19999999999999996,0.5172413793103449,0.5342465753424658,-0.017005196032120917,0.5714285714285714,7,0.6666666666666666,1.0,128.75,127.1896551724138,131.05479452054794,153.1451110649782,154.1076030927835,-3.86513934813415,125.87931034482759,121.05479452054794,9.758620689655173,9.904109589041095,-0.3091929079174136,0,1,0
305,2012,Mumbai Indians,Sunrisers Hyderabad,"Rajiv Gandhi Intl. Cricket Stadium, Hyderabad",0.2,0.8,-0.6000000000000001,0.5238095238095238,0.3835616438356164,0.14024787997390742,0.75,8,0.0,0.6666666666666666,119.89473684210526,129.5079365079365,130.6986301369863,152.99081192574536,151.51659520406542,-1.1906936290498038,123.80952380952381,124.73972602739725,9.825396825396826,9.794520547945206,0.24514019653260455,1,1,0
291,2012,Royal Challengers Bengaluru,Pune Warriors India,"M. A. Chidambaram Stadium, Chennai",0.2,0.4,-0.2,0.5151515151515151,0.25,0.26515151515151514,0.3333333333333333,3,0.875,0.0,120.17391304347827,112.27272727272727,132.375,149.45542557482855,157.0439940682155,-20.102272727272734,133.03030303030303,130.20833333333334,9.848484848484848,9.916666666666666,-0.2444283645090337,1,1,1
293,2012,Royal Challengers Bengaluru,Kolkata Knight Riders,"Arun Jaitley Stadium, Delhi",0.2,0.4,-0.2,0.5223880597014925,0.65625,-0.1338619402985075,0.4,5,0.0,0.6666666666666666,116.11764705882354,112.11940298507463,116.265625,149.13639070875521,147.93240556660038,-4.146222014925371,132.955223880597,121.46875,9.850746268656716,9.875,-0.11465047241532389,1,1,0
309,2012,Sunrisers Hyderabad,Delhi Capitals,"Ekana Cricket Stadium, Lucknow",0.8,0.8,0.0,0.3918918918918919,0.6166666666666667,-0.2247747747747748,0.5,8,1.0,0.75,126.20833333333333,130.24324324324326,117.56666666666666,151.49324111914493,146.40929846409298,12.676576576576593,125.08108108108108,130.95,9.797297297297296,9.983333333333333,-0.2665548475201245,1,1,1
294,2012,Rajasthan Royals,Kolkata Knight Riders,"Narendra Modi Stadium, Ahmedabad",0.4,0.4,0.0,0.5084745762711864,0.6615384615384615,-0.1530638852672751,0.375,8,0.3333333333333333,1.0,115.36363636363636,126.55932203389831,116.72307692307692,153.3264887063655,148.0679156908665,9.836245110821395,125.77966101694915,122.29230769230769,9.76271186440678,9.876923076923077,-0.28513424673908006,1,0,1
296,2012,Punjab Kings,Delhi Capitals,"Narendra Modi Stadium, Ahmedabad",0.4,0.6,-0.19999999999999996,0.5074626865671642,0.6065573770491803,-0.09909469048201613,0.4,10,0.75,0.5,114.69565217391305,129.8507462686567,117.27868852459017,154.55675963759106,146.6284074605452,12.57205774406654,123.23880597014926,131.14754098360655,9.82089552238806,9.98360655737705,-0.1365645998941627,1,0,0
313,2012,Rajasthan Royals,Pune Warriors India,"Holkar Cricket Stadium, Indore",0.6,0.4,0.19999999999999996,0.5166666666666667,0.24,0.2766666666666667,0.5,2,0.75,0.5,128.11111111111111,126.11666666666666,132.2,153.58230160340977,156.56087162482234,-6.083333333333329,126.05,129.08,9.766666666666667,9.92,-0.362346986817327,0,0,1
315,2012,Kolkata Knight Riders,Sunrisers Hyderabad,"Arun Jaitley Stadium, Delhi",0.2,0.8,-0.6000000000000001,0.6515151515151515,0.4,0.25151515151515147,0.9,10,0.7142857142857143,0.3333333333333333,119.38888888888889,117.10606060606061,130.41333333333333,147.83856159143076,151.83172927662216,-13.307272727272718,121.95454545454545,124.74666666666667,9.878787878787879,9.8,0.06973689910615022,0,1,1
299,2012,Royal Challengers Bengaluru,Delhi Capitals,"Sawai Mansingh Stadium, Jaipur",0.2,0.8,-0.6000000000000001,0.5147058823529411,0.6129032258064516,-0.0981973434535105,0.2,10,0.5,0.8,106.7,113.04411764705883,116.7258064516129,149.40719144800778,146.52763717351692,-3.6816888045540708,133.14705882352942,131.0,9.852941176470589,9.983870967741936,-0.3565274005315864,1,0,0
317,2012,Royal Challengers Bengaluru,Mumbai Indians,"Sawai Mansingh Stadium, Jaipur",0.2,0.2,0.0,0.5147058823529411,0.515625,-0.0009191176470588758,0.75,4,0.5,0.6666666666666666,106.7,113.04411764705883,129.828125,149.40719144800778,153.21777613866863,-16.784007352941174,133.14705882352942,123.390625,9.852941176470589,9.828125,-0.28717574539607504,1,1,1
324,2012,Delhi Capitals,Pune Warriors India,"Sawai Mansingh Stadium, Jaipur",0.8,0.2,0.6000000000000001,0.6190476190476191,0.23076923076923078,0.3882783882783883,0.5,1,0.8333333333333334,0.0,107.27272727272727,117.23809523809524,132.69230769230768,146.402378592666,156.67574931880108,-15.454212454212438,130.85714285714286,130.69230769230768,9.984126984126984,9.73076923076923,0.19822228645758067,1,1,1
304,2012,Rajasthan Royals,Chennai Super Kings,"Maharashtra Cricket Association Stadium, Pune",0.8,0.8,0.0,0.5245901639344263,0.5405405405405406,-0.015950376606114314,0.5,8,0.5,0.75,141.3125,126.85245901639344,130.90540540540542,153.31880324945513,154.12887828162292,-4.052946389011979,126.36065573770492,120.63513513513513,9.770491803278688,9.905405405405405,-0.3078353710927768,1,1,0
306,2012,Delhi Capitals,Kolkata Knight Riders,"Sawai Mansingh Stadium, Jaipur",0.8,0.4,0.4,0.625,0.6567164179104478,-0.03171641791044777,0.6666666666666666,6,0.8571428571428571,0.8571428571428571,110.91304347826087,118.390625,116.50746268656717,146.69893514036787,147.9810426540284,1.883162313432834,130.8125,122.68656716417911,9.984375,9.880597014925373,0.2359336878374485,0,0,0
328,2012,Kolkata Knight Riders,Mumbai Indians,"Narendra Modi Stadium, Ahmedabad",0.6,0.2,0.39999999999999997,0.6617647058823529,0.5076923076923077,0.15407239819004526,0.7142857142857143,7,0.75,0.3333333333333333,115.0,117.82352941176471,129.41538461538462,148.50787766450418,152.8343023255814,-11.591855203619915,122.69117647058823,123.0923076923077,9.882352941176471,9.830769230769231,-0.15741890339052134,1,0,0
307,2012,Royal Challengers Bengaluru,Kolkata Knight Riders,"Himachal Pradesh Cricket Association Stadium, Dharamsala",0.4,0.6,-0.19999999999999996,0.5142857142857142,0.6521739130434783,-0.13788819875776404,0.3333333333333333,6,1.0,0.5,125.58333333333333,113.04285714285714,118.02898550724638,149.2174240995663,147.75036284470247,-4.986128364389231,132.94285714285715,122.59420289855072,9.857142857142858,9.884057971014492,-0.12050986394557661,1,0,1
308,2012,Rajasthan Royals,Delhi Capitals,"M. A. Chidambaram Stadium, Chennai",0.6,0.6,0.0,0.5161290322580645,0.6153846153846154,-0.09925558312655092,0.25,4,1.0,0.25,119.41666666666667,126.2258064516129,118.46153846153847,153.09076682316118,146.33219308247814,7.76426799007443,126.41935483870968,131.96923076923076,9.774193548387096,9.953846153846154,-0.5368229259753186,0,1,1
310,2012,Mumbai Indians,Delhi Capitals,"Wankhede Stadium, Mumbai",0.4,0.6,-0.19999999999999996,0.5151515151515151,0.6060606060606061,-0.09090909090909094,0.25,4,0.75,1.0,110.8695652173913,129.21212121212122,118.54545454545455,152.55813953488374,146.16103119745938,10.666666666666671,123.22727272727273,132.4848484848485,9.833333333333334,9.954545454545455,-0.1770240116274806,0,0,1
311,2012,Sunrisers Hyderabad,Mumbai Indians,"Eden Gardens, Kolkata",0.8,0.6,0.20000000000000007,0.39473684210526316,0.5223880597014925,-0.12765121759622933,0.3333333333333333,9,0.25,0.6666666666666666,117.33333333333333,130.94736842105263,129.13432835820896,151.7767271618118,152.27032734952482,1.813040062843669,124.11842105263158,124.17910447761194,9.802631578947368,9.835820895522389,-0.1994574423559996,0,1,1
322,2012,Rajasthan Royals,Sunrisers Hyderabad,"Sawai Mansingh Stadium, Jaipur",0.6,0.8,-0.20000000000000007,0.5238095238095238,0.4025974025974026,0.12121212121212122,0.6666666666666666,6,0.25,0.0,111.41666666666667,126.85714285714286,130.80519480519482,153.10344827586206,151.66390603824723,-3.9480519480519547,126.38095238095238,124.46753246753246,9.777777777777779,9.805194805194805,-0.23537625122516914,0,1,1
323,2012,Pune Warriors India,Kolkata Knight Riders,"DY Patil Stadium, Mumbai",0.2,0.4,-0.2,0.2222222222222222,0.6428571428571429,-0.4206349206349207,0.5,2,0.5,0.625,120.22222222222223,132.5185185185185,118.31428571428572,157.20562390158173,147.81367124754595,14.204232804232788,132.92592592592592,121.47142857142858,9.703703703703704,9.885714285714286,0.11125345795396413,1,0,0
325,2012,Sunrisers Hyderabad,Delhi Capitals,"Himachal Pradesh Cricket Association Stadium, Dharamsala",0.6,0.4,0.19999999999999996,0.3974358974358974,0.5970149253731343,-0.19957902793723686,0.5555555555555556,9,0.6666666666666666,0.5,119.3076923076923,131.10256410256412,119.56716417910448,151.74358213384775,147.2610294117647,11.535399923459636,124.47435897435898,132.3582089552239,9.807692307692308,9.955223880597014,-0.30625625149795965,1,1,1
331,2012,Delhi Capitals,Royal Challengers Bengaluru,"Brabourne Stadium, Mumbai",0.2,0.6,-0.39999999999999997,0.5882352941176471,0.5211267605633803,0.06710853355426682,0.8181818181818182,11,0.8,0.42857142857142855,126.8695652173913,118.94117647058823,112.07042253521126,147.29557457657987,148.7845923709798,6.8707539353769675,133.5735294117647,133.01408450704224,9.941176470588236,9.859154929577464,0.4234211898717142,0,1,0
332,2012,Rajasthan Royals,Royal Challengers Bengaluru,"Eden Gardens, Kolkata",0.8,0.6,0.20000000000000007,0.53125,0.5277777777777778,0.00347222222222221,0.5714285714285714,7,0.5,0.6,117.45454545454545,126.828125,112.59722222222223,152.71872060206962,149.4102469590859,14.230902777777771,126.8125,132.97222222222223,9.78125,9.86111111111111,-0.12782137592168574,1,0,0
333,2013,Kolkata Knight Riders,Delhi Capitals,"Ekana Cricket Stadium, Lucknow",0.6,0.0,0.6,0.647887323943662,0.5797101449275363,0.06817717901612574,0.42857142857142855,7,1.0,0.6,126.88,118.21126760563381,119.10144927536231,147.92033838561863,147.4609725462049,-0.8901816697285057,121.16901408450704,133.81159420289856,9.887323943661972,9.942028985507246,-0.37604067221911386,0,1,1
334,2013,Royal Challengers Bengaluru,Delhi Capitals,"Maharashtra Cricket Association Stadium, Pune",0.8,0.0,0.8,0.5342465753424658,0.5714285714285714,-0.03718199608610562,0.25,12,0.5,0.5,138.1764705882353,113.21917808219177,119.34285714285714,149.97278170930866,147.51898287126966,-6.123679060665367,132.6986301369863,133.4857142857143,9.863013698630137,9.942857142857143,-0.4242484677587637,0,0,1
337,2013,Punjab Kings,Mumbai Indians,"Himachal Pradesh Cricket Association Stadium, Dharamsala",0.2,0.4,-0.2,0.5,0.5147058823529411,-0.014705882352941124,0.4444444444444444,9,0.6666666666666666,0.5,126.14285714285714,129.73529411764707,129.4558823529412,154.6633941093969,152.35375562478367,0.279411764705884,122.6470588235294,124.11764705882354,9.823529411764707,9.838235294117647,-0.06084403358538637,0,1,1
335,2013,Rajasthan Royals,Sunrisers Hyderabad,"M. A. Chidambaram Stadium, Chennai",0.6,0.6,0.0,0.5230769230769231,0.4050632911392405,0.1180136319376826,0.7142857142857143,7,1.0,0.0,121.28,126.61538461538461,132.16455696202533,153.05932676213502,152.22335617436943,-5.549172346640717,127.29230769230769,123.87341772151899,9.784615384615385,9.810126582278482,-0.17221215106882326,1,1,1
339,2013,Mumbai Indians,Kolkata Knight Riders,"DY Patil Stadium, Mumbai",0.4,0.6,-0.19999999999999996,0.5072463768115942,0.6527777777777778,-0.14553140096618356,0.375,8,0.0,0.6666666666666666,119.5,128.8985507246377,118.11111111111111,152.26844718370143,147.99860772711452,10.787439613526573,124.10144927536231,121.375,9.840579710144928,9.88888888888889,0.2129514601969955,0,1,1
336,2013,Punjab Kings,Kolkata Knight Riders,"Rajiv Gandhi Intl. Cricket Stadium, Hyderabad",0.4,0.4,0.0,0.5072463768115942,0.6438356164383562,-0.13658923962676195,0.2857142857142857,7,0.8,0.6,121.4,129.63768115942028,117.63013698630137,154.70425458318923,148.25621546961324,12.007544173118916,122.18840579710145,122.05479452054794,9.826086956521738,9.89041095890411,0.115486423216689,0,1,0
342,2013,Chennai Super Kings,Mumbai Indians,"M. Chinnaswamy Stadium, Bengaluru",0.8,0.6,0.20000000000000007,0.5466666666666666,0.5142857142857142,0.0323809523809524,0.75,8,0.42857142857142855,0.7142857142857143,129.08695652173913,130.89333333333335,129.5,154.2583280955374,152.68654202459155,1.393333333333345,120.2,123.51428571428572,9.906666666666666,9.842857142857143,-0.1444456136658605,0,1,1
343,2013,Punjab Kings,Delhi Capitals,"Arun Jaitley Stadium, Delhi",0.4,0.0,0.4,0.5,0.5633802816901409,-0.06338028169014087,0.36363636363636365,11,0.6,0.3333333333333333,117.15789473684211,128.68571428571428,119.16901408450704,154.5376565448619,147.81621243885394,9.516700201207243,121.25714285714285,132.80281690140845,9.82857142857143,9.943661971830986,-0.24776346299198515,0,1,1
346,2013,Punjab Kings,Rajasthan Royals,"Maharashtra Cricket Association Stadium, Pune",0.4,0.6,-0.19999999999999996,0.5070422535211268,0.5303030303030303,-0.023260776781903525,0.3333333333333333,6,0.5,0.0,135.22222222222223,128.08450704225353,126.33333333333333,154.502208630649,152.87862119545287,1.7511737089202057,120.87323943661971,127.34848484848484,9.830985915492958,9.787878787878787,0.28700466903180555,0,0,1
340,2013,Rajasthan Royals,Delhi Capitals,"Arun Jaitley Stadium, Delhi",0.6,0.0,0.6,0.5223880597014925,0.5555555555555556,-0.03316749585406309,0.4,5,0.0,0.25,115.6,127.56716417910448,118.81944444444444,153.88908894490459,147.98477772011762,8.747719734660038,126.86567164179104,132.15277777777777,9.791044776119403,9.944444444444445,-0.5293986445561245,1,1,1
347,2013,Chennai Super Kings,Sunrisers Hyderabad,"Punjab Cricket Association Stadium, Mohali",0.8,0.4,0.4,0.5526315789473685,0.4,0.15263157894736845,0.5,10,1.0,0.3333333333333333,126.9047619047619,132.03947368421052,132.15,154.7655768044417,152.44412400865178,-0.11052631578948535,120.4342105263158,123.675,9.907894736842104,9.8125,0.05958016334411376,1,1,0
338,2013,Royal Challengers Bengaluru,Kolkata Knight Riders,"Eden Gardens, Kolkata",1.0,0.6,0.4,0.5405405405405406,0.6486486486486487,-0.10810810810810811,0.42857142857142855,7,0.6666666666666666,1.0,117.26086956521739,112.83783783783784,116.8108108108108,150.23389708528248,148.19132521858393,-3.9729729729729684,132.35135135135135,121.25675675675676,9.864864864864865,9.891891891891891,-0.05599419909646208,1,1,1
341,2013,Mumbai Indians,Royal Challengers Bengaluru,"Wankhede Stadium, Mumbai",0.4,1.0,-0.6,0.5070422535211268,0.5466666666666666,-0.03962441314553988,0.2,5,0.8,0.5,111.41666666666667,129.61971830985917,114.01333333333334,152.34232742923356,150.9443954104148,15.606384976525831,124.84507042253522,132.6,9.830985915492958,9.866666666666667,0.29988209732159987,1,0,0
350,2013,Chennai Super Kings,Kolkata Knight Riders,"Eden Gardens, Kolkata",0.6,0.6,0.0,0.5454545454545454,0.64,-0.0945454545454546,0.5,14,0.3,0.8,120.75,131.8961038961039,117.26666666666667,154.5814307458143,148.16374663072776,14.629437229437244,119.53246753246754,122.32,9.909090909090908,9.893333333333333,-0.023769984900471997,1,1,0
344,2013,Mumbai Indians,Royal Challengers Bengaluru,"Punjab Cricket Association Stadium, Mohali",0.2,1.0,-0.8,0.5,0.5526315789473685,-0.052631578947368474,0.16666666666666666,6,0.5,0.0,126.63636363636364,130.51388888888889,113.34210526315789,152.52394091868203,150.51546391752578,17.171783625730995,123.98611111111111,133.4078947368421,9.833333333333334,9.828947368421053,0.2593137216518535,0,1,0
345,2013,Chennai Super Kings,Mumbai Indians,"DY Patil Stadium, Mumbai",0.6,0.2,0.39999999999999997,0.5384615384615384,0.4931506849315068,0.045310853530031614,0.7777777777777778,9,0.5714285714285714,0.5,121.27586206896552,132.51282051282053,131.08219178082192,154.56856587408404,153.10399999999998,1.4306287319986097,119.43589743589743,123.1917808219178,9.91025641025641,9.835616438356164,-0.19114519944423947,0,1,0
357,2013,Kolkata Knight Riders,Mumbai Indians,"Punjab Cricket Association Stadium, Mohali",0.6,0.2,0.39999999999999997,0.6447368421052632,0.4931506849315068,0.15158615717375634,0.5555555555555556,9,0.75,0.0,128.6086956521739,117.19736842105263,131.08219178082192,148.20299500831945,153.10399999999998,-13.884823359769285,123.07894736842105,123.1917808219178,9.894736842105264,9.835616438356164,-0.16457184970147765,0,1,1
358,2013,Chennai Super Kings,Delhi Capitals,"Wankhede Stadium, Mumbai",0.4,0.0,0.4,0.5316455696202531,0.547945205479452,-0.016299635859198913,1.0,9,0.7142857142857143,0.8333333333333334,114.72,132.873417721519,118.24657534246575,155.14336387821461,147.68177929854576,14.626842379053244,119.36708860759494,131.86301369863014,9.91139240506329,9.945205479452055,-0.3163033158806474,0,0,0
366,2013,Sunrisers Hyderabad,Kolkata Knight Riders,"Brabourne Stadium, Mumbai",0.6,0.6,0.0,0.4074074074074074,0.6493506493506493,-0.24194324194324196,0.09090909090909091,11,0.14285714285714285,0.5,127.0,131.14814814814815,117.54545454545455,152.0395019321597,148.25552825552825,13.602693602693606,123.64197530864197,122.87012987012987,9.814814814814815,9.896103896103897,-0.061233200127141174,1,0,0
367,2013,Delhi Capitals,Rajasthan Royals,"Arun Jaitley Stadium, Delhi",0.2,0.6,-0.39999999999999997,0.5540540540540541,0.5294117647058824,0.024642289348171698,0.5,6,0.2,0.3333333333333333,115.38095238095238,119.25675675675676,127.32352941176471,148.12017455521988,153.7014024498491,-8.066772655007952,131.86486486486487,126.13235294117646,9.945945945945946,9.794117647058824,0.5272253514115803,1,0,1
368,2013,Delhi Capitals,Punjab Kings,"M. A. Chidambaram Stadium, Chennai",0.4,0.6,-0.19999999999999996,0.56,0.5138888888888888,0.046111111111111214,0.5833333333333334,12,0.2,0.42857142857142855,120.76923076923077,118.29333333333334,127.625,147.74354704412988,154.33322136378905,-9.331666666666663,131.16,122.09722222222223,9.946666666666667,9.833333333333334,0.1292133859840625,0,1,0
352,2013,Mumbai Indians,Kolkata Knight Riders,"Maharashtra Cricket Association Stadium, Pune",0.2,0.8,-0.6000000000000001,0.49333333333333335,0.6538461538461539,-0.1605128205128205,0.4,10,0.4,0.3333333333333333,133.10526315789474,130.53333333333333,118.25641025641026,153.23211770230083,148.70224085120103,12.276923076923069,123.97333333333333,124.06410256410257,9.84,9.871794871794872,0.17506848923260954,1,1,0
353,2013,Delhi Capitals,Sunrisers Hyderabad,"Himachal Pradesh Cricket Association Stadium, Dharamsala",0.4,0.4,0.0,0.5526315789473685,0.4024390243902439,0.15019255455712455,0.4,10,0.3333333333333333,0.75,125.93333333333334,117.73684210526316,132.1829268292683,147.38922747488058,152.51160827353314,-14.446084724005132,131.96052631578948,124.2439024390244,9.921052631578947,9.817073170731707,0.319424952857041,0,0,0
373,2013,Punjab Kings,Sunrisers Hyderabad,"Himachal Pradesh Cricket Association Stadium, Dharamsala",0.8,0.4,0.4,0.5205479452054794,0.4024390243902439,0.1181089208152355,0.5,6,0.75,0.75,125.93333333333334,128.5068493150685,132.1829268292683,154.4451761606849,152.51160827353314,-3.6760775141997897,121.46575342465754,124.2439024390244,9.835616438356164,9.817073170731707,0.15905043757812898,1,0,0
374,2013,Mumbai Indians,Punjab Kings,"Narendra Modi Stadium, Ahmedabad",0.2,0.6,-0.39999999999999997,0.4868421052631579,0.5135135135135135,-0.026671408250355577,0.5,10,0.42857142857142855,0.6,115.68,130.3684210526316,127.94594594594595,153.4221121090121,154.352787740463,2.4224751066856385,124.98684210526316,121.97297297297297,9.842105263157896,9.837837837837839,0.11709299329345235,0,1,0
354,2013,Royal Challengers Bengaluru,Punjab Kings,"Brabourne Stadium, Mumbai",1.0,0.8,0.19999999999999996,0.5584415584415584,0.52,0.03844155844155839,0.5714285714285714,7,0.5,0.4,130.56,112.72727272727273,128.21333333333334,150.43327556325823,154.17668751002086,-15.486060606060605,133.9090909090909,122.45333333333333,9.831168831168831,9.84,-0.19797558837674778,0,0,0
355,2013,Punjab Kings,Chennai Super Kings,"Maharashtra Cricket Association Stadium, Pune",0.8,0.2,0.6000000000000001,0.5263157894736842,0.525,0.001315789473684159,0.5714285714285714,7,0.6666666666666666,0.8,132.35,127.52631578947368,132.8625,153.57312628743466,155.0320886814469,-5.336184210526326,122.1842105263158,120.2875,9.842105263157896,9.9125,0.1296326269400847,0,0,0
378,2013,Sunrisers Hyderabad,Mumbai Indians,"M. Chinnaswamy Stadium, Bengaluru",0.6,0.2,0.39999999999999997,0.4166666666666667,0.4805194805194805,-0.06385281385281383,0.4,10,0.42857142857142855,0.625,132.79166666666666,132.96428571428572,130.72727272727272,153.18886298175835,153.60903403021518,2.237012987013003,123.52380952380952,125.28571428571429,9.821428571428571,9.844155844155845,-0.2725447543927402,1,1,0
348,2013,Sunrisers Hyderabad,Chennai Super Kings,"Holkar Cricket Stadium, Indore",0.6,0.2,0.39999999999999997,0.4166666666666667,0.5308641975308642,-0.11419753086419754,0.5454545454545454,11,0.2857142857142857,0.5,130.3684210526316,132.96428571428572,132.4814814814815,153.18886298175835,155.02744871424443,0.48280423280422724,123.52380952380952,119.29629629629629,9.821428571428571,9.91358024691358,-0.024207707612305285,1,0,1
379,2013,Delhi Capitals,Punjab Kings,"DY Patil Stadium, Mumbai",0.4,0.6,-0.19999999999999996,0.5454545454545454,0.5194805194805194,0.025974025974025983,0.5384615384615384,13,0.5,0.2857142857142857,122.6,117.51948051948052,126.3896103896104,147.61827079934747,153.16336166194523,-8.870129870129873,132.46753246753246,121.92207792207792,9.922077922077921,9.844155844155845,0.16174233596745857,0,0,0
356,2013,Rajasthan Royals,Delhi Capitals,"Narendra Modi Stadium, Ahmedabad",0.4,0.4,0.0,0.5217391304347826,0.5454545454545454,-0.02371541501976282,0.42857142857142855,7,0.5,0.5714285714285714,117.3076923076923,126.6231884057971,117.51948051948052,153.20007013852359,147.61827079934747,9.10370788631657,124.98550724637681,132.46753246753246,9.797101449275363,9.922077922077921,-0.5551368570236512,1,1,1
380,2013,Mumbai Indians,Punjab Kings,"Brabourne Stadium, Mumbai",0.4,0.6,-0.19999999999999996,0.48717948717948717,0.5256410256410257,-0.03846153846153849,0.45454545454545453,11,0.6,0.5,129.46153846153845,129.78205128205127,126.64102564102564,153.4485372138851,153.09981401115934,3.141025641025635,125.57692307692308,121.61538461538461,9.846153846153847,9.846153846153847,0.08078074662243928,0,0,1
349,2013,Sunrisers Hyderabad,Rajasthan Royals,"Sawai Mansingh Stadium, Jaipur",0.6,0.6,0.0,0.4186046511627907,0.5285714285714286,-0.10996677740863786,0.25,8,0.0,0.4,111.96,133.3139534883721,125.64285714285714,153.05032705913763,152.6114870727052,7.671096345514968,122.5813953488372,125.35714285714286,9.825581395348838,9.8,0.1752794474250674,0,0,0
382,2013,Royal Challengers Bengaluru,Kolkata Knight Riders,"Holkar Cricket Stadium, Indore",0.8,0.8,0.0,0.5512820512820513,0.6582278481012658,-0.10694579681921446,0.5,8,0.5,0.3333333333333333,131.25,112.58974358974359,119.30379746835443,150.42822884549503,149.53196890369665,-6.714053878610841,133.16666666666666,123.9873417721519,9.833333333333334,9.873417721518987,-0.12423463384883249,1,0,1
359,2013,Delhi Capitals,Chennai Super Kings,"Holkar Cricket Stadium, Indore",0.2,0.2,0.0,0.5316455696202531,0.524390243902439,0.007255325717814065,0.1,10,1.0,0.3333333333333333,127.0952380952381,117.69620253164557,132.1951219512195,148.29346092503988,155.05650121584895,-14.498919419573937,131.69620253164558,119.64634146341463,9.924050632911392,9.914634146341463,0.27600127356261517,1,0,1
386,2013,Rajasthan Royals,Kolkata Knight Riders,"Wankhede Stadium, Mumbai",0.6,0.8,-0.20000000000000007,0.5352112676056338,0.65,-0.11478873239436627,0.4444444444444444,9,1.0,0.3333333333333333,115.38461538461539,125.80281690140845,118.9375,152.3712043671102,149.48939512961508,6.865316901408448,125.38028169014085,122.9875,9.80281690140845,9.875,-0.25403338980178347,1,1,0
387,2013,Chennai Super Kings,Mumbai Indians,"Holkar Cricket Stadium, Indore",0.2,0.4,-0.2,0.5180722891566265,0.4936708860759494,0.02440140308067712,0.7,10,0.25,0.5,128.54545454545453,132.3012048192771,129.81012658227849,154.74915445321307,153.21978186164648,2.491078236998618,120.12048192771084,125.72151898734177,9.91566265060241,9.848101265822784,-0.25057548709824573,1,1,0
351,2013,Sunrisers Hyderabad,Royal Challengers Bengaluru,"Sawai Mansingh Stadium, Jaipur",0.6,0.8,-0.20000000000000007,0.41379310344827586,0.5569620253164557,-0.1431689218681798,0.3076923076923077,13,0.0,0.5,112.53846153846153,133.24137931034483,111.72151898734177,152.82794990112063,150.22978723404253,21.51986032300306,122.74712643678161,132.62025316455697,9.827586206896552,9.835443037974683,0.03808739692146723,0,0,1
362,2013,Rajasthan Royals,Kolkata Knight Riders,"Maharashtra Cricket Association Stadium, Pune",0.6,0.8,-0.20000000000000007,0.5277777777777778,0.654320987654321,-0.12654320987654322,0.4,10,0.0,0.5,127.95238095238095,125.40277777777777,119.1358024691358,152.1827068936457,149.68202264619202,6.266975308641975,125.51388888888889,122.66666666666667,9.805555555555555,9.876543209876543,-0.23043190222284515,0,0,1
395,2013,Rajasthan Royals,Mumbai Indians,"Narendra Modi Stadium, Ahmedabad",0.6,0.6,0.0,0.5342465753424658,0.5,0.03424657534246578,0.2222222222222222,9,0.6,0.375,115.11111111111111,125.0,129.0875,152.08333333333331,153.35610335610335,-4.087500000000006,126.10958904109589,126.6,9.794520547945206,9.85,-0.48523066579224405,0,0,0
364,2013,Rajasthan Royals,Delhi Capitals,"Rajiv Gandhi Intl. Cricket Stadium, Hyderabad",0.6,0.2,0.39999999999999997,0.5342465753424658,0.5375,-0.0032534246575341985,0.5,8,0.5,1.0,118.61904761904762,125.0,118.2125,152.08333333333331,148.39165228306922,6.787499999999994,126.10958904109589,131.8125,9.794520547945206,9.925,-0.465605478385946,0,0,1
397,2013,Chennai Super Kings,Kolkata Knight Riders,"Sawai Mansingh Stadium, Jaipur",0.2,0.6,-0.39999999999999997,0.5119047619047619,0.6463414634146342,-0.1344367015098723,0.4666666666666667,15,0.6666666666666666,0.875,111.03703703703704,133.0595238095238,119.7439024390244,155.08533370334396,149.52032891731383,13.3156213704994,119.54761904761905,122.34146341463415,9.916666666666666,9.878048780487806,-0.011401997065551228,1,1,0
398,2013,Punjab Kings,Royal Challengers Bengaluru,"Rajiv Gandhi Intl. Cricket Stadium, Hyderabad",0.6,0.6,0.0,0.5189873417721519,0.55,-0.031012658227848156,0.5,8,0.6666666666666666,0.4,117.04545454545455,126.77215189873418,111.5375,153.41605392156862,149.7901628336411,15.234651898734185,121.74683544303798,131.8625,9.848101265822784,9.8375,0.22753747711650796,1,0,1
369,2013,Rajasthan Royals,Punjab Kings,"Arun Jaitley Stadium, Delhi",0.6,0.6,0.0,0.5333333333333333,0.525,0.008333333333333304,0.5714285714285714,7,0.25,0.6666666666666666,112.27272727272727,123.92,126.7,151.39273497312266,153.5292335655862,-2.780000000000001,126.26666666666667,121.725,9.8,9.85,-0.3496689509820179,1,0,1
372,2013,Delhi Capitals,Punjab Kings,"Eden Gardens, Kolkata",0.2,0.4,-0.2,0.5308641975308642,0.5185185185185185,0.012345679012345734,0.5,14,0.3333333333333333,0.75,123.12,118.91358024691358,127.08641975308642,148.59611231101513,153.4814373043089,-8.172839506172835,131.22222222222223,121.49382716049382,9.925925925925926,9.851851851851851,0.09102533618662711,1,1,1
360,2013,Kolkata Knight Riders,Delhi Capitals,"M. Chinnaswamy Stadium, Bengaluru",0.6,0.4,0.19999999999999996,0.6506024096385542,0.5365853658536586,0.11401704378489563,0.5,8,0.6666666666666666,1.0,133.4,119.49397590361446,119.8170731707317,149.41247363663754,148.88619487801182,-0.32309726711724807,122.03614457831326,132.0487804878049,9.879518072289157,9.926829268292684,-0.2587106919416886,1,0,0
361,2013,Royal Challengers Bengaluru,Delhi Capitals,"Eden Gardens, Kolkata",0.4,0.6,-0.19999999999999996,0.5432098765432098,0.5421686746987951,0.0010412018444146964,0.3076923076923077,13,0.7142857142857143,0.5,125.8076923076923,111.64197530864197,119.83132530120481,149.84258492129246,149.00374531835206,-8.189349992562839,131.7283950617284,133.0722891566265,9.839506172839506,9.903614457831326,-0.36443959030564343,1,1,1
376,2013,Sunrisers Hyderabad,Rajasthan Royals,"Ekana Cricket Stadium, Lucknow",0.6,0.6,0.0,0.42045454545454547,0.5394736842105263,-0.11901913875598086,0.2222222222222222,9,1.0,0.5,126.26923076923077,132.54545454545453,123.64473684210526,152.65017667844523,151.36920103092783,8.900717703349272,122.45454545454545,126.6842105263158,9.829545454545455,9.802631578947368,0.14458277812059173,1,1,0
363,2013,Chennai Super Kings,Mumbai Indians,"Narendra Modi Stadium, Ahmedabad",0.2,0.8,-0.6000000000000001,0.5058823529411764,0.5061728395061729,-0.00029048656499641723,0.6363636363636364,11,0.5,0.4444444444444444,114.03571428571429,132.63529411764705,128.59259259259258,154.6926454445664,153.0864197530864,4.0427015250544684,119.30588235294118,126.08641975308642,9.91764705882353,9.851851851851851,-0.2562803041937265,0,0,1
365,2013,Sunrisers Hyderabad,Delhi Capitals,"Rajiv Gandhi Intl. Cricket Stadium, Hyderabad",0.4,0.6,-0.19999999999999996,0.4157303370786517,0.5357142857142857,-0.119983948635634,0.6363636363636364,11,0.75,0.6666666666666666,117.21739130434783,132.01123595505618,119.36904761904762,152.5646019997403,148.87899034892354,12.642188336008559,122.53932584269663,133.01190476190476,9.831460674157304,9.904761904761905,-0.3351973522412983,1,1,0
384,2013,Kolkata Knight Riders,Delhi Capitals,"Maharashtra Cricket Association Stadium, Pune",0.4,0.6,-0.19999999999999996,0.6428571428571429,0.5411764705882353,0.10168067226890765,0.4444444444444444,9,0.4,0.4,126.5,120.6547619047619,119.2,149.97040544539803,148.93429369395855,1.4547619047618952,122.02380952380952,132.58823529411765,9.880952380952381,9.905882352941177,-0.28792761929502575,0,1,1
388,2013,Rajasthan Royals,Delhi Capitals,"M. A. Chidambaram Stadium, Chennai",0.8,0.6,0.20000000000000007,0.5454545454545454,0.5348837209302325,0.010570824524312905,0.5555555555555556,9,1.0,0.16666666666666666,119.11111111111111,123.72727272727273,118.74418604651163,151.53491331318594,148.79790179221914,4.9830866807611045,126.14285714285714,132.3953488372093,9.805194805194805,9.906976744186046,-0.5092272332447276,0,1,1
370,2013,Kolkata Knight Riders,Rajasthan Royals,"M. A. Chidambaram Stadium, Chennai",0.6,0.8,-0.20000000000000007,0.6470588235294118,0.5512820512820513,0.09577677224736048,0.5454545454545454,11,0.5,1.0,119.5,120.6,123.8076923076923,150.13181019332163,151.60125588697016,-3.2076923076923123,121.52941176470588,125.83333333333333,9.882352941176471,9.807692307692308,0.19131520198665797,0,0,1
389,2013,Sunrisers Hyderabad,Delhi Capitals,"Holkar Cricket Stadium, Indore",0.4,0.4,0.0,0.4111111111111111,0.5287356321839081,-0.11762452107279697,0.5833333333333334,12,0.375,1.0,131.47826086956522,131.62222222222223,118.55172413793103,152.75306254029658,149.02470741222368,13.070498084291202,122.34444444444445,132.367816091954,9.833333333333334,9.908045977011493,-0.3499878361940798,0,1,1
371,2013,Kolkata Knight Riders,Royal Challengers Bengaluru,"Sawai Mansingh Stadium, Jaipur",0.6,0.4,0.19999999999999996,0.6511627906976745,0.5487804878048781,0.10238230289279637,0.4444444444444444,9,0.8888888888888888,0.42857142857142855,110.53571428571429,120.33720930232558,111.84146341463415,149.94204578383076,149.87743095277006,8.495745887691427,121.16279069767442,131.109756097561,9.883720930232558,9.841463414634147,0.06603432665192166,0,1,1
391,2013,Royal Challengers Bengaluru,Kolkata Knight Riders,"Maharashtra Cricket Association Stadium, Pune",0.4,0.8,-0.4,0.5421686746987951,0.6551724137931034,-0.11300373909430828,0.5,10,0.6666666666666666,0.5,126.04347826086956,111.20481927710843,120.16091954022988,149.4736842105263,149.59931310818547,-8.956100263121456,130.79518072289156,120.44827586206897,9.843373493975903,9.885057471264368,-0.06360798769510723,1,0,1
394,2013,Royal Challengers Bengaluru,Rajasthan Royals,"Holkar Cricket Stadium, Indore",0.4,0.8,-0.4,0.5476190476190477,0.5443037974683544,0.0033152501506932275,0.5,8,0.6666666666666666,0.8,130.125,111.71428571428571,123.37974683544304,149.59349593495935,151.28045941331678,-11.665461121157335,131.25,125.48101265822785,9.845238095238095,9.810126582278482,0.1199050631918972,0,1,1
375,2013,Mumbai Indians,Delhi Capitals,"Wankhede Stadium, Mumbai",0.8,0.2,0.6000000000000001,0.5,0.5227272727272727,-0.022727272727272707,0.4,5,0.6666666666666666,0.8571428571428571,114.70370370370371,128.1341463414634,119.23863636363636,152.98485730926035,149.49422994728593,8.895509977827047,126.2560975609756,131.98863636363637,9.853658536585366,9.909090909090908,-0.03299880155161361,1,1,0
396,2013,Punjab Kings,Mumbai Indians,"Holkar Cricket Stadium, Indore",0.4,0.8,-0.4,0.5121951219512195,0.5,0.012195121951219523,0.5,12,0.5,0.5714285714285714,127.4,127.96341463414635,128.1341463414634,154.014384265375,152.98485730926035,-0.17073170731706,122.36585365853658,126.2560975609756,9.853658536585366,9.853658536585366,-0.10767377888000418,0,0,1
377,2013,Delhi Capitals,Kolkata Knight Riders,"Maharashtra Cricket Association Stadium, Pune",0.4,0.6,-0.19999999999999996,0.5280898876404494,0.6477272727272727,-0.11963738508682331,0.5,10,0.3333333333333333,0.42857142857142855,127.20833333333333,118.7752808988764,120.7159090909091,149.47680995475113,149.95765104460756,-1.9406281920326904,132.14606741573033,120.82954545454545,9.910112359550562,9.886363636363637,0.33324526891440875,1,0,0
381,2013,Royal Challengers Bengaluru,Chennai Super Kings,"Brabourne Stadium, Mumbai",0.6,0.2,0.39999999999999997,0.5529411764705883,0.5116279069767442,0.04131326949384406,0.8888888888888888,9,0.4444444444444444,1.0,129.55555555555554,111.12941176470588,132.72093023255815,149.3674889310563,154.66124661246613,-21.591518467852268,131.5529411764706,118.97674418604652,9.847058823529412,9.918604651162791,-0.08238648041398733,1,0,1
383,2013,Kolkata Knight Riders,Sunrisers Hyderabad,"Arun Jaitley Stadium, Delhi",0.8,0.4,0.4,0.651685393258427,0.4175824175824176,0.2341029756760094,0.9166666666666666,12,0.75,0.25,111.8695652173913,120.98876404494382,131.26373626373626,149.7635605006954,152.63225146946078,-10.274972218792442,120.50561797752809,122.96703296703296,9.887640449438202,9.835164835164836,-0.009462753681614089,1,0,0
385,2013,Royal Challengers Bengaluru,Mumbai Indians,"Himachal Pradesh Cricket Association Stadium, Dharamsala",0.8,0.4,0.4,0.5581395348837209,0.4880952380952381,0.07004429678848284,0.8571428571428571,7,1.0,0.3333333333333333,122.17647058823529,111.26744186046511,127.63095238095238,149.2125370341494,152.98230593607306,-16.363510520487267,131.13953488372093,126.0952380952381,9.848837209302326,9.857142857142858,-0.3389022909876047,1,1,0
390,2013,Chennai Super Kings,Kolkata Knight Riders,"Maharashtra Cricket Association Stadium, Pune",0.2,0.6,-0.39999999999999997,0.5057471264367817,0.6444444444444445,-0.13869731800766283,0.4375,16,0.8333333333333334,0.5,125.8,132.29885057471265,121.76666666666667,154.51738488387704,149.91792065663475,10.53218390804598,119.02298850574712,120.13333333333334,9.919540229885058,9.88888888888889,0.019150081717556944,0,0,1
392,2013,Mumbai Indians,Delhi Capitals,"Holkar Cricket Stadium, Indore",0.4,0.2,0.2,0.49411764705882355,0.5222222222222223,-0.028104575163398704,0.3333333333333333,6,0.5,0.8,128.69230769230768,126.52941176470588,118.47777777777777,152.6831345826235,149.53022016547467,8.05163398692811,126.04705882352941,132.2888888888889,9.858823529411765,9.911111111111111,-0.03151202373106088,1,0,1
393,2013,Kolkata Knight Riders,Punjab Kings,"Rajiv Gandhi Intl. Cricket Stadium, Hyderabad",0.4,0.4,0.0,0.6373626373626373,0.5180722891566265,0.11929034820601081,0.75,8,0.6666666666666666,0.7142857142857143,116.375,121.38461538461539,128.36144578313252,149.5734597156398,153.95953757225433,-6.976830398517137,119.67032967032966,121.71084337349397,9.89010989010989,9.855421686746988,-0.18937031923998937,0,1,0
399,2014,Chennai Super Kings,Sunrisers Hyderabad,"DY Patil Stadium, Mumbai",0.4,0.6,-0.19999999999999996,0.5113636363636364,0.42391304347826086,0.08745059288537549,0.4166666666666667,12,0.5,0.8,121.80645161290323,131.6818181818182,130.7826086956522,154.17775412453432,152.67098083999494,0.8992094861660007,118.6590909090909,123.70652173913044,9.920454545454545,9.826086956521738,-0.01738567874357244,1,0,1
400,2014,Chennai Super Kings,Mumbai Indians,"Maharashtra Cricket Association Stadium, Pune",0.6,0.4,0.19999999999999996,0.5168539325842697,0.5,0.016853932584269704,0.6666666666666666,12,0.8571428571428571,0.3333333333333333,123.96153846153847,131.96629213483146,126.95348837209302,154.2958486600105,152.99887892376682,5.012803762738443,118.82022471910112,125.63953488372093,9.92134831460674,9.86046511627907,-0.2564994741182911,0,1,0
401,2014,Rajasthan Royals,Punjab Kings,"M. Chinnaswamy Stadium, Bengaluru",0.6,0.6,0.0,0.5375,0.5238095238095238,0.013690476190476142,0.625,8,0.2,0.4,136.6153846153846,123.8,128.85714285714286,151.27539330991294,154.45205479452056,-5.057142857142864,124.6875,121.73809523809524,9.8125,9.857142857142858,-0.34633070041389935,1,0,1
402,2014,Chennai Super Kings,Sunrisers Hyderabad,"Sawai Mansingh Stadium, Jaipur",0.6,0.4,0.19999999999999996,0.5111111111111111,0.41935483870967744,0.09175627240143364,0.46153846153846156,13,0.5714285714285714,0.125,110.34482758620689,131.46666666666667,130.80645161290323,154.10263089346182,152.71152397690184,0.6602150537634373,119.42222222222222,124.06451612903226,9.88888888888889,9.827956989247312,-0.0286922280022317,1,0,1
404,2014,Royal Challengers Bengaluru,Delhi Capitals,"Ekana Cricket Stadium, Lucknow",0.6,0.2,0.39999999999999997,0.5517241379310345,0.5164835164835165,0.03524062144751794,0.35714285714285715,14,0.4444444444444444,0.5,124.74074074074075,111.39080459770115,118.17582417582418,149.27603203943315,149.2367471551485,-6.785019578123027,130.02298850574712,132.62637362637363,9.850574712643677,9.912087912087912,-0.40125712691763127,1,1,1
410,2014,Rajasthan Royals,Sunrisers Hyderabad,"Himachal Pradesh Cricket Association Stadium, Dharamsala",0.6,0.4,0.19999999999999996,0.5432098765432098,0.4148936170212766,0.12831625952193326,0.8,10,0.4,0.8333333333333334,122.16666666666667,124.32098765432099,131.14893617021278,151.04244787760612,152.46104377937175,-6.827948515891791,125.38271604938272,124.05319148936171,9.802469135802468,9.829787234042554,-0.19004939613671112,0,0,1
403,2014,Punjab Kings,Mumbai Indians,"Narendra Modi Stadium, Ahmedabad",0.4,0.6,-0.19999999999999996,0.5176470588235295,0.5057471264367817,0.011899932386747802,0.5384615384615384,13,0.6666666666666666,0.4,114.93103448275862,129.47058823529412,127.48275862068965,154.39113355780023,152.85281146637266,1.9878296146044647,122.25882352941177,125.19540229885058,9.847058823529412,9.862068965517242,-0.10077672915655178,1,0,0
412,2014,Rajasthan Royals,Delhi Capitals,"DY Patil Stadium, Mumbai",0.6,0.2,0.39999999999999997,0.5487804878048781,0.5108695652173914,0.03791092258748674,0.6,10,0.5,0.42857142857142855,122.90625,125.42682926829268,118.18478260869566,151.5397082658023,149.25188743994508,7.2420466595970225,124.67073170731707,132.54347826086956,9.804878048780488,9.91304347826087,-0.52725597190258,0,0,1
413,2014,Mumbai Indians,Delhi Capitals,"Arun Jaitley Stadium, Delhi",0.8,0.2,0.6000000000000001,0.5113636363636364,0.5053763440860215,0.005987292277614853,0.42857142857142855,7,0.5714285714285714,0.3333333333333333,115.16666666666667,127.625,118.02150537634408,152.88592431255105,149.33333333333334,9.60349462365592,125.0909090909091,132.98924731182797,9.863636363636363,9.913978494623656,-0.1093618071228235,0,1,0
414,2014,Kolkata Knight Riders,Royal Challengers Bengaluru,"Punjab Cricket Association Stadium, Mohali",0.2,0.8,-0.6000000000000001,0.6304347826086957,0.5568181818181818,0.07361660079051391,0.45454545454545453,11,0.8,0.16666666666666666,129.25,121.41304347826087,111.54545454545455,149.45143162964945,149.54296160877513,9.867588932806328,120.21739130434783,129.89772727272728,9.891304347826088,9.852272727272727,0.08608471819964514,1,1,0
407,2014,Kolkata Knight Riders,Rajasthan Royals,"Brabourne Stadium, Mumbai",0.2,0.6,-0.39999999999999997,0.6236559139784946,0.5542168674698795,0.0694390465086151,0.5833333333333334,12,1.0,0.7777777777777778,129.32142857142858,121.41935483870968,126.01204819277109,149.32557524464428,151.97616971810518,-4.59269335406141,119.66666666666667,124.40963855421687,9.89247311827957,9.80722891566265,0.19425458285943442,0,1,0
416,2014,Punjab Kings,Delhi Capitals,"Maharashtra Cricket Association Stadium, Pune",0.4,0.2,0.2,0.5116279069767442,0.5106382978723404,0.0009896091044038213,0.4666666666666667,15,0.5,0.2857142857142857,122.5925925925926,129.3139534883721,118.22340425531915,154.41544015551236,149.46872898453262,11.090549233052954,122.46511627906976,132.61702127659575,9.848837209302326,9.914893617021276,-0.2243778806766734,1,1,0
405,2014,Sunrisers Hyderabad,Kolkata Knight Riders,"Ekana Cricket Stadium, Lucknow",0.4,0.0,0.4,0.4105263157894737,0.6170212765957447,-0.206494960806271,0.15384615384615385,13,0.75,1.0,124.75,130.47368421052633,120.58510638297872,152.31014991398376,148.96832698120645,9.888577827547607,125.01052631578948,119.53191489361703,9.8,9.893617021276595,0.01048525307261805,1,0,1
406,2014,Royal Challengers Bengaluru,Chennai Super Kings,"Sawai Mansingh Stadium, Jaipur",0.8,0.6,0.20000000000000007,0.5617977528089888,0.5164835164835165,0.04531423632547227,0.9,10,0.375,0.625,110.76666666666667,111.06741573033707,131.37362637362637,149.50090744101635,153.78183689220478,-20.30621064328929,129.80898876404495,119.9010989010989,9.853932584269662,9.868131868131869,-0.06198277644226202,0,0,0
411,2014,Mumbai Indians,Royal Challengers Bengaluru,"Holkar Cricket Stadium, Indore",0.8,0.6,0.20000000000000007,0.5056179775280899,0.5555555555555556,-0.04993757802746568,0.25,8,0.5555555555555556,0.75,129.96296296296296,127.29213483146067,111.61111111111111,153.17739318550568,150.1494768310912,15.681023720349557,125.2247191011236,130.17777777777778,9.865168539325843,9.855555555555556,0.32266442625622105,1,1,0
424,2014,Mumbai Indians,Punjab Kings,"M. A. Chidambaram Stadium, Chennai",0.6,0.4,0.19999999999999996,0.5,0.5057471264367817,-0.005747126436781658,0.5,14,0.42857142857142855,0.5,118.75862068965517,126.83333333333333,128.82758620689654,152.91359678499666,154.01951353579773,-1.9942528735632123,125.91111111111111,122.16091954022988,9.811111111111112,9.850574712643677,0.12351833065634743,1,0,0
408,2014,Chennai Super Kings,Sunrisers Hyderabad,"Rajiv Gandhi Intl. Cricket Stadium, Hyderabad",0.8,0.4,0.4,0.5217391304347826,0.4166666666666667,0.10507246376811591,0.5,14,0.5,0.6,116.68,131.7173913043478,129.6875,153.87936507936507,152.1818848551522,2.0298913043478137,120.33695652173913,125.0625,9.869565217391305,9.802083333333334,-0.0165256752036953,0,0,0
429,2014,Royal Challengers Bengaluru,Mumbai Indians,"Wankhede Stadium, Mumbai",0.6,0.4,0.19999999999999996,0.5604395604395604,0.4945054945054945,0.06593406593406592,0.7777777777777778,9,0.6,0.5714285714285714,115.82142857142857,112.43956043956044,125.92307692307692,150.2496328928047,152.76629782695642,-13.483516483516482,129.69230769230768,125.46153846153847,9.857142857142858,9.813186813186814,-0.3281433572209149,0,1,1
409,2014,Sunrisers Hyderabad,Punjab Kings,"Wankhede Stadium, Mumbai",0.4,0.4,0.0,0.422680412371134,0.5113636363636364,-0.08868322399250234,0.5714285714285714,7,0.0,0.5714285714285714,115.82142857142857,128.96907216494844,128.32954545454547,152.04180845892077,153.87654993868375,0.6395267104029756,124.8659793814433,121.27272727272727,9.804123711340207,9.852272727272727,-0.08136146602639904,1,1,1
433,2014,Rajasthan Royals,Punjab Kings,"M. A. Chidambaram Stadium, Chennai",0.8,0.2,0.6000000000000001,0.5595238095238095,0.5056179775280899,0.05390583199571963,0.6666666666666666,9,0.8,0.5555555555555556,116.26666666666667,125.78571428571429,127.76404494382022,152.2039757994814,153.93258426966293,-1.9783306581059321,123.44047619047619,120.70786516853933,9.80952380952381,9.853932584269662,-0.30846424736182065,0,0,1
418,2014,Sunrisers Hyderabad,Rajasthan Royals,"Narendra Modi Stadium, Ahmedabad",0.6,1.0,-0.4,0.42857142857142855,0.5647058823529412,-0.13613445378151262,0.18181818181818182,11,0.625,0.5,114.96666666666667,128.37755102040816,124.91764705882353,151.77946676318012,151.9896936730604,3.4599039615846294,124.38775510204081,124.70588235294117,9.806122448979592,9.811764705882354,0.20266894158457127,1,0,1
440,2014,Royal Challengers Bengaluru,Sunrisers Hyderabad,"Narendra Modi Stadium, Ahmedabad",0.8,0.8,0.0,0.5652173913043478,0.43434343434343436,0.13087395696091342,0.6428571428571429,14,0.2,0.6666666666666666,113.90322580645162,112.77173913043478,127.9090909090909,150.51501523284492,151.6708587854833,-15.137351778656125,129.79347826086956,123.78787878787878,9.858695652173912,9.808080808080808,-0.10643143199833993,0,1,1
441,2014,Punjab Kings,Royal Challengers Bengaluru,"Wankhede Stadium, Mumbai",0.2,0.8,-0.6000000000000001,0.5,0.5698924731182796,-0.06989247311827962,0.5555555555555556,9,0.5,0.6666666666666666,115.23333333333333,128.9111111111111,112.3010752688172,154.56967759126033,150.2950064757519,16.610035842293897,119.94444444444444,129.09677419354838,9.855555555555556,9.86021505376344,0.177321074680453,0,1,1
420,2014,Mumbai Indians,Delhi Capitals,"Maharashtra Cricket Association Stadium, Pune",0.2,0.4,-0.2,0.4891304347826087,0.5157894736842106,-0.026659038901601873,0.375,8,0.42857142857142855,0.375,121.32142857142857,126.06521739130434,117.98947368421052,152.74595021730542,149.23445613100785,8.075743707093821,125.65217391304348,132.13684210526316,9.815217391304348,9.91578947368421,-0.09214048855913859,0,1,1
444,2014,Rajasthan Royals,Kolkata Knight Riders,"Maharashtra Cricket Association Stadium, Pune",0.8,0.0,0.8,0.5581395348837209,0.6105263157894737,-0.05238678090575277,0.46153846153846156,13,0.3333333333333333,0.4444444444444444,120.72413793103448,124.22093023255815,120.6842105263158,151.61793925631565,148.9734927234927,3.5367197062423514,124.20930232558139,118.85263157894737,9.813953488372093,9.894736842105264,-0.18044182634821126,0,0,0
445,2014,Royal Challengers Bengaluru,Kolkata Knight Riders,"Eden Gardens, Kolkata",0.6,0.2,0.39999999999999997,0.5638297872340425,0.6145833333333334,-0.050753546099290836,0.5833333333333334,12,0.75,0.8333333333333334,125.88888888888889,112.79787234042553,120.91666666666667,150.84649310001424,148.82051282051282,-8.118794326241144,128.93617021276594,118.82291666666667,9.861702127659575,9.895833333333334,-0.10082587261600118,1,0,1
447,2014,Sunrisers Hyderabad,Mumbai Indians,"M. Chinnaswamy Stadium, Bengaluru",0.8,0.2,0.6000000000000001,0.43,0.4946236559139785,-0.0646236559139785,0.36363636363636365,11,0.375,0.6666666666666666,137.7037037037037,127.28,125.82795698924731,151.55989521314598,152.7078167819392,1.4520430107526892,123.24,125.3010752688172,9.81,9.817204301075268,-0.22889808322714167,1,1,1
415,2014,Mumbai Indians,Kolkata Knight Riders,"Arun Jaitley Stadium, Delhi",0.2,0.2,0.0,0.4946236559139785,0.6082474226804123,-0.11362376676643382,0.36363636363636365,11,0.5,0.6666666666666666,114.48,125.82795698924731,120.65979381443299,152.7078167819392,148.50907245273442,5.168163174814325,125.3010752688172,119.48453608247422,9.817204301075268,9.88659793814433,0.22320845155162772,0,1,1
448,2014,Mumbai Indians,Chennai Super Kings,"Arun Jaitley Stadium, Delhi",0.4,0.6,-0.19999999999999996,0.49473684210526314,0.5161290322580645,-0.02139219015280136,0.38461538461538464,13,0.5555555555555556,1.0,114.15384615384616,125.86315789473684,131.44086021505376,152.78558650651675,153.95465994962217,-5.5777023203169165,125.72631578947369,119.68817204301075,9.789473684210526,9.870967741935484,0.22320842396202778,0,1,0
451,2014,Royal Challengers Bengaluru,Mumbai Indians,"Wankhede Stadium, Mumbai",0.8,0.4,0.4,0.5684210526315789,0.4895833333333333,0.07883771929824562,0.8,10,0.5714285714285714,0.5,115.19354838709677,113.53684210526316,126.15625,150.87424814659394,152.60836693548387,-12.619407894736838,128.58947368421053,125.57291666666667,9.863157894736842,9.791666666666666,-0.32933218804295095,0,1,0
417,2014,Delhi Capitals,Mumbai Indians,"Himachal Pradesh Cricket Association Stadium, Dharamsala",0.4,0.6,-0.19999999999999996,0.5104166666666666,0.4948453608247423,0.015571305841924343,0.5555555555555556,9,0.25,0.5,127.05263157894737,117.72916666666667,126.56701030927834,149.04391401819862,152.73699925354566,-8.837843642611674,131.84375,125.80412371134021,9.916666666666666,9.793814432989691,0.09723065357298033,0,1,0
427,2014,Chennai Super Kings,Royal Challengers Bengaluru,"Himachal Pradesh Cricket Association Stadium, Dharamsala",0.6,0.6,0.0,0.5212765957446809,0.5625,-0.04122340425531912,0.18181818181818182,11,0.6666666666666666,0.6666666666666666,125.65,131.22340425531914,113.89583333333333,153.89893948845915,151.27282789153293,17.32757092198581,120.05319148936171,128.97916666666666,9.872340425531915,9.864583333333334,0.09004590195724482,0,0,0
456,2014,Mumbai Indians,Kolkata Knight Riders,"DY Patil Stadium, Mumbai",0.6,0.2,0.39999999999999997,0.5,0.6020408163265306,-0.10204081632653061,0.4166666666666667,12,0.6666666666666666,0.6,124.45454545454545,126.39795918367346,120.72448979591837,152.41786637135476,148.6493278050006,5.673469387755091,125.53061224489795,119.34693877551021,9.795918367346939,9.887755102040817,0.20052548711290363,0,0,1
428,2014,Kolkata Knight Riders,Chennai Super Kings,"Brabourne Stadium, Mumbai",0.2,0.6,-0.39999999999999997,0.5959595959595959,0.5157894736842106,0.08017012227538534,0.5294117647058824,17,0.5,0.6666666666666666,126.34482758620689,120.4949494949495,130.96842105263158,148.37064676616916,153.85186101149995,-10.473471557682089,119.63636363636364,120.94736842105263,9.88888888888889,9.842105263157896,0.03718083016891249,0,1,1
419,2014,Delhi Capitals,Royal Challengers Bengaluru,"M. Chinnaswamy Stadium, Bengaluru",0.4,0.6,-0.19999999999999996,0.5051546391752577,0.5670103092783505,-0.061855670103092786,0.6,15,1.0,1.0,138.64285714285714,117.5360824742268,114.83505154639175,148.89643463497453,151.59227000544365,2.701030927835049,131.61855670103094,128.75257731958763,9.917525773195877,9.8659793814433,0.4150728854147747,0,1,1
461,2014,Punjab Kings,Rajasthan Royals,"Sawai Mansingh Stadium, Jaipur",0.4,0.6,-0.19999999999999996,0.5054945054945055,0.5517241379310345,-0.046229632436529,0.3,10,0.0,0.5,112.35483870967742,128.74725274725276,124.1264367816092,154.5850376039055,151.6287559674249,4.620815965643558,120.37362637362638,124.42528735632185,9.857142857142858,9.816091954022989,0.2940687529172674,1,0,1
421,2014,Delhi Capitals,Rajasthan Royals,"Himachal Pradesh Cricket Association Stadium, Dharamsala",0.6,0.4,0.19999999999999996,0.5102040816326531,0.5454545454545454,-0.03525046382189234,0.36363636363636365,11,0.2,0.5,124.76190476190476,117.29591836734694,124.7840909090909,148.87967879808315,151.88105117565698,-7.488172541743964,131.27551020408163,124.48863636363636,9.918367346938776,9.818181818181818,0.4814652922698439,0,0,1
467,2014,Punjab Kings,Kolkata Knight Riders,"Ekana Cricket Stadium, Lucknow",0.6,0.4,0.19999999999999996,0.5108695652173914,0.6,-0.08913043478260863,0.3333333333333333,9,0.25,0.8333333333333334,122.34482758620689,128.7608695652174,120.94,154.70811022593705,148.41084795680453,7.820869565217407,121.04347826086956,119.32,9.858695652173912,9.89,0.0783872292816703,0,1,1
422,2014,Chennai Super Kings,Mumbai Indians,"Eden Gardens, Kolkata",0.4,0.8,-0.4,0.5104166666666666,0.5050505050505051,0.005366161616161547,0.6428571428571429,14,0.2727272727272727,0.5,127.92857142857143,130.52083333333334,126.61616161616162,153.85559921414537,152.71686159844054,3.9046717171717233,121.40625,125.25252525252525,9.84375,9.797979797979798,-0.1971611370242652,1,1,1
434,2014,Delhi Capitals,Sunrisers Hyderabad,"Rajiv Gandhi Intl. Cricket Stadium, Hyderabad",0.6,0.8,-0.20000000000000007,0.5151515151515151,0.43564356435643564,0.0795079507950795,0.38461538461538464,13,0.75,0.6666666666666666,116.26923076923077,118.03030303030303,127.64356435643565,149.23371647509578,151.35008217891524,-9.613261326132616,131.91919191919192,123.4950495049505,9.8989898989899,9.811881188118813,0.3218707948254025,1,1,1
423,2014,Chennai Super Kings,Punjab Kings,"Narendra Modi Stadium, Ahmedabad",0.4,0.6,-0.19999999999999996,0.5154639175257731,0.5161290322580645,-0.0006651147322913609,0.5,8,0.6,0.5714285714285714,112.5,130.16494845360825,129.2258064516129,153.84427927379068,154.53259611675455,0.93914200199535,120.8659793814433,120.59139784946237,9.845360824742269,9.86021505376344,-0.11782613299357259,0,1,0
425,2014,Sunrisers Hyderabad,Kolkata Knight Riders,"Punjab Cricket Association Stadium, Mohali",0.6,0.2,0.39999999999999997,0.43137254901960786,0.594059405940594,-0.16268685692098617,0.21428571428571427,14,0.42857142857142855,0.6666666666666666,128.96,126.95098039215686,120.52475247524752,151.36177673874926,148.2884638811061,6.42622791690934,123.48039215686275,119.84158415841584,9.813725490196079,9.881188118811881,-0.041926387871898285,0,0,1
438,2014,Kolkata Knight Riders,Mumbai Indians,"Narendra Modi Stadium, Ahmedabad",0.2,0.6,-0.39999999999999997,0.594059405940594,0.5,0.09405940594059403,0.5384615384615384,13,0.6,0.45454545454545453,111.21212121212122,120.52475247524752,126.04,148.2884638811061,152.51694094869313,-5.515247524752482,119.84158415841584,124.96,9.881188118811881,9.8,-0.16565929290022474,0,1,1
426,2014,Chennai Super Kings,Sunrisers Hyderabad,"Brabourne Stadium, Mumbai",0.4,0.6,-0.19999999999999996,0.5102040816326531,0.4368932038834951,0.07331087774915795,0.4666666666666667,15,0.5,0.125,127.63333333333334,129.55102040816325,126.35922330097087,153.7232110424991,151.02111858899977,3.191797107192386,120.78571428571429,123.51456310679612,9.846938775510203,9.815533980582524,-0.021174122913464544,1,1,1
442,2014,Delhi Capitals,Kolkata Knight Riders,"Punjab Cricket Association Stadium, Mohali",0.6,0.4,0.19999999999999996,0.52,0.5922330097087378,-0.0722330097087378,0.45454545454545453,11,0.3333333333333333,0.5714285714285714,126.53846153846153,118.07,121.29126213592232,149.3045017703591,148.58468125594672,-3.2212621359223306,131.17,119.81553398058253,9.9,9.883495145631068,0.2927060391351226,1,1,0
430,2014,Sunrisers Hyderabad,Delhi Capitals,"Holkar Cricket Stadium, Indore",0.4,0.6,-0.19999999999999996,0.4326923076923077,0.5148514851485149,-0.08215917745620716,0.5714285714285714,14,0.4444444444444444,0.6666666666666666,128.39285714285714,125.59615384615384,118.36633663366337,150.6748183181451,149.32550587059706,7.229817212490474,123.4423076923077,131.06930693069307,9.817307692307692,9.900990099009901,-0.29681423386051264,1,1,1
446,2014,Chennai Super Kings,Delhi Capitals,"M. Chinnaswamy Stadium, Bengaluru",0.4,0.6,-0.19999999999999996,0.5151515151515151,0.5098039215686274,0.005347593582887722,0.8181818181818182,11,0.5,1.0,137.10344827586206,129.41414141414143,118.59803921568627,153.8978978978979,149.40101272076078,10.816102198455155,120.04040404040404,131.2843137254902,9.848484848484848,9.901960784313726,-0.3742124653604382,0,1,1
431,2014,Chennai Super Kings,Punjab Kings,"DY Patil Stadium, Mumbai",0.6,0.8,-0.20000000000000007,0.52,0.5212765957446809,-0.001276595744680864,0.4444444444444444,9,0.5555555555555556,0.375,125.1470588235294,129.62,129.0531914893617,154.16270218839202,154.24030514939605,0.5668085106383103,120.42,120.05319148936171,9.85,9.861702127659575,-0.1467011509537901,1,0,0
432,2014,Chennai Super Kings,Punjab Kings,"Brabourne Stadium, Mumbai",0.6,1.0,-0.4,0.5148514851485149,0.5263157894736842,-0.011464304325169317,0.4,10,0.6,0.42857142857142855,127.25806451612904,129.66336633663366,128.96842105263158,154.37934692915243,154.13259529500567,0.694945284002074,120.42574257425743,120.2,9.851485148514852,9.863157894736842,-0.16613024737132775,0,0,1
449,2014,Kolkata Knight Riders,Punjab Kings,"Ekana Cricket Stadium, Lucknow",0.6,0.8,-0.20000000000000007,0.5961538461538461,0.5208333333333334,0.07532051282051277,0.6,10,0.7142857142857143,0.4,124.0,121.28846153846153,129.02083333333334,148.59229591235717,154.32344879142786,-7.73237179487181,120.08653846153847,119.83333333333333,9.884615384615385,9.864583333333334,-0.0926365627297514,0,1,1
435,2014,Delhi Capitals,Chennai Super Kings,"DY Patil Stadium, Mumbai",0.4,0.6,-0.19999999999999996,0.5048543689320388,0.5196078431372549,-0.01475347420521611,0.16666666666666666,12,0.375,0.5,125.4,118.98058252427184,129.22549019607843,149.4147768836869,154.25394967817437,-10.244907671806587,131.46601941747574,120.55882352941177,9.902912621359222,9.852941176470589,0.3775624633399435,0,0,0
454,2014,Kolkata Knight Riders,Sunrisers Hyderabad,"Punjab Cricket Association Stadium, Mohali",0.6,0.6,0.0,0.6,0.4380952380952381,0.16190476190476188,0.7333333333333333,15,0.625,0.5,127.33333333333333,120.84761904761905,125.85714285714286,148.56574171642666,151.08037041271294,-5.009523809523813,119.46666666666667,123.61904761904762,9.885714285714286,9.81904761904762,-0.016732851700082207,0,1,1
436,2014,Chennai Super Kings,Punjab Kings,"DY Patil Stadium, Mumbai",0.8,0.6,0.20000000000000007,0.5242718446601942,0.5154639175257731,0.008807927134421023,0.45454545454545453,11,0.5454545454545454,0.4444444444444444,125.27777777777777,129.3495145631068,128.2577319587629,154.43375449171205,153.93466963622865,1.091782604343905,120.5631067961165,119.37113402061856,9.854368932038835,9.8659793814433,-0.14617525006048915,1,0,0
437,2014,Rajasthan Royals,Delhi Capitals,"Maharashtra Cricket Association Stadium, Pune",0.2,0.2,0.0,0.5393258426966292,0.5,0.0393258426966292,0.5833333333333334,12,0.25,0.3333333333333333,120.56666666666666,125.57303370786516,119.0,152.0544217687075,149.34234342946783,6.573033707865164,125.2247191011236,131.56730769230768,9.820224719101123,9.903846153846153,-0.5062168015578106,1,1,0
439,2014,Royal Challengers Bengaluru,Kolkata Knight Riders,"Narendra Modi Stadium, Ahmedabad",0.4,0.8,-0.4,0.5612244897959183,0.6037735849056604,-0.04254909510974203,0.6153846153846154,13,0.3333333333333333,0.6666666666666666,113.61764705882354,114.66326530612245,120.0754716981132,151.5646074993256,148.32770073418015,-5.41220639199075,128.39795918367346,119.24528301886792,9.86734693877551,9.88679245283019,-0.08077303966550176,1,0,1
459,2014,Delhi Capitals,Sunrisers Hyderabad,"Brabourne Stadium, Mumbai",0.2,0.4,-0.2,0.5047619047619047,0.4339622641509434,0.07079964061096133,0.4,15,0.6666666666666666,0.1111111111111111,125.9375,119.23809523809524,125.5754716981132,149.1186279180562,150.6962526887807,-6.337376460017964,131.34285714285716,122.82075471698113,9.904761904761905,9.820754716981131,0.338248024290575,1,1,0
460,2014,Kolkata Knight Riders,Rajasthan Royals,"Sawai Mansingh Stadium, Jaipur",0.8,0.0,0.8,0.5981308411214953,0.5333333333333333,0.06479750778816196,0.5714285714285714,14,0.9,0.42857142857142855,112.90625,120.37383177570094,125.37777777777778,148.54111405835545,151.78907721280603,-5.0039460020768445,118.5607476635514,125.43333333333334,9.88785046728972,9.822222222222223,0.1363825559272236,1,1,1
465,2014,Rajasthan Royals,Sunrisers Hyderabad,"Sawai Mansingh Stadium, Jaipur",0.0,0.6,-0.6,0.5274725274725275,0.4392523364485981,0.08822019102392936,0.75,12,0.375,0.1111111111111111,112.0909090909091,125.82417582417582,126.30841121495327,151.7762460233298,151.3437849944009,-0.4842353907774424,125.0,122.22429906542057,9.824175824175825,9.822429906542055,-0.1564734315995544,0,0,0
443,2014,Rajasthan Royals,Punjab Kings,"Narendra Modi Stadium, Ahmedabad",0.0,0.6,-0.6,0.5274725274725275,0.5204081632653061,0.007064364207221341,0.6363636363636364,11,0.42857142857142855,0.625,111.68571428571428,125.82417582417582,127.94897959183673,151.7762460233298,153.70188771757785,-2.1248037676609073,125.0,119.07142857142857,9.824175824175825,9.86734693877551,-0.2774692172023947,1,0,0
450,2014,Rajasthan Royals,Chennai Super Kings,"Brabourne Stadium, Mumbai",0.0,0.6,-0.6,0.5161290322580645,0.5192307692307693,-0.0031017369727047717,0.4444444444444444,9,0.8,0.6666666666666666,123.9090909090909,125.34408602150538,128.97115384615384,151.6851008458035,154.43868739205527,-3.6270678246484636,125.70967741935483,120.34615384615384,9.827956989247312,9.85576923076923,-0.09269839594407969,0,0,0
452,2014,Mumbai Indians,Sunrisers Hyderabad,"Narendra Modi Stadium, Ahmedabad",0.6,0.6,0.0,0.49504950495049505,0.4444444444444444,0.050605060506050625,0.5833333333333334,12,0.4166666666666667,0.6,112.44444444444444,126.48514851485149,126.33333333333333,152.57374895497432,151.43174250832408,0.15181518151815965,125.63366336633663,121.72222222222223,9.792079207920793,9.824074074074074,0.22134950182270785,1,1,1
453,2014,Mumbai Indians,Sunrisers Hyderabad,"DY Patil Stadium, Mumbai",0.6,0.6,0.0,0.5,0.44036697247706424,0.059633027522935755,0.6153846153846154,13,0.75,0.6666666666666666,124.32432432432432,126.26470588235294,126.8348623853211,152.3961661341853,151.4238773274918,-0.5701565029681603,126.17647058823529,121.55963302752293,9.784313725490197,9.825688073394495,0.22767183681739311,0,0,1
455,2014,Rajasthan Royals,Punjab Kings,"Maharashtra Cricket Association Stadium, Pune",0.0,0.6,-0.6,0.5106382978723404,0.5252525252525253,-0.014614227380184919,0.5833333333333334,12,0.2,0.4,120.16129032258064,124.7127659574468,128.54545454545453,151.5970515970516,153.9001088402467,-3.832688588007727,125.27659574468085,119.27272727272727,9.829787234042554,9.868686868686869,-0.2446442120055199,0,0,1
457,2014,Rajasthan Royals,Royal Challengers Bengaluru,"Holkar Cricket Stadium, Indore",0.2,0.6,-0.39999999999999997,0.5157894736842106,0.5656565656565656,-0.04986709197235506,0.4444444444444444,9,0.6666666666666666,0.8,129.24137931034483,124.91578947368421,113.96969696969697,151.77132625655454,151.49033297529536,10.946092503987245,125.26315789473684,128.63636363636363,9.83157894736842,9.868686868686869,-0.038982255667665555,0,0,0
458,2014,Kolkata Knight Riders,Punjab Kings,"Narendra Modi Stadium, Ahmedabad",0.8,0.4,0.4,0.6018518518518519,0.52,0.08185185185185184,0.6363636363636364,11,0.5714285714285714,0.6666666666666666,112.21621621621621,120.05555555555556,128.5,148.50532585041805,153.91064798179423,-8.444444444444443,119.0,119.52,9.88888888888889,9.87,-0.14635802429210365,0,1,1
462,2014,Sunrisers Hyderabad,Rajasthan Royals,"DY Patil Stadium, Mumbai",0.4,0.2,0.2,0.43636363636363634,0.5104166666666666,-0.07405303030303029,0.3076923076923077,13,0.5714285714285714,0.5454545454545454,124.71052631578948,126.75454545454545,124.92708333333333,151.48848326814428,151.54157189790246,1.8274621212121218,121.71818181818182,125.08333333333333,9.827272727272728,9.833333333333334,0.1163270662340139,0,1,0
463,2014,Mumbai Indians,Chennai Super Kings,"Holkar Cricket Stadium, Indore",0.6,0.6,0.0,0.5048543689320388,0.5238095238095238,-0.018955154877485003,0.3333333333333333,15,0.5,0.2,129.13333333333333,126.3883495145631,128.55238095238096,152.32857477182307,154.47470817120623,-2.1640314378178545,126.09708737864078,119.82857142857142,9.78640776699029,9.857142857142858,0.2609308833345505,0,1,1
464,2014,Kolkata Knight Riders,Rajasthan Royals,"Eden Gardens, Kolkata",0.8,0.4,0.4,0.6055045871559633,0.5154639175257731,0.0900406696301902,0.6,15,0.7142857142857143,0.3333333333333333,126.82758620689656,119.74311926605505,125.25773195876289,148.0825958702065,151.49625935162095,-5.514612692707843,119.01834862385321,125.51546391752578,9.889908256880734,9.835051546391753,0.0856313566683049,1,0,1
466,2014,Rajasthan Royals,Delhi Capitals,"Holkar Cricket Stadium, Indore",0.4,0.2,0.2,0.5102040816326531,0.5,0.010204081632653073,0.5384615384615384,13,0.5714285714285714,0.5714285714285714,129.90322580645162,125.39795918367346,118.66981132075472,151.41695416461312,148.93440681979635,6.728147862918746,125.70408163265306,132.02830188679246,9.83673469387755,9.90566037735849,-0.5097231307471866,0,0,0
468,2014,Delhi Capitals,Mumbai Indians,"Himachal Pradesh Cricket Association Stadium, Dharamsala",0.4,0.6,-0.19999999999999996,0.5046728971962616,0.5096153846153846,-0.004942487419122954,0.5,10,0.3333333333333333,0.6,127.72727272727273,118.11214953271028,126.64423076923077,148.89255419415645,152.56573612880806,-8.532081236520497,131.61682242990653,126.09615384615384,9.906542056074766,9.788461538461538,0.15265787099516714,0,0,0
469,2015,Punjab Kings,Delhi Capitals,"Punjab Cricket Association Stadium, Mohali",0.4,0.4,0.0,0.5148514851485149,0.5,0.014851485148514865,0.4375,16,0.5,0.2857142857142857,124.17857142857143,128.4257425742574,118.10185185185185,153.55747602699182,148.79841343910405,10.323890722405565,119.18811881188118,131.28703703703704,9.871287128712872,9.907407407407407,-0.26095300533619437,1,0,1
470,2015,Kolkata Knight Riders,Sunrisers Hyderabad,"Rajiv Gandhi Intl. Cricket Stadium, Hyderabad",0.8,0.4,0.4,0.6090909090909091,0.43243243243243246,0.17665847665847667,0.75,16,0.5714285714285714,0.5714285714285714,116.48148148148148,119.96363636363637,127.11711711711712,148.02019068984856,151.59003008165018,-7.15348075348075,119.2,122.03603603603604,9.89090909090909,9.82882882882883,-0.02302801989639569,0,1,0
472,2015,Royal Challengers Bengaluru,Delhi Capitals,"DY Patil Stadium, Mumbai",0.6,0.4,0.19999999999999996,0.57,0.4954128440366973,0.07458715596330268,0.375,16,1.0,0.3333333333333333,125.7948717948718,113.91,118.41284403669725,151.294992694913,148.71528977992855,-4.502844036697255,128.61,130.9816513761468,9.87,9.908256880733944,-0.4492475455131206,0,1,1
473,2015,Kolkata Knight Riders,Chennai Super Kings,"Holkar Cricket Stadium, Indore",0.6,0.6,0.0,0.6036036036036037,0.5188679245283019,0.08473567907530177,0.5555555555555556,18,0.25,0.16666666666666666,128.59375,119.57657657657657,128.52830188679246,147.97101449275362,154.43210156427114,-8.951725310215892,119.18018018018019,120.14150943396227,9.891891891891891,9.858490566037736,-0.025526671194395334,0,1,0
471,2015,Sunrisers Hyderabad,Delhi Capitals,"Brabourne Stadium, Mumbai",0.4,0.2,0.2,0.4375,0.4909090909090909,-0.053409090909090906,0.625,16,0.2,0.5714285714285714,122.20588235294117,127.02678571428571,119.37272727272727,151.3671667198638,149.2328673712922,7.654058441558433,121.63392857142857,130.94545454545454,9.830357142857142,9.909090909090908,-0.3692973964571564,1,1,1
477,2015,Punjab Kings,Royal Challengers Bengaluru,"Brabourne Stadium, Mumbai",0.6,0.8,-0.20000000000000007,0.5196078431372549,0.5742574257425742,-0.05464958260531927,0.6,10,0.375,0.5,124.2,128.12745098039215,114.03960396039604,153.51814871373196,151.234243697479,14.087847019996119,119.50980392156863,129.55445544554456,9.872549019607844,9.861386138613861,0.15260739395105283,1,1,1
478,2015,Royal Challengers Bengaluru,Rajasthan Royals,"Arun Jaitley Stadium, Delhi",0.6,0.4,0.19999999999999996,0.5686274509803921,0.5050505050505051,0.06357694592988705,0.6,10,0.0,0.4,115.62962962962963,114.8921568627451,125.02020202020202,151.6237546901281,151.1786979357518,-10.128045157456924,130.12745098039215,125.03030303030303,9.862745098039216,9.83838383838384,0.08243858774225465,0,0,0
481,2015,Royal Challengers Bengaluru,Kolkata Knight Riders,"Himachal Pradesh Cricket Association Stadium, Dharamsala",0.6,0.6,0.0,0.5631067961165048,0.5982142857142857,-0.03510748959778087,0.6428571428571429,14,0.75,0.3333333333333333,127.26086956521739,114.62135922330097,119.32142857142857,151.72856959259735,147.93004206331636,-4.700069348127599,130.5631067961165,119.08928571428571,9.864077669902912,9.892857142857142,-0.002481854167980302,1,0,1
474,2015,Mumbai Indians,Sunrisers Hyderabad,"Holkar Cricket Stadium, Indore",0.8,0.4,0.4,0.5142857142857142,0.4424778761061947,0.07180783817951952,0.6428571428571429,14,0.5454545454545454,0.5,127.45454545454545,126.35238095238095,127.60176991150442,152.42417279411765,151.61934805467928,-1.2493889591234648,126.00952380952381,121.41592920353982,9.790476190476191,9.831858407079647,0.23330949591467132,1,0,1
484,2015,Delhi Capitals,Mumbai Indians,"Sawai Mansingh Stadium, Jaipur",0.2,0.8,-0.6000000000000001,0.4864864864864865,0.5142857142857142,-0.02779922779922772,0.45454545454545453,11,0.75,0.5,110.79411764705883,119.17117117117117,126.35238095238095,149.13190529875985,152.42417279411765,-7.1812097812097875,131.4954954954955,126.00952380952381,9.90990990990991,9.790476190476191,0.15422896260341723,0,1,0
475,2015,Rajasthan Royals,Kolkata Knight Riders,"Eden Gardens, Kolkata",0.4,0.4,0.0,0.51,0.5929203539823009,-0.08292035398230091,0.375,16,0.25,0.75,127.4,125.52,120.08849557522124,151.30183220829315,148.24120603015075,5.431504424778751,124.65,119.17699115044248,9.84,9.893805309734514,-0.08407809400788224,0,0,1
476,2015,Punjab Kings,Rajasthan Royals,"Wankhede Stadium, Mumbai",0.6,0.6,0.0,0.5242718446601942,0.5148514851485149,0.0094203595116793,0.38461538461538464,13,0.5555555555555556,0.6666666666666666,116.21875,128.70873786407768,126.03960396039604,153.75782881002087,151.25950570342206,2.66913390368164,120.30097087378641,124.10891089108911,9.87378640776699,9.841584158415841,0.23437679524540656,0,0,0
493,2015,Royal Challengers Bengaluru,Delhi Capitals,"Narendra Modi Stadium, Ahmedabad",0.6,0.0,0.6,0.5673076923076923,0.48214285714285715,0.08516483516483514,0.4117647058823529,17,0.42857142857142855,0.5,111.52631578947368,114.75961538461539,118.75892857142857,151.67111449993646,149.1477909845257,-3.9993131868131826,131.28846153846155,131.36607142857142,9.807692307692308,9.910714285714286,-0.3795773053252365,0,0,0
494,2015,Punjab Kings,Rajasthan Royals,"M. Chinnaswamy Stadium, Bengaluru",0.4,0.6,-0.19999999999999996,0.5192307692307693,0.5196078431372549,-0.00037707390648566985,0.35714285714285715,14,0.3333333333333333,0.3333333333333333,137.53333333333333,128.10576923076923,126.75490196078431,153.49078341013825,151.4643861293346,1.3508672699849171,121.0576923076923,123.53921568627452,9.865384615384615,9.843137254901961,0.26040237168724367,0,0,1
482,2015,Delhi Capitals,Sunrisers Hyderabad,"Punjab Cricket Association Stadium, Mohali",0.2,0.4,-0.2,0.48672566371681414,0.43859649122807015,0.04812917248874399,0.35294117647058826,17,0.25,0.4444444444444444,123.27586206896552,119.15929203539822,127.48245614035088,149.196675900277,151.5906957338062,-8.323164104952653,131.12389380530973,121.26315789473684,9.91150442477876,9.833333333333334,0.3659517330735902,0,1,1
495,2015,Mumbai Indians,Rajasthan Royals,"Holkar Cricket Stadium, Indore",1.0,0.6,0.4,0.5233644859813084,0.5145631067961165,0.00880137918519186,0.8,10,0.5833333333333334,0.5,126.76470588235294,126.05607476635514,127.49514563106796,152.56192738378013,151.70979667282808,-1.4390708647128179,125.40186915887851,123.46601941747574,9.794392523364486,9.844660194174757,0.327851366555155,0,0,1
497,2015,Sunrisers Hyderabad,Kolkata Knight Riders,"M. Chinnaswamy Stadium, Bengaluru",0.4,0.2,0.2,0.43478260869565216,0.5877192982456141,-0.15293668954996192,0.29411764705882354,17,0.4444444444444444,0.5,136.83870967741936,127.56521739130434,119.64912280701755,151.37756681457023,148.21253938932958,7.916094584286796,120.59130434782608,119.69298245614036,9.834782608695653,9.885964912280702,0.01462286792479972,0,0,1
479,2015,Sunrisers Hyderabad,Chennai Super Kings,"Sawai Mansingh Stadium, Jaipur",0.6,0.6,0.0,0.4396551724137931,0.5233644859813084,-0.08370931356751526,0.5,16,0.2,0.6666666666666666,109.71428571428571,127.66379310344827,128.34579439252337,151.23570261437908,154.68574003153864,-0.682001289075103,121.25862068965517,119.86915887850468,9.836206896551724,9.85981308411215,0.02228050433825146,0,0,0
500,2015,Royal Challengers Bengaluru,Mumbai Indians,"Narendra Modi Stadium, Ahmedabad",0.4,1.0,-0.6,0.5619047619047619,0.5277777777777778,0.03412698412698412,0.7272727272727273,11,0.375,0.46153846153846156,111.33333333333333,114.65714285714286,125.92592592592592,151.51019380820537,152.77465738036395,-11.268783068783065,131.6,124.95370370370371,9.80952380952381,9.796296296296296,-0.21439092696043893,1,1,1
501,2015,Mumbai Indians,Chennai Super Kings,"M. A. Chidambaram Stadium, Chennai",0.8,0.6,0.20000000000000007,0.5229357798165137,0.5277777777777778,-0.004841997961264055,0.375,16,0.375,0.75,114.19354838709677,126.05504587155963,128.60185185185185,152.92153589315527,154.70037870349745,-2.54680598029222,125.19266055045871,119.98148148148148,9.79816513761468,9.86111111111111,0.22481641036073796,1,0,1
480,2015,Kolkata Knight Riders,Sunrisers Hyderabad,"M. A. Chidambaram Stadium, Chennai",0.0,0.4,-0.4,0.5826086956521739,0.4358974358974359,0.14671125975473798,0.6666666666666666,18,0.5714285714285714,0.0,113.8125,120.33043478260869,127.7008547008547,148.49232750295096,151.19409026512852,-7.370419918246014,119.86086956521739,121.55555555555556,9.88695652173913,9.837606837606838,-0.04172089422448444,0,1,0
502,2015,Punjab Kings,Delhi Capitals,"Himachal Pradesh Cricket Association Stadium, Dharamsala",0.6,0.4,0.19999999999999996,0.5238095238095238,0.49122807017543857,0.03258145363408527,0.47058823529411764,17,0.6,0.2857142857142857,127.33333333333333,127.99047619047619,118.5,153.65881545849533,149.08950446970533,9.490476190476187,121.83809523809524,131.17543859649123,9.857142857142858,9.912280701754385,-0.19532010014306067,0,1,0
487,2015,Royal Challengers Bengaluru,Punjab Kings,"M. Chinnaswamy Stadium, Bengaluru",0.4,0.6,-0.19999999999999996,0.5660377358490566,0.5188679245283019,0.047169811320754707,0.36363636363636365,11,0.8333333333333334,0.42857142857142855,136.90625,115.0,127.66037735849056,151.46620278330022,153.86014781125638,-12.660377358490564,131.67924528301887,121.71698113207547,9.81132075471698,9.858490566037736,-0.1581909824046921,0,0,0
505,2015,Punjab Kings,Delhi Capitals,"Himachal Pradesh Cricket Association Stadium, Dharamsala",0.6,0.6,0.0,0.5188679245283019,0.4956521739130435,0.02321575061525838,0.4444444444444444,18,0.5,0.375,125.96,127.66037735849056,118.41739130434783,153.86014781125638,149.30380440741146,9.242986054142733,121.71698113207547,130.84347826086957,9.858490566037736,9.91304347826087,-0.19326499331065783,1,0,1
488,2015,Punjab Kings,Sunrisers Hyderabad,"Holkar Cricket Stadium, Indore",0.6,0.4,0.19999999999999996,0.5277777777777778,0.4406779661016949,0.08709981167608288,0.375,8,0.6666666666666666,0.45454545454545453,126.34285714285714,127.8425925925926,127.4322033898305,154.07878584979355,151.0952572347267,0.4103892027620901,121.49074074074075,122.22881355932203,9.86111111111111,9.838983050847459,0.10964646678913859,0,0,1
490,2015,Mumbai Indians,Punjab Kings,"Himachal Pradesh Cricket Association Stadium, Dharamsala",0.8,0.8,0.0,0.5272727272727272,0.5321100917431193,-0.004837364470392069,0.4666666666666667,15,0.6666666666666666,0.5714285714285714,125.3076923076923,125.83636363636364,127.30275229357798,153.03482587064676,153.88710214040145,-1.4663886572143383,124.58181818181818,122.0091743119266,9.8,9.862385321100918,0.05609901409459894,1,1,1
511,2015,Royal Challengers Bengaluru,Punjab Kings,"Maharashtra Cricket Association Stadium, Pune",0.4,0.8,-0.4,0.5607476635514018,0.5321100917431193,0.028637571808282525,0.3333333333333333,12,0.75,0.3333333333333333,120.90625,114.8785046728972,127.30275229357798,151.30477597242736,153.88710214040145,-12.424247620680788,132.0,122.0091743119266,9.813084112149532,9.862385321100918,-0.11423918957934376,0,0,0
483,2015,Rajasthan Royals,Kolkata Knight Riders,"Holkar Cricket Stadium, Indore",0.6,0.0,0.6,0.5096153846153846,0.5775862068965517,-0.06797082228116713,0.4117647058823529,17,0.4444444444444444,0.2,124.75,127.00961538461539,121.02586206896552,151.6010558934925,148.82858051521254,5.983753315649864,123.35576923076923,119.65517241379311,9.846153846153847,9.887931034482758,-0.05770891565179248,1,0,0
492,2015,Mumbai Indians,Delhi Capitals,"Rajiv Gandhi Intl. Cricket Stadium, Hyderabad",0.8,0.6,0.20000000000000007,0.5315315315315315,0.49137931034482757,0.040152221186703974,0.5833333333333334,12,0.0,0.8,115.07142857142857,125.75675675675676,118.40517241379311,153.34505108206088,149.08281775751655,7.351584342963648,124.45045045045045,130.6551724137931,9.801801801801801,9.913793103448276,-0.17505636146468895,0,0,0
485,2015,Rajasthan Royals,Royal Challengers Bengaluru,"Rajiv Gandhi Intl. Cricket Stadium, Hyderabad",0.4,0.4,0.0,0.5047619047619047,0.5555555555555556,-0.050793650793650835,0.45454545454545453,11,0.6,0.3333333333333333,113.65517241379311,126.99047619047619,114.81481481481481,151.62610871048443,151.27485665487373,12.175661375661377,123.60952380952381,132.52777777777777,9.847619047619048,9.814814814814815,-0.1498735487158953,0,0,0
517,2015,Chennai Super Kings,Kolkata Knight Riders,"M. Chinnaswamy Stadium, Bengaluru",0.6,0.2,0.39999999999999997,0.5229357798165137,0.5811965811965812,-0.058260801380067506,0.47368421052631576,19,0.5555555555555556,0.4,135.84848484848484,127.95412844036697,121.27350427350427,154.52027476179924,148.6537454164484,6.6806241668626996,119.81651376146789,119.7008547008547,9.862385321100918,9.88888888888889,0.025175015264983003,1,0,0
486,2015,Royal Challengers Bengaluru,Sunrisers Hyderabad,"Eden Gardens, Kolkata",0.4,0.4,0.0,0.5596330275229358,0.4369747899159664,0.12265823760696937,0.6666666666666666,15,0.7777777777777778,0.4,129.03225806451613,114.9908256880734,127.85714285714286,151.46827794561935,151.1373795569683,-12.866317169069461,132.93577981651376,121.78151260504201,9.81651376146789,9.840336134453782,0.024075636329746075,0,0,0
496,2015,Punjab Kings,Royal Challengers Bengaluru,"Wankhede Stadium, Mumbai",0.8,0.4,0.4,0.5315315315315315,0.5545454545454546,-0.02301392301392302,0.6923076923076923,13,0.5,0.5,114.6969696969697,127.70270270270271,115.64545454545454,153.82528486163864,151.53067301965456,12.057248157248168,121.83783783783784,132.95454545454547,9.864864864864865,9.818181818181818,0.09973591002450988,0,1,0
528,2015,Rajasthan Royals,Sunrisers Hyderabad,"Arun Jaitley Stadium, Delhi",0.2,0.6,-0.39999999999999997,0.5,0.44166666666666665,0.05833333333333335,0.7142857142857143,14,0.5,0.4,114.60714285714286,127.4622641509434,127.91666666666667,151.60457809694793,151.36574302337047,-0.45440251572327384,123.70754716981132,122.325,9.849056603773585,9.833333333333334,-0.11686345550415744,0,1,0
489,2015,Rajasthan Royals,Delhi Capitals,"Brabourne Stadium, Mumbai",0.0,0.8,-0.8,0.4953271028037383,0.49572649572649574,-0.00039939292275742444,0.5,14,0.7272727272727273,0.5,125.97222222222223,127.99065420560747,118.12820512820512,151.82926829268294,149.02954496441666,9.862449077402346,123.77570093457943,130.17094017094018,9.850467289719626,9.914529914529915,-0.44302064779998673,1,1,1
491,2015,Rajasthan Royals,Chennai Super Kings,"M. Chinnaswamy Stadium, Bengaluru",0.2,0.4,-0.2,0.5,0.5181818181818182,-0.018181818181818188,0.4,10,0.2857142857142857,0.5,135.76470588235293,127.96296296296296,128.0,151.75140002196113,154.62332528003515,-0.03703703703703809,123.71296296296296,120.0,9.851851851851851,9.863636363636363,-0.1271721084670716,0,0,0
503,2015,Sunrisers Hyderabad,Mumbai Indians,"Narendra Modi Stadium, Ahmedabad",0.6,0.6,0.0,0.4462809917355372,0.5267857142857143,-0.0805047225501771,0.3333333333333333,15,0.5454545454545454,0.42857142857142855,112.325,127.94214876033058,125.29464285714286,151.2702755520813,153.23214675693382,2.647505903187721,122.83471074380165,124.10714285714286,9.834710743801653,9.803571428571429,-0.13562354149133427,1,1,0
509,2015,Chennai Super Kings,Delhi Capitals,"Ekana Cricket Stadium, Lucknow",0.6,0.6,0.0,0.5225225225225225,0.4915254237288136,0.030997098793708933,0.8461538461538461,13,0.2,0.42857142857142855,122.41935483870968,128.66666666666666,118.11864406779661,154.80164751788422,148.57691077710265,10.548022598870048,119.91891891891892,130.1271186440678,9.864864864864865,9.915254237288135,-0.3290636432291425,1,1,1
510,2015,Royal Challengers Bengaluru,Kolkata Knight Riders,"M. Chinnaswamy Stadium, Bengaluru",0.4,0.4,0.0,0.5585585585585585,0.5847457627118644,-0.026187204153305887,0.6666666666666666,15,0.7142857142857143,0.5,135.05714285714285,116.25225225225225,121.4322033898305,151.54433352906636,148.8263398421271,-5.179951137578257,132.7927927927928,119.8135593220339,9.81981981981982,9.889830508474576,0.08876544579967849,0,0,0
512,2015,Royal Challengers Bengaluru,Rajasthan Royals,"Rajiv Gandhi Intl. Cricket Stadium, Hyderabad",0.4,0.2,0.2,0.5535714285714286,0.4954128440366973,0.05815858453473133,0.5833333333333334,12,0.42857142857142855,0.5,115.76666666666667,116.04464285714286,127.80733944954129,151.44488464227453,151.8696173552818,-11.762696592398427,132.99107142857142,124.43119266055047,9.821428571428571,9.8348623853211,0.1777399776941344,0,0,0
498,2015,Rajasthan Royals,Royal Challengers Bengaluru,"DY Patil Stadium, Mumbai",0.4,0.4,0.0,0.5,0.5486725663716814,-0.04867256637168138,0.46153846153846156,13,0.5833333333333334,1.0,125.825,127.53636363636363,115.53982300884955,151.96057192374352,151.40902238200164,11.99654062751408,123.83636363636364,132.68141592920355,9.836363636363636,9.823008849557523,-0.18422754618569748,0,0,1
513,2015,Chennai Super Kings,Rajasthan Royals,"Eden Gardens, Kolkata",0.6,0.6,0.0,0.5267857142857143,0.5045045045045045,0.022281209781209843,0.6363636363636364,11,0.3333333333333333,0.4,130.84375,128.70535714285714,127.29729729729729,154.88342108090686,152.0826606393284,1.4080598455598476,119.88392857142857,123.18018018018019,9.866071428571429,9.837837837837839,0.12986145468885013,0,0,0
499,2015,Chennai Super Kings,Delhi Capitals,"Punjab Cricket Association Stadium, Mohali",0.4,0.4,0.0,0.5221238938053098,0.48739495798319327,0.0347289358221165,0.8571428571428571,14,0.75,0.3333333333333333,120.63333333333334,128.64601769911505,118.10084033613445,154.8466126970601,148.6094956117162,10.545177362980596,119.19469026548673,130.15126050420167,9.867256637168142,9.915966386554622,-0.35904770830325106,0,0,0
514,2015,Royal Challengers Bengaluru,Mumbai Indians,"Ekana Cricket Stadium, Lucknow",0.2,0.6,-0.39999999999999997,0.543859649122807,0.5309734513274337,0.012886197795373366,0.75,12,0.5,0.75,122.75,114.97368421052632,125.7433628318584,151.24624971151627,153.4614969219138,-10.76967862133209,132.40350877192984,123.93805309734513,9.824561403508772,9.805309734513274,-0.08647817186946405,1,0,0
520,2015,Mumbai Indians,Sunrisers Hyderabad,"Ekana Cricket Stadium, Lucknow",0.8,0.6,0.20000000000000007,0.5350877192982456,0.4426229508196721,0.09246476847857349,0.6875,16,0.8,0.8,122.42424242424242,125.6140350877193,127.75409836065573,153.22062914615879,151.20294916569654,-2.1400632729364304,123.83333333333333,123.27049180327869,9.807017543859649,9.836065573770492,0.12120921569042231,1,1,0
504,2015,Mumbai Indians,Punjab Kings,"Himachal Pradesh Cricket Association Stadium, Dharamsala",0.6,0.6,0.0,0.5304347826086957,0.5267857142857143,0.003649068322981397,0.5,16,0.7142857142857143,0.5,125.0,124.98260869565217,127.58928571428571,153.16496163682865,153.88757269007107,-2.6066770186335333,123.96521739130435,122.38392857142857,9.808695652173913,9.857142857142858,0.010550519107015432,1,0,0
524,2015,Delhi Capitals,Sunrisers Hyderabad,"Rajiv Gandhi Intl. Cricket Stadium, Hyderabad",0.4,0.6,-0.19999999999999996,0.49166666666666664,0.44715447154471544,0.044512195121951204,0.3888888888888889,18,0.8333333333333334,0.625,113.93548387096774,118.35,127.84552845528455,148.94598846355532,151.1583197154667,-9.495528455284557,130.20833333333334,122.69918699186992,9.916666666666666,9.83739837398374,0.2803724583403735,0,0,0
506,2015,Mumbai Indians,Delhi Capitals,"Maharashtra Cricket Association Stadium, Pune",0.4,0.4,0.0,0.5258620689655172,0.48760330578512395,0.038258763180393285,0.5384615384615384,13,0.5,0.4,120.51515151515152,125.12931034482759,118.06611570247934,153.12796708513557,148.85901844326352,7.06319464234825,124.0603448275862,130.8181818181818,9.810344827586206,9.900826446280991,-0.16076667265872047,1,0,1
525,2015,Rajasthan Royals,Royal Challengers Bengaluru,"Punjab Cricket Association Stadium, Mohali",0.8,0.2,0.6000000000000001,0.5089285714285714,0.5391304347826087,-0.030201863354037295,0.5,14,0.5,0.2857142857142857,121.16129032258064,126.53571428571429,114.94782608695652,151.63706398459234,151.3510419051981,11.587888198757767,123.16964285714286,132.2173913043478,9.839285714285714,9.826086956521738,-0.18588463969739522,0,1,0
507,2015,Kolkata Knight Riders,Mumbai Indians,"M. Chinnaswamy Stadium, Bengaluru",0.6,0.6,0.0,0.5882352941176471,0.5299145299145299,0.05832076420311716,0.5714285714285714,14,0.5714285714285714,0.6,133.88888888888889,121.71428571428571,124.68376068376068,148.9357326478149,152.83394447354638,-2.969474969474973,119.58823529411765,123.52136752136752,9.890756302521009,9.811965811965813,-0.19315560847977764,0,0,1
526,2015,Royal Challengers Bengaluru,Punjab Kings,"Wankhede Stadium, Mumbai",0.2,0.6,-0.39999999999999997,0.5431034482758621,0.5309734513274337,0.012129996948428423,0.35714285714285715,14,0.5555555555555556,0.45454545454545453,114.70588235294117,114.44827586206897,127.65486725663717,151.03526734926052,154.0474156343443,-13.206591394568207,132.86206896551724,122.5575221238938,9.78448275862069,9.858407079646017,-0.07243689798839448,1,1,0
527,2015,Chennai Super Kings,Mumbai Indians,"Punjab Cricket Association Stadium, Mohali",0.4,0.4,0.0,0.5175438596491229,0.5254237288135594,-0.007879869164436504,0.5882352941176471,17,0.6,0.0,123.84375,128.71929824561403,124.73728813559322,154.60963017595617,152.78181440730745,3.982010110020809,119.44736842105263,123.22881355932203,9.868421052631579,9.813559322033898,-0.15094358470098967,1,1,1
508,2015,Kolkata Knight Riders,Mumbai Indians,"Wankhede Stadium, Mumbai",0.8,0.2,0.6000000000000001,0.5916666666666667,0.5210084033613446,0.0706582633053221,0.6,15,0.42857142857142855,0.5555555555555556,114.68571428571428,121.44166666666666,124.68067226890756,148.84077213767745,152.6754476229677,-3.239005602240894,119.68333333333334,122.88235294117646,9.891666666666667,9.815126050420169,-0.16961036824795528,0,1,1
530,2015,Mumbai Indians,Sunrisers Hyderabad,"Rajiv Gandhi Intl. Cricket Stadium, Hyderabad",0.2,0.8,-0.6000000000000001,0.5166666666666667,0.45161290322580644,0.06505376344086028,0.6470588235294118,17,0.0,0.6666666666666666,113.0,124.46666666666667,128.45967741935485,152.67300419094346,151.37318255250406,-3.9930107526881784,123.075,122.38709677419355,9.816666666666666,9.838709677419354,0.09688417556581719,0,0,0
515,2015,Sunrisers Hyderabad,Chennai Super Kings,"Narendra Modi Stadium, Ahmedabad",0.8,0.6,0.20000000000000007,0.456,0.5217391304347826,-0.06573913043478258,0.47058823529411764,17,0.5,0.5,112.14634146341463,129.024,128.31304347826088,151.53622099032228,154.30304297814496,0.7109565217391207,122.072,119.43478260869566,9.84,9.869565217391305,0.04913077139183919,0,1,0
516,2015,Chennai Super Kings,Mumbai Indians,"Narendra Modi Stadium, Ahmedabad",0.6,0.2,0.39999999999999997,0.5258620689655172,0.512396694214876,0.013465374750641246,0.6111111111111112,18,0.5714285714285714,0.4666666666666667,111.97619047619048,128.0948275862069,124.12396694214875,154.2670265780731,152.75630593978843,3.970860644058135,119.3103448275862,123.70247933884298,9.870689655172415,9.809917355371901,-0.15341159157116024,1,1,0
518,2015,Mumbai Indians,Royal Challengers Bengaluru,"M. Chinnaswamy Stadium, Bengaluru",0.2,0.2,0.0,0.5163934426229508,0.5384615384615384,-0.022068095838587598,0.3076923076923077,13,0.5454545454545454,0.625,132.67567567567568,123.68852459016394,114.44444444444444,152.48585286984638,151.09456104716767,9.244080145719494,123.48360655737704,132.32478632478632,9.811475409836065,9.786324786324787,0.08003920656934049,1,1,0
519,2015,Chennai Super Kings,Kolkata Knight Riders,"Himachal Pradesh Cricket Association Stadium, Dharamsala",0.4,1.0,-0.6,0.5213675213675214,0.5950413223140496,-0.0736738009465282,0.45,20,0.5,0.25,125.60714285714286,127.82905982905983,121.64462809917356,154.29691529970083,148.90237733940316,6.1844317298862705,118.8974358974359,119.51239669421487,9.871794871794872,9.892561983471074,0.010638500847244714,1,0,0
521,2015,Chennai Super Kings,Delhi Capitals,"M. Chinnaswamy Stadium, Bengaluru",0.4,0.2,0.2,0.5169491525423728,0.48360655737704916,0.033342595165323674,0.8,15,0.5454545454545454,0.8,133.39473684210526,127.66101694915254,117.59836065573771,154.1705045542933,148.62736972961775,10.062656293414832,119.41525423728814,130.34426229508196,9.872881355932204,9.901639344262295,-0.3356115534728108,0,1,1
522,2015,Chennai Super Kings,Sunrisers Hyderabad,"DY Patil Stadium, Mumbai",0.6,0.6,0.0,0.5210084033613446,0.4523809523809524,0.06862745098039219,0.5555555555555556,18,0.5,0.5,125.21951219512195,127.47058823529412,128.83333333333334,154.15650406504065,151.48376259798434,-1.3627450980392268,120.00840336134453,121.92063492063492,9.857142857142858,9.841269841269842,-0.05504059322869104,0,0,0
523,2015,Royal Challengers Bengaluru,Rajasthan Royals,"Sawai Mansingh Stadium, Jaipur",0.4,0.6,-0.19999999999999996,0.5423728813559322,0.504424778761062,0.03794810259487025,0.5333333333333333,15,0.3333333333333333,0.3333333333333333,110.33333333333333,115.08474576271186,127.24778761061947,151.1912714317524,151.90154236213817,-12.163041847907607,132.5593220338983,122.58407079646018,9.788135593220339,9.84070796460177,0.19823795079471296,0,1,0
529,2015,Punjab Kings,Sunrisers Hyderabad,"Maharashtra Cricket Association Stadium, Pune",0.6,0.8,-0.20000000000000007,0.5350877192982456,0.4566929133858268,0.07839480591241882,0.4444444444444444,9,0.42857142857142855,0.6,119.11764705882354,127.14912280701755,128.86614173228347,153.82574551628994,151.4949551050634,-1.7170189252659185,122.48245614035088,121.96062992125984,9.859649122807017,9.84251968503937,0.10270157597860141,1,0,1
531,2015,Sunrisers Hyderabad,Mumbai Indians,"Arun Jaitley Stadium, Delhi",0.6,0.2,0.39999999999999997,0.453125,0.5121951219512195,-0.05907012195121952,0.3888888888888889,18,0.5,0.5,117.0,128.4921875,123.98373983739837,151.3759779107225,152.33243432224552,4.508447662601625,122.6171875,124.02439024390245,9.8359375,9.788617886178862,-0.08607133599293171,1,0,0
532,2016,Mumbai Indians,Punjab Kings,"Brabourne Stadium, Mumbai",0.4,0.8,-0.4,0.5161290322580645,0.5391304347826087,-0.02300140252454419,0.47058823529411764,17,0.6666666666666666,0.4444444444444444,125.94594594594595,124.48387096774194,127.83478260869565,152.36403119139274,154.0500890705229,-3.3509116409537114,124.36290322580645,122.12173913043478,9.790322580645162,9.860869565217392,0.020059702178457428,0,1,1
533,2016,Kolkata Knight Riders,Gujarat Lions,"M. A. Chidambaram Stadium, Chennai",1.0,0.5,0.5,0.5983606557377049,0.5,0.09836065573770492,0.5,0,0.5,0.5,116.45454545454545,122.12295081967213,160.0,149.004900490049,130.0,-37.87704918032787,119.41803278688525,160.0,9.89344262295082,6.0,0.9627806828668106,1,0,1
534,2016,Kolkata Knight Riders,Delhi Capitals,"Narendra Modi Stadium, Ahmedabad",1.0,0.2,0.8,0.5983606557377049,0.4796747967479675,0.11868585898973744,0.5833333333333334,12,0.625,0.5555555555555556,111.62790697674419,122.12295081967213,118.1869918699187,149.004900490049,148.74654660800164,3.9359589497534273,119.41803278688525,130.1382113821138,9.89344262295082,9.902439024390244,-0.35625677104353315,0,0,0
537,2016,Gujarat Lions,Mumbai Indians,"Maharashtra Cricket Association Stadium, Pune",0.0,0.6,-0.6,0.0,0.52,-0.52,0.5,0,0.5,0.5555555555555556,121.6,186.0,124.2,155.0,152.14621716973735,61.8,88.0,124.688,10.0,9.792,-0.06478701825557742,1,0,1
538,2016,Delhi Capitals,Sunrisers Hyderabad,"Maharashtra Cricket Association Stadium, Pune",0.4,0.4,0.0,0.4838709677419355,0.4496124031007752,0.03425856464116028,0.3684210526315789,19,0.36363636363636365,0.5,120.69444444444444,118.88709677419355,128.7829457364341,149.01445466491458,151.59229856738753,-9.89584896224055,129.8548387096774,123.10852713178295,9.903225806451612,9.821705426356589,0.2405986290936788,0,1,1
535,2016,Delhi Capitals,Mumbai Indians,"Arun Jaitley Stadium, Delhi",0.4,0.6,-0.19999999999999996,0.4838709677419355,0.5158730158730159,-0.03200204813108043,0.42857142857142855,14,0.42857142857142855,0.5454545454545454,118.63333333333334,118.88709677419355,124.05555555555556,149.01445466491458,151.87524290711232,-5.1684587813620055,129.8548387096774,124.4047619047619,9.903225806451612,9.793650793650794,0.14801286173633343,0,1,1
539,2016,Gujarat Lions,Mumbai Indians,"Rajiv Gandhi Intl. Cricket Stadium, Hyderabad",0.5,0.4,0.09999999999999998,0.5,0.5118110236220472,-0.011811023622047223,0.5,1,0.5,0.0,112.0909090909091,137.5,124.33070866141732,150.27322404371583,151.8999518999519,13.169291338582681,97.0,124.68503937007874,10.0,9.795275590551181,-1.2079944194197836,1,1,0
541,2016,Kolkata Knight Riders,Mumbai Indians,"Arun Jaitley Stadium, Delhi",0.8,0.6,0.20000000000000007,0.5967741935483871,0.515625,0.08114919354838712,0.625,16,0.6,0.5,119.96774193548387,121.62903225806451,124.6484375,148.94331424056884,152.22784085488027,-3.0194052419354875,120.64516129032258,124.5859375,9.870967741935484,9.796875,-0.20377230651317646,0,1,1
543,2016,Rising Pune Supergiant,Sunrisers Hyderabad,"Brabourne Stadium, Mumbai",0.5,0.2,0.3,0.5,0.4461538461538462,0.05384615384615382,0.5,0,0.5,0.2727272727272727,124.97368421052632,160.0,128.36923076923077,130.0,151.5850667635571,31.630769230769232,160.0,123.33076923076923,6.0,9.823076923076924,-1.0684389140271495,0,0,0
536,2016,Delhi Capitals,Kolkata Knight Riders,"Rajiv Gandhi Intl. Cricket Stadium, Hyderabad",0.6,0.8,-0.20000000000000007,0.49206349206349204,0.6,-0.10793650793650794,0.46153846153846156,13,0.7142857142857143,0.5,112.08823529411765,119.47619047619048,121.768,149.30080333234156,149.31332156170296,-2.291809523809519,129.65079365079364,120.992,9.904761904761905,9.872,0.3174627606109617,1,0,1
548,2016,Gujarat Lions,Sunrisers Hyderabad,"Eden Gardens, Kolkata",0.3333333333333333,0.4,-0.06666666666666671,0.3333333333333333,0.45038167938931295,-0.11704834605597964,0.5,0,0.5,0.5,130.57575757575756,129.0,128.61068702290078,154.8,151.79745923056132,0.3893129770992232,119.66666666666667,123.52671755725191,10.0,9.82442748091603,0.21215982832728741,1,1,0
551,2016,Delhi Capitals,Mumbai Indians,"Eden Gardens, Kolkata",0.8,0.4,0.4,0.49606299212598426,0.5116279069767442,-0.015564914850759948,0.4666666666666667,15,0.4,0.4,131.26470588235293,119.33858267716535,124.95348837209302,149.08518591383043,152.36789866717083,-5.614905694927671,129.81102362204723,124.69767441860465,9.905511811023622,9.7984496124031,0.12655031164710273,1,0,0
553,2016,Rising Pune Supergiant,Delhi Capitals,"Punjab Cricket Association Stadium, Mohali",0.0,0.8,-0.8,0.0,0.4921875,-0.4921875,0.5,0,0.5,0.4,122.57575757575758,149.0,119.4453125,158.51063829787233,149.23377257198632,29.5546875,160.0,129.5859375,10.0,9.90625,1.3253863963456602,1,1,1
554,2016,Delhi Capitals,Punjab Kings,"DY Patil Stadium, Mumbai",0.6,0.6,0.0,0.4883720930232558,0.5344827586206896,-0.04611066559743382,0.5263157894736842,19,0.3,0.5,125.26190476190476,119.12403100775194,128.1551724137931,148.99166181888694,154.0358512071288,-9.031141406041172,129.8217054263566,121.83620689655173,9.906976744186046,9.862068965517242,0.21773378758574147,1,1,1
555,2016,Punjab Kings,Rising Pune Supergiant,"Punjab Cricket Association Stadium, Mohali",0.6,0.5,0.09999999999999998,0.5299145299145299,0.5,0.02991452991452992,0.5,0,0.5714285714285714,1.0,123.67647058823529,128.48717948717947,154.5,154.247896572953,167.02702702702703,-26.012820512820525,121.53846153846153,119.0,9.863247863247864,10.0,0.14302576860914762,0,0,0
540,2016,Kolkata Knight Riders,Punjab Kings,"Brabourne Stadium, Mumbai",0.6,0.4,0.19999999999999996,0.5952380952380952,0.5254237288135594,0.06981436642453587,0.6666666666666666,12,0.6666666666666666,0.4,125.58974358974359,121.9920634920635,128.45762711864407,149.7418412079883,154.21711262590293,-6.465563626580575,120.84126984126983,121.83898305084746,9.873015873015873,9.864406779661017,-0.1566289873298441,1,0,0
559,2016,Royal Challengers Bengaluru,Punjab Kings,"Narendra Modi Stadium, Ahmedabad",0.4,0.4,0.0,0.5378151260504201,0.5294117647058824,0.008403361344537785,0.3333333333333333,15,0.4444444444444444,0.6,111.25,114.47058823529412,128.96638655462183,150.9864774994458,154.25670921700674,-14.495798319327719,133.109243697479,121.21008403361344,9.789915966386555,9.865546218487395,-0.04241238474407716,1,1,1
546,2016,Mumbai Indians,Punjab Kings,"Arun Jaitley Stadium, Delhi",0.4,0.2,0.2,0.5153846153846153,0.525,-0.009615384615384692,0.5,18,0.46153846153846156,0.5714285714285714,120.5625,124.76923076923077,128.68333333333334,152.52962196727478,154.26573426573427,-3.9141025641025635,124.76153846153846,121.30833333333334,9.8,9.866666666666667,0.08417014634600406,1,0,1
547,2016,Kolkata Knight Riders,Mumbai Indians,"Brabourne Stadium, Mumbai",0.4,0.6,-0.19999999999999996,0.5905511811023622,0.5190839694656488,0.07146721163671332,0.6470588235294118,17,0.5,0.7142857142857143,123.625,121.4015748031496,124.48091603053435,149.54413191076625,152.3876273245491,-3.079341227384745,121.37795275590551,125.12213740458016,9.866141732283465,9.801526717557252,-0.24085802363605602,1,0,1
542,2016,Sunrisers Hyderabad,Punjab Kings,"Holkar Cricket Stadium, Indore",0.4,0.2,0.2,0.45454545454545453,0.5206611570247934,-0.0661157024793389,0.5,10,0.4166666666666667,0.75,124.75675675675676,128.2651515151515,129.04132231404958,151.88840046649324,154.48698921539528,-0.7761707988980788,123.75757575757575,121.02479338842976,9.825757575757576,9.867768595041323,-0.046217456461022266,0,1,1
564,2016,Kolkata Knight Riders,Mumbai Indians,"Maharashtra Cricket Association Stadium, Pune",0.4,0.6,-0.19999999999999996,0.59375,0.5151515151515151,0.07859848484848486,0.6666666666666666,18,0.5,0.5,121.54054054054055,121.3828125,123.71212121212122,149.3511487071037,152.1617592247484,-2.329308712121218,120.609375,125.07575757575758,9.8671875,9.803030303030303,-0.2410779760994668,1,1,0
565,2016,Gujarat Lions,Sunrisers Hyderabad,"Himachal Pradesh Cricket Association Stadium, Dharamsala",0.25,0.6,-0.35,0.25,0.45864661654135336,-0.20864661654135336,0.5,1,0.5,0.7142857142857143,125.0,135.25,128.77443609022558,154.13105413105413,152.010295553386,6.475563909774422,110.5,123.94736842105263,10.0,9.827067669172932,0.41041721195623637,0,1,1
566,2016,Royal Challengers Bengaluru,Sunrisers Hyderabad,"Ekana Cricket Stadium, Lucknow",0.6,0.6,0.0,0.5416666666666666,0.4552238805970149,0.08644278606965172,0.625,16,0.45454545454545453,0.8333333333333334,120.38235294117646,114.625,128.32835820895522,151.10403163792157,151.88129305776366,-13.703358208955223,132.79166666666666,124.27611940298507,9.791666666666666,9.828358208955224,0.015350512795548,1,0,0
544,2016,Gujarat Lions,Sunrisers Hyderabad,"Maharashtra Cricket Association Stadium, Pune",0.4,0.8,-0.4,0.4,0.45925925925925926,-0.059259259259259234,0.5,2,1.0,0.42857142857142855,120.28947368421052,141.8,128.6074074074074,155.48245614035088,151.95168913005426,13.192592592592604,102.2,124.42962962962963,10.0,9.829629629629629,0.09589951223306414,1,1,1
550,2016,Kolkata Knight Riders,Punjab Kings,"Wankhede Stadium, Mumbai",0.4,0.2,0.2,0.5891472868217055,0.5163934426229508,0.07275384419875464,0.6153846153846154,13,0.5,0.5,115.55555555555556,121.01550387596899,129.20491803278688,149.11643901041168,154.23679060665364,-8.18941415681789,120.37209302325581,121.63934426229508,9.868217054263566,9.844262295081966,-0.161406090049244,0,0,1
568,2016,Punjab Kings,Mumbai Indians,"Wankhede Stadium, Mumbai",0.2,0.6,-0.39999999999999997,0.5163934426229508,0.518796992481203,-0.0024035498582521964,0.47368421052631576,19,0.5,0.5,115.55555555555556,129.20491803278688,123.45864661654136,154.23679060665364,152.06519725875162,5.74627141624552,121.63934426229508,124.69172932330827,9.844262295081966,9.80451127819549,-0.06952629846243497,0,1,1
570,2016,Rising Pune Supergiant,Gujarat Lions,"Narendra Modi Stadium, Ahmedabad",0.6666666666666666,0.6,0.06666666666666665,0.6666666666666666,0.5,0.16666666666666663,0.5,0,0.5,0.5,111.73333333333333,155.33333333333334,130.16666666666666,168.84057971014494,151.06382978723406,25.166666666666686,121.0,104.66666666666667,10.0,10.0,0.17564402810304536,0,0,1
545,2016,Kolkata Knight Riders,Mumbai Indians,"Rajiv Gandhi Intl. Cricket Stadium, Hyderabad",0.4,0.6,-0.19999999999999996,0.5923076923076923,0.5149253731343284,0.07738231917336391,0.631578947368421,19,0.4444444444444444,0.14285714285714285,111.8,120.92307692307692,123.29850746268657,149.146110056926,152.1222723506123,-2.3754305396096527,121.01538461538462,125.18656716417911,9.86923076923077,9.805970149253731,-0.21971497459773381,0,0,0
574,2016,Delhi Capitals,Mumbai Indians,"M. A. Chidambaram Stadium, Chennai",0.6,0.6,0.0,0.49230769230769234,0.5185185185185185,-0.026210826210826155,0.4375,16,0.14285714285714285,0.4444444444444444,115.61764705882354,118.87692307692308,122.67407407407407,148.86812445814468,152.00550711335475,-3.797150997150993,130.1076923076923,124.85925925925926,9.907692307692308,9.807407407407407,0.17365792382371836,0,1,0
577,2016,Mumbai Indians,Rising Pune Supergiant,"Eden Gardens, Kolkata",0.6,0.75,-0.15000000000000002,0.5220588235294118,0.75,-0.2279411764705882,0.5,0,0.5,0.5,131.31428571428572,122.69117647058823,139.5,152.0918785890074,163.63636363636365,-16.808823529411768,124.44117647058823,109.5,9.808823529411764,10.0,0.39355638345942445,0,0,0
579,2016,Punjab Kings,Sunrisers Hyderabad,"Narendra Modi Stadium, Ahmedabad",0.2,0.6,-0.39999999999999997,0.5161290322580645,0.45588235294117646,0.06024667931688804,0.45454545454545453,11,0.5454545454545454,0.46153846153846156,111.30434782608695,130.30645161290323,128.52205882352942,154.81460189709685,151.75377669734328,1.7843927893738112,121.37903225806451,124.04411764705883,9.846774193548388,9.830882352941176,0.08638840187746055,1,0,0
556,2016,Mumbai Indians,Sunrisers Hyderabad,"M. A. Chidambaram Stadium, Chennai",0.6,0.6,0.0,0.5182481751824818,0.45985401459854014,0.058394160583941646,0.631578947368421,19,0.5,0.16666666666666666,114.25714285714285,122.58394160583941,128.46715328467153,151.9131614654003,151.7503017761683,-5.883211678832112,124.22627737226277,124.21897810218978,9.81021897810219,9.832116788321168,0.1427819927233589,0,1,0
580,2016,Kolkata Knight Riders,Gujarat Lions,"Holkar Cricket Stadium, Indore",0.4,0.4,0.0,0.5877862595419847,0.42857142857142855,0.15921483097055616,0.5,1,0.3333333333333333,0.5,126.63157894736842,120.61832061068702,122.28571428571429,148.79932197005368,149.12891986062718,-1.6673936750272702,120.38931297709924,102.85714285714286,9.870229007633588,10.0,0.20327750415071755,0,0,0
582,2016,Gujarat Lions,Rising Pune Supergiant,"Arun Jaitley Stadium, Delhi",0.6,0.8,-0.20000000000000007,0.5,0.8,-0.30000000000000004,0.5,1,0.5,0.5,119.54545454545455,128.75,130.6,148.41498559077812,161.63366336633663,-1.8499999999999943,106.875,109.2,10.0,10.0,0.29130278202935145,0,1,1
549,2016,Rising Pune Supergiant,Gujarat Lions,"Eden Gardens, Kolkata",0.8,0.8,0.0,0.6666666666666666,0.5555555555555556,0.11111111111111105,0.5,2,1.0,0.0,130.66666666666666,135.16666666666666,122.66666666666667,154.7709923664122,147.3965287049399,12.499999999999986,103.33333333333333,112.55555555555556,10.0,9.777777777777779,-0.18970645792563623,1,0,1
584,2016,Punjab Kings,Royal Challengers Bengaluru,"Himachal Pradesh Cricket Association Stadium, Dharamsala",0.2,0.4,-0.2,0.512,0.5371900826446281,-0.025190082644628076,0.625,16,0.5555555555555556,0.8,126.43333333333334,130.448,114.87603305785125,154.66186095039362,150.90652480729563,15.571966942148762,121.376,133.06611570247935,9.848,9.793388429752065,0.04516455866459168,1,1,0
558,2016,Sunrisers Hyderabad,Delhi Capitals,"Eden Gardens, Kolkata",0.6,0.4,0.19999999999999996,0.463768115942029,0.48854961832061067,-0.024781502378581677,0.6,20,0.5714285714285714,0.3333333333333333,130.32432432432432,128.82608695652175,118.4885496183206,151.9227482481627,148.79217791411043,10.337537338201145,124.04347826086956,130.06870229007635,9.833333333333334,9.908396946564885,-0.3346559357039247,0,1,0
585,2016,Mumbai Indians,Kolkata Knight Riders,"Maharashtra Cricket Association Stadium, Pune",0.4,0.4,0.0,0.5144927536231884,0.5833333333333334,-0.06884057971014501,0.4,20,0.5454545454545454,0.45454545454545453,119.05128205128206,122.42028985507247,120.72727272727273,151.7606899029824,148.8372093023256,1.6930171277997346,124.6159420289855,120.79545454545455,9.81159420289855,9.863636363636363,0.2115915025034525,1,0,1
591,2016,Punjab Kings,Kolkata Knight Riders,"Rajiv Gandhi Intl. Cricket Stadium, Hyderabad",0.2,0.2,0.0,0.5079365079365079,0.5789473684210527,-0.07101086048454475,0.35714285714285715,14,0.75,0.4,110.94444444444444,130.5793650793651,120.84210526315789,154.6189267925947,149.06325357076608,9.7372598162072,121.19047619047619,120.77443609022556,9.84920634920635,9.864661654135338,0.13941750720989354,1,0,0
552,2016,Mumbai Indians,Kolkata Knight Riders,"M. A. Chidambaram Stadium, Chennai",0.6,0.4,0.19999999999999996,0.5179856115107914,0.582089552238806,-0.06410394072801462,0.42857142857142855,21,0.45454545454545453,0.5555555555555556,113.86111111111111,122.38848920863309,120.61940298507463,151.8792964913847,148.87169568020633,1.7690862235584603,124.6978417266187,120.85820895522389,9.81294964028777,9.865671641791044,0.2086391439939259,0,1,1
562,2016,Kolkata Knight Riders,Delhi Capitals,"Narendra Modi Stadium, Ahmedabad",0.4,0.4,0.0,0.582089552238806,0.49242424242424243,0.08966530981456355,0.5,14,0.5555555555555556,0.6,112.08510638297872,120.61940298507463,118.40151515151516,148.87169568020633,149.04634751096702,2.217887833559473,120.85820895522389,129.8181818181818,9.865671641791044,9.909090909090908,-0.36580071126151914,1,1,0
594,2016,Punjab Kings,Delhi Capitals,"Punjab Cricket Association Stadium, Mohali",0.2,0.6,-0.39999999999999997,0.5039370078740157,0.49624060150375937,0.00769640637025637,0.45,20,0.5,0.36363636363636365,123.71428571428571,130.59055118110237,118.92481203007519,154.68196232046262,149.31558576418388,11.665739151027182,120.95275590551181,129.81954887218046,9.850393700787402,9.909774436090226,-0.2505160427761588,0,0,0
569,2016,Gujarat Lions,Punjab Kings,"Ekana Cricket Stadium, Lucknow",0.6,0.2,0.39999999999999997,0.5,0.5,0.0,0.5,0,0.5,0.3333333333333333,121.08571428571429,119.9,130.0078125,144.4578313253012,154.5125348189415,-10.107812499999994,113.1,120.7421875,9.8,9.8515625,-0.4396870601329006,1,1,0
557,2016,Mumbai Indians,Sunrisers Hyderabad,"Sawai Mansingh Stadium, Jaipur",0.6,0.6,0.0,0.5214285714285715,0.460431654676259,0.06099691675231245,0.6,20,0.6,0.18181818181818182,108.48648648648648,122.43571428571428,128.59712230215828,152.05357934888673,151.86915887850466,-6.161408016444,124.37857142857143,123.92086330935251,9.814285714285715,9.83453237410072,0.16236386318769291,1,1,1
573,2016,Kolkata Knight Riders,Sunrisers Hyderabad,"Ekana Cricket Stadium, Lucknow",0.2,0.4,-0.2,0.5735294117647058,0.45714285714285713,0.11638655462184871,0.631578947368421,19,0.75,0.8571428571428571,122.25,120.38970588235294,128.39285714285714,149.07584448693436,151.86718485974993,-8.003151260504197,121.41176470588235,123.62857142857143,9.867647058823529,9.835714285714285,-0.016025971153879937,0,0,0
560,2016,Gujarat Lions,Sunrisers Hyderabad,"Maharashtra Cricket Association Stadium, Pune",0.4,0.6,-0.19999999999999996,0.45454545454545453,0.46099290780141844,-0.006447453255963909,0.6666666666666666,3,1.0,0.375,119.025,123.81818181818181,128.91489361702128,146.29430719656284,152.19794021602613,-5.096711798839465,112.18181818181819,123.70212765957447,9.818181818181818,9.836879432624114,-0.3729827420724696,1,0,1
575,2016,Rising Pune Supergiant,Mumbai Indians,"Rajiv Gandhi Intl. Cricket Stadium, Hyderabad",0.8,0.6,0.20000000000000007,0.7142857142857143,0.524822695035461,0.18946301925025333,0.5,1,0.5,0.25,111.51351351351352,132.71428571428572,122.15602836879432,153.0477759472817,151.92731763253065,10.558257345491398,102.14285714285714,124.20567375886525,10.0,9.815602836879433,-0.9401667762235011,1,1,0
561,2016,Royal Challengers Bengaluru,Mumbai Indians,"M. A. Chidambaram Stadium, Chennai",0.6,0.8,-0.20000000000000007,0.5409836065573771,0.528169014084507,0.01281459247287009,0.7142857142857143,14,0.8888888888888888,0.5,114.27027027027027,114.73770491803279,122.03521126760563,150.85677335919817,151.78242971008146,-7.297506349572842,133.18032786885246,123.61971830985915,9.795081967213115,9.816901408450704,-0.11063861713202172,0,0,1
563,2016,Kolkata Knight Riders,Royal Challengers Bengaluru,"Himachal Pradesh Cricket Association Stadium, Dharamsala",0.2,0.6,-0.39999999999999997,0.5693430656934306,0.5447154471544715,0.024627618538959117,0.375,16,0.4,0.8333333333333334,127.09677419354838,120.48905109489051,115.29268292682927,149.1821057388161,150.92592592592592,5.196368168061241,122.0,133.26829268292684,9.86861313868613,9.796747967479675,-0.031180358564771637,1,0,1
581,2016,Royal Challengers Bengaluru,Rising Pune Supergiant,"Himachal Pradesh Cricket Association Stadium, Dharamsala",0.6,0.6,0.0,0.5403225806451613,0.625,-0.08467741935483875,0.5,0,0.7142857142857143,0.5,126.0625,115.12096774193549,121.25,150.91447298868803,150.1547987616099,-6.1290322580645125,132.9516129032258,102.5,9.798387096774194,10.0,0.8570120305966142,0,1,1
567,2016,Kolkata Knight Riders,Royal Challengers Bengaluru,"Wankhede Stadium, Mumbai",0.4,0.6,-0.19999999999999996,0.572463768115942,0.544,0.02846376811594198,0.4117647058823529,17,0.5555555555555556,0.5,117.36842105263158,120.29710144927536,114.752,149.12863816025873,150.84656641076876,5.545101449275364,121.79710144927536,132.424,9.869565217391305,9.8,-0.02792377808000701,0,1,1
586,2016,Sunrisers Hyderabad,Mumbai Indians,"Ekana Cricket Stadium, Lucknow",0.4,0.8,-0.4,0.45774647887323944,0.5244755244755245,-0.06672904560228504,0.38095238095238093,21,0.875,0.6666666666666666,122.56756756756756,129.2605633802817,122.18881118881119,152.32365145228215,151.60954446854663,7.071752191470509,123.45070422535211,124.03496503496504,9.838028169014084,9.818181818181818,-0.16434434361761063,1,0,1
587,2016,Gujarat Lions,Punjab Kings,"M. A. Chidambaram Stadium, Chennai",0.6,0.2,0.39999999999999997,0.5,0.5038759689922481,-0.003875968992248069,0.5,1,0.0,0.5,116.07894736842105,120.83333333333333,129.7984496124031,144.85514485514486,154.4506964302186,-8.965116279069761,117.66666666666667,121.06976744186046,9.833333333333334,9.852713178294573,-0.29620181233812914,1,1,1
590,2016,Rising Pune Supergiant,Mumbai Indians,"M. A. Chidambaram Stadium, Chennai",0.4,0.6,-0.19999999999999996,0.5555555555555556,0.5208333333333334,0.03472222222222221,0.5,2,0.5,0.46153846153846156,115.7948717948718,115.22222222222223,122.02083333333333,150.28985507246378,151.5002586652871,-6.7986111111111,98.77777777777777,123.92361111111111,10.0,9.819444444444445,-0.98360838101393,0,1,0
571,2016,Delhi Capitals,Punjab Kings,"M. Chinnaswamy Stadium, Bengaluru",0.8,0.2,0.6000000000000001,0.5,0.5,0.0,0.5714285714285714,21,0.6666666666666666,0.5,132.66666666666666,118.73880597014926,129.5,149.20292573143286,154.0679051889814,-10.761194029850742,129.26865671641792,120.94615384615385,9.91044776119403,9.853846153846154,0.24707267405636024,1,1,0
572,2016,Gujarat Lions,Punjab Kings,"Brabourne Stadium, Mumbai",0.6,0.4,0.19999999999999996,0.5384615384615384,0.5038167938931297,0.034644744568408714,0.5,2,0.5,0.45454545454545453,123.51219512195122,119.61538461538461,129.93129770992365,144.65116279069767,154.28752719361856,-10.315913094539042,115.61538461538461,120.6412213740458,9.846153846153847,9.854961832061068,-0.4817744046320165,0,0,0
576,2016,Royal Challengers Bengaluru,Kolkata Knight Riders,"Arun Jaitley Stadium, Delhi",0.6,0.4,0.19999999999999996,0.5396825396825397,0.5755395683453237,-0.03585702866278406,0.5555555555555556,18,0.0,0.6363636363636364,118.20588235294117,114.5952380952381,120.64748201438849,150.72025052192066,149.04017063633134,-6.052243919150385,132.71428571428572,121.60431654676259,9.785714285714286,9.870503597122303,0.02761222048403944,0,1,1
578,2016,Kolkata Knight Riders,Delhi Capitals,"Eden Gardens, Kolkata",0.4,0.6,-0.19999999999999996,0.5714285714285714,0.4962962962962963,0.0751322751322751,0.4666666666666667,15,0.6666666666666666,0.42857142857142855,129.44736842105263,120.47857142857143,118.45925925925926,148.9886052468863,149.0122996645546,2.0193121693121725,121.18571428571428,129.6888888888889,9.871428571428572,9.911111111111111,-0.33747008314199434,0,0,1
583,2016,Mumbai Indians,Rising Pune Supergiant,"Punjab Cricket Association Stadium, Mohali",0.6,0.2,0.39999999999999997,0.5241379310344828,0.5,0.024137931034482807,0.6666666666666666,3,0.0,1.0,121.83333333333333,121.95862068965518,118.5,151.4041095890411,153.10077519379846,3.458620689655177,124.0896551724138,100.2,9.820689655172414,10.0,0.9878692674528899,1,1,1
588,2016,Delhi Capitals,Sunrisers Hyderabad,"Rajiv Gandhi Intl. Cricket Stadium, Hyderabad",0.6,0.4,0.19999999999999996,0.49264705882352944,0.46153846153846156,0.031108597285067874,0.42857142857142855,21,0.75,0.7,109.65789473684211,118.90441176470588,129.1118881118881,149.0689528023599,152.3978539001238,-10.207476347182222,129.58823529411765,123.27272727272727,9.911764705882353,9.839160839160838,0.3343641027105857,0,0,1
589,2016,Kolkata Knight Riders,Mumbai Indians,"Arun Jaitley Stadium, Delhi",0.6,0.6,0.0,0.574468085106383,0.5273972602739726,0.04707082483241043,0.5454545454545454,22,0.5833333333333334,0.5,116.62857142857143,120.44680851063829,121.74657534246575,148.9606174896939,151.2637222364054,-1.299766831827455,121.59574468085107,123.84931506849315,9.872340425531915,9.821917808219178,-0.17199020566144796,0,0,1
592,2016,Gujarat Lions,Kolkata Knight Riders,"DY Patil Stadium, Mumbai",0.4,0.8,-0.4,0.5,0.5774647887323944,-0.07746478873239437,0.5,2,0.5,0.5454545454545454,124.37209302325581,121.07142857142857,120.45774647887323,145.86919104991395,148.9204248650531,0.6136820925553366,118.5,122.04929577464789,9.642857142857142,9.873239436619718,-0.5079826463626667,0,0,1
593,2016,Rising Pune Supergiant,Royal Challengers Bengaluru,"Brabourne Stadium, Mumbai",0.2,0.6,-0.39999999999999997,0.45454545454545453,0.5433070866141733,-0.08876163206871873,0.5,1,0.0,0.45454545454545453,123.9047619047619,115.81818181818181,114.18897637795276,151.12692763938315,150.57626414702523,1.6292054402290574,99.36363636363636,132.43307086614172,10.0,9.78740157480315,-0.8832766351315104,0,0,0
595,2017,Royal Challengers Bengaluru,Rising Pune Supergiant,"Arun Jaitley Stadium, Delhi",0.6,0.0,0.6,0.546875,0.4166666666666667,0.13020833333333331,0.5,2,0.2,0.0,116.77777777777777,114.734375,119.25,150.8577298407807,153.8709677419355,-4.515625,132.625,106.41666666666667,9.7890625,10.0,0.617077538016785,0,0,0
597,2017,Kolkata Knight Riders,Punjab Kings,"DY Patil Stadium, Mumbai",0.6,0.6,0.0,0.5734265734265734,0.5075757575757576,0.06585081585081587,0.6666666666666666,15,0.5,0.45454545454545453,126.52272727272727,120.58741258741259,130.12878787878788,149.04062229904926,154.0261836441894,-9.541375291375289,122.72727272727273,120.78787878787878,9.853146853146853,9.856060606060606,-0.04230558778823301,0,1,0
596,2017,Gujarat Lions,Delhi Capitals,"M. A. Chidambaram Stadium, Chennai",0.6,0.6,0.0,0.5333333333333333,0.49635036496350365,0.03698296836982967,0.5,0,0.5,0.125,116.6,127.6,118.82481751824818,149.29797191887675,149.15704599596847,8.775182481751813,119.86666666666666,129.61313868613138,9.666666666666666,9.912408759124087,-0.7543704671857974,1,0,0
599,2017,Gujarat Lions,Punjab Kings,"DY Patil Stadium, Mumbai",0.6,0.8,-0.20000000000000007,0.5,0.5112781954887218,-0.011278195488721776,0.3333333333333333,3,1.0,0.5,126.86666666666666,125.625,129.66917293233084,149.6649292628444,154.13352399678254,-4.044172932330838,116.875,120.94736842105263,9.6875,9.857142857142858,-0.44339738123935746,1,1,0
598,2017,Gujarat Lions,Royal Challengers Bengaluru,"Arun Jaitley Stadium, Delhi",0.4,0.6,-0.19999999999999996,0.47058823529411764,0.5426356589147286,-0.072047423620611,0.5,0,1.0,0.16666666666666666,116.67567567567568,125.41176470588235,114.72093023255815,149.6140350877193,150.88703099510604,10.690834473324202,117.11764705882354,132.57364341085272,9.705882352941176,9.790697674418604,-0.40987991528863255,1,1,0
603,2017,Sunrisers Hyderabad,Rising Pune Supergiant,"Wankhede Stadium, Mumbai",0.4,0.2,0.2,0.4583333333333333,0.46153846153846156,-0.0032051282051282493,0.5,1,0.2,0.5,118.6923076923077,129.13888888888889,119.76923076923077,152.66398489450782,153.39901477832512,9.369658119658112,123.16666666666667,106.92307692307692,9.840277777777779,10.0,0.5131860047242292,0,0,0
600,2017,Kolkata Knight Riders,Delhi Capitals,"Narendra Modi Stadium, Ahmedabad",0.4,0.6,-0.19999999999999996,0.5694444444444444,0.5,0.06944444444444442,0.5,16,0.5,0.6363636363636364,112.45833333333333,120.73611111111111,118.48550724637681,148.9802913453299,149.18795620437956,2.250603864734302,122.35416666666667,129.3695652173913,9.854166666666666,9.91304347826087,-0.3141687740278325,0,0,1
606,2017,Rising Pune Supergiant,Royal Challengers Bengaluru,"M. A. Chidambaram Stadium, Chennai",0.4,0.6,-0.19999999999999996,0.5,0.5461538461538461,-0.0461538461538461,0.3333333333333333,3,0.0,0.9,116.09756097560975,123.71428571428571,114.77692307692308,153.41009743135518,150.93060894193812,8.937362637362625,109.57142857142857,132.62307692307692,10.0,9.792307692307693,-0.522709658709136,0,0,0
601,2017,Sunrisers Hyderabad,Delhi Capitals,"Brabourne Stadium, Mumbai",0.4,0.4,0.0,0.45517241379310347,0.49640287769784175,-0.04123046390473828,0.5454545454545454,22,0.3333333333333333,0.4444444444444444,124.67441860465117,129.24137931034483,118.2158273381295,152.64315386495073,148.98902892374647,11.025551972215325,123.52413793103449,129.44604316546761,9.841379310344827,9.913669064748202,-0.3326829223039045,1,1,0
608,2017,Gujarat Lions,Rising Pune Supergiant,"Brabourne Stadium, Mumbai",0.2,0.4,-0.2,0.4444444444444444,0.4666666666666667,-0.022222222222222254,0.3333333333333333,3,0.0,0.0,124.70454545454545,126.16666666666667,120.4,151.19840213049267,152.40506329113924,5.766666666666666,117.38888888888889,105.13333333333334,9.722222222222221,10.0,0.23811394747213832,0,0,0
609,2017,Gujarat Lions,Punjab Kings,"Rajiv Gandhi Intl. Cricket Stadium, Hyderabad",0.2,0.8,-0.6000000000000001,0.42105263157894735,0.5149253731343284,-0.09387274155538106,0.25,4,0.0,0.6666666666666666,109.61538461538461,122.21052631578948,129.6044776119403,150.1940491591203,154.0857066808624,-7.393951296150817,117.36842105263158,120.95522388059702,9.736842105263158,9.85820895522388,-0.3648627804019835,0,1,1
604,2017,Delhi Capitals,Punjab Kings,"Eden Gardens, Kolkata",0.6,0.8,-0.20000000000000007,0.5,0.5111111111111111,-0.011111111111111072,0.5454545454545454,22,0.375,0.6,129.10256410256412,118.28571428571429,129.0962962962963,148.98785425101215,153.91680650004415,-10.810582010581996,129.42142857142858,120.98518518518519,9.914285714285715,9.85925925925926,0.2748598732918275,1,1,0
602,2017,Mumbai Indians,Kolkata Knight Riders,"Maharashtra Cricket Association Stadium, Pune",0.4,0.6,-0.19999999999999996,0.5238095238095238,0.5724137931034483,-0.048604269293924474,0.43478260869565216,23,0.5833333333333334,0.4166666666666667,118.26829268292683,122.18367346938776,120.86896551724138,151.35249009859274,148.85340580941056,1.314707952146378,123.83673469387755,122.06896551724138,9.82312925170068,9.855172413793104,0.14719487344023818,1,1,0
617,2017,Gujarat Lions,Punjab Kings,"DY Patil Stadium, Mumbai",0.2,0.8,-0.6000000000000001,0.45,0.5147058823529411,-0.06470588235294111,0.4,5,0.5,0.5384615384615384,126.76086956521739,122.35,129.25,149.66360856269114,153.72103191954525,-6.900000000000006,114.55,121.30147058823529,9.75,9.860294117647058,-0.4233830415985178,1,0,1
607,2017,Kolkata Knight Riders,Delhi Capitals,"Narendra Modi Stadium, Ahmedabad",0.6,0.6,0.0,0.5753424657534246,0.49645390070921985,0.07888856504420477,0.5294117647058824,17,0.5454545454545454,0.5833333333333334,113.0204081632653,120.43835616438356,118.60992907801419,148.68932859800438,149.14830999732453,1.8284270863693735,121.76712328767124,129.56737588652481,9.856164383561644,9.914893617021276,-0.3022111620711492,0,0,1
622,2017,Mumbai Indians,Rising Pune Supergiant,"M. A. Chidambaram Stadium, Chennai",0.4,0.6,-0.19999999999999996,0.5202702702702703,0.5,0.020270270270270285,0.75,4,0.5,0.0,115.0952380952381,121.88513513513513,120.1875,151.27044025157232,152.49801744647104,1.6976351351351298,123.39189189189189,101.75,9.824324324324325,10.0,0.7822314595308448,0,1,1
623,2017,Sunrisers Hyderabad,Kolkata Knight Riders,"M. Chinnaswamy Stadium, Bengaluru",0.2,0.6,-0.39999999999999997,0.4520547945205479,0.5782312925170068,-0.12617649799645886,0.4,20,0.5,0.625,131.375,129.21917808219177,120.34693877551021,152.60050149640054,148.55151566042488,8.872239306681564,123.55479452054794,122.08843537414965,9.842465753424657,9.857142857142858,-0.029566146897506584,1,1,1
605,2017,Kolkata Knight Riders,Gujarat Lions,"Holkar Cricket Stadium, Indore",0.6,0.4,0.19999999999999996,0.5743243243243243,0.47619047619047616,0.09813384813384818,0.3333333333333333,3,0.2857142857142857,1.0,126.84615384615384,120.08783783783784,120.47619047619048,148.5043449197861,149.0866234531526,-0.388352638352643,122.61486486486487,112.80952380952381,9.858108108108109,9.761904761904763,0.4575126436095882,1,1,1
611,2017,Gujarat Lions,Sunrisers Hyderabad,"Maharashtra Cricket Association Stadium, Pune",0.4,0.4,0.0,0.45454545454545453,0.4557823129251701,-0.0012368583797155441,0.75,4,1.0,0.3333333333333333,117.30952380952381,121.63636363636364,129.70068027210885,150.08412787436905,152.82141712087207,-8.064316635745215,110.5,123.27210884353741,9.772727272727273,9.843537414965986,-0.4848332345447144,0,0,1
628,2017,Delhi Capitals,Sunrisers Hyderabad,"DY Patil Stadium, Mumbai",0.4,0.2,0.2,0.49295774647887325,0.4527027027027027,0.04025504377617056,0.4782608695652174,23,0.36363636363636365,0.5555555555555556,125.82978723404256,118.96478873239437,129.3918918918919,149.42945599292347,152.57748386582745,-10.427103159497534,129.40845070422534,123.02702702702703,9.915492957746478,9.844594594594595,0.3183741503456261,0,0,1
630,2017,Punjab Kings,Delhi Capitals,"Ekana Cricket Stadium, Lucknow",0.6,0.4,0.19999999999999996,0.5109489051094891,0.4965034965034965,0.014445408605992582,0.4782608695652174,23,0.42857142857142855,0.375,122.1842105263158,128.87591240875912,119.12587412587412,153.5437864162101,149.60042153332748,9.750038282885,121.02189781021897,129.35664335664336,9.861313868613138,9.916083916083917,-0.2493674231016776,0,0,1
633,2017,Mumbai Indians,Delhi Capitals,"DY Patil Stadium, Mumbai",0.6,0.4,0.19999999999999996,0.5234899328859061,0.4930555555555556,0.03043437733035048,0.5882352941176471,17,0.8,0.4166666666666667,126.16666666666667,122.00671140939598,119.15972222222223,151.21444019297954,149.54680146417988,2.8469891871737474,123.75167785234899,129.43055555555554,9.825503355704697,9.916666666666666,-0.13421087907175178,0,0,0
615,2017,Kolkata Knight Riders,Punjab Kings,"Punjab Cricket Association Stadium, Mohali",0.8,0.6,0.20000000000000007,0.5771812080536913,0.5144927536231884,0.06268845443050297,0.625,16,0.6666666666666666,0.4444444444444444,121.0,119.69798657718121,128.95652173913044,148.30367537003158,153.46671265953776,-9.258535161949226,122.77181208053692,121.04347826086956,9.859060402684564,9.86231884057971,-0.0004925955673567017,1,0,0
637,2017,Kolkata Knight Riders,Punjab Kings,"Ekana Cricket Stadium, Lucknow",0.6,0.6,0.0,0.5733333333333334,0.5179856115107914,0.055347721822541995,0.5882352941176471,17,0.6666666666666666,0.5,122.64102564102564,119.64,129.15107913669064,148.4244479364817,153.4490127361313,-9.51107913669064,122.99333333333334,120.97122302158273,9.86,9.863309352517986,-0.007272056773313551,1,1,0
639,2017,Royal Challengers Bengaluru,Delhi Capitals,"Ekana Cricket Stadium, Lucknow",0.8,0.4,0.4,0.549618320610687,0.496551724137931,0.05306659647275602,0.3888888888888889,18,0.4166666666666667,0.3333333333333333,122.025,114.22900763358778,119.64827586206897,150.7100412931816,149.63774366051405,-5.419268228481187,132.17557251908397,129.2896551724138,9.793893129770993,9.917241379310346,-0.25491834482789244,1,1,1
610,2017,Royal Challengers Bengaluru,Gujarat Lions,"Punjab Cricket Association Stadium, Mohali",0.8,0.6,0.20000000000000007,0.553030303030303,0.4782608695652174,0.07476943346508558,0.5,1,0.375,0.5,120.73684210526316,114.54545454545455,120.1304347826087,150.6726457399103,149.02912621359224,-5.584980237154156,131.65151515151516,109.34782608695652,9.795454545454545,9.782608695652174,0.5971925831080753,1,0,0
641,2017,Punjab Kings,Rising Pune Supergiant,"Himachal Pradesh Cricket Association Stadium, Dharamsala",0.8,0.6,0.20000000000000007,0.5214285714285715,0.47058823529411764,0.05084033613445382,0.5,1,0.5,0.0,124.33333333333333,129.1,123.52941176470588,153.46862528657553,154.1850220264317,5.57058823529411,120.80714285714286,104.0,9.864285714285714,10.0,0.6550706590401454,1,1,1
618,2017,Gujarat Lions,Delhi Capitals,"Punjab Cricket Association Stadium, Mohali",0.8,0.4,0.4,0.5,0.4931506849315068,0.006849315068493178,0.5,1,1.0,0.4166666666666667,121.02564102564102,117.0,119.26027397260275,148.1012658227848,149.4207500214537,-2.2602739726027465,110.29166666666667,129.47260273972603,9.791666666666666,9.917808219178083,-0.8409310100916869,0,1,1
619,2017,Rising Pune Supergiant,Mumbai Indians,"Arun Jaitley Stadium, Delhi",0.4,0.4,0.0,0.4444444444444444,0.52,-0.0755555555555556,0.2,5,0.5,0.4666666666666667,117.26315789473684,120.5,121.92,153.2862190812721,151.24048957988754,-1.4200000000000017,104.44444444444444,124.19333333333333,10.0,9.82,-0.7846253664986449,0,0,0
643,2017,Rising Pune Supergiant,Gujarat Lions,"Eden Gardens, Kolkata",0.4,0.8,-0.4,0.4444444444444444,0.52,-0.0755555555555556,0.75,4,1.0,0.0,129.975,120.5,119.2,153.2862190812721,147.81746031746033,1.2999999999999972,104.44444444444444,110.76,10.0,9.8,-0.05862016448370255,0,1,1
645,2017,Kolkata Knight Riders,Sunrisers Hyderabad,"Brabourne Stadium, Mumbai",0.4,0.2,0.2,0.5695364238410596,0.44966442953020136,0.11987199431085827,0.5714285714285714,21,0.6,0.3076923076923077,123.06666666666666,119.49668874172185,129.34228187919464,148.26622843056697,152.61324041811847,-9.84559313747279,122.98675496688742,123.15436241610739,9.860927152317881,9.845637583892618,0.05806768181243882,1,0,0
646,2017,Rising Pune Supergiant,Mumbai Indians,"Narendra Modi Stadium, Ahmedabad",0.4,0.4,0.0,0.45,0.5231788079470199,-0.07317880794701986,0.16666666666666666,6,1.0,0.5,112.9,123.7,122.32450331125828,153.3787972721637,151.25286603340976,1.3754966887417197,110.65,124.24503311258277,9.95,9.821192052980132,-0.6919857379148695,1,1,0
612,2017,Mumbai Indians,Punjab Kings,"Maharashtra Cricket Association Stadium, Pune",0.4,0.8,-0.4,0.5231788079470199,0.524822695035461,-0.0016438870884410983,0.5,20,0.5384615384615384,0.5,116.6046511627907,122.32450331125828,128.9787234042553,151.25286603340976,153.36481700118063,-6.654220092997022,124.24503311258277,120.43971631205673,9.821192052980132,9.865248226950355,0.12325861274253391,0,0,1
613,2017,Mumbai Indians,Punjab Kings,"Arun Jaitley Stadium, Delhi",0.8,0.8,0.0,0.5294117647058824,0.5211267605633803,0.008285004142502106,0.5238095238095238,21,0.5,0.5,117.64102564102564,122.02614379084967,129.45774647887325,151.2230682002268,153.57560568086882,-7.431602688023574,124.42483660130719,120.46478873239437,9.823529411764707,9.866197183098592,0.12984844954277186,1,0,1
650,2017,Mumbai Indians,Delhi Capitals,"Narendra Modi Stadium, Ahmedabad",0.8,0.4,0.4,0.5324675324675324,0.4897959183673469,0.042671614100185495,0.5555555555555556,18,0.5294117647058824,0.5384615384615384,112.23529411764706,122.58441558441558,119.27891156462584,151.43590566340447,149.32720149889286,3.305504019789737,124.2987012987013,129.76190476190476,9.824675324675324,9.89795918367347,-0.12016274674786587,1,1,0
614,2017,Sunrisers Hyderabad,Kolkata Knight Riders,"Eden Gardens, Kolkata",0.4,0.2,0.2,0.4533333333333333,0.5657894736842105,-0.1124561403508772,0.45454545454545453,22,0.5,0.7,131.02439024390245,129.52,119.11184210526316,152.74785753596979,148.09815950920247,10.408157894736846,122.74,123.20394736842105,9.846666666666666,9.861842105263158,-0.07755926819158176,0,0,0
653,2017,Kolkata Knight Riders,Delhi Capitals,"Rajiv Gandhi Intl. Cricket Stadium, Hyderabad",0.4,0.4,0.0,0.5686274509803921,0.49324324324324326,0.07538420773714888,0.5555555555555556,18,0.45454545454545453,0.7777777777777778,110.0,118.83006535947712,119.37837837837837,148.10198761811665,149.24818381483357,-0.5483130189012542,123.28104575163398,129.72297297297297,9.862745098039216,9.89864864864865,-0.22457633825849221,0,1,0
625,2017,Kolkata Knight Riders,Gujarat Lions,"Arun Jaitley Stadium, Delhi",0.2,0.6,-0.39999999999999997,0.564935064935065,0.5,0.06493506493506496,0.5,4,0.6153846153846154,0.5,119.9,118.90259740259741,120.38461538461539,148.08734330772342,147.8507321681625,-1.4820179820179789,122.94155844155844,113.15384615384616,9.863636363636363,9.807692307692308,0.5474301240341237,1,0,0
626,2017,Kolkata Knight Riders,Rising Pune Supergiant,"M. A. Chidambaram Stadium, Chennai",0.2,0.2,0.0,0.5612903225806452,0.42857142857142855,0.1327188940092166,0.5,0,0.5,0.0,115.67441860465117,118.90967741935484,121.57142857142857,148.13534801478863,152.874251497006,-2.661751152073734,122.99354838709678,108.95238095238095,9.864516129032259,9.952380952380953,0.5951102498050247,1,0,1
616,2017,Punjab Kings,Mumbai Indians,"Eden Gardens, Kolkata",0.6,0.8,-0.20000000000000007,0.5174825174825175,0.5290322580645161,-0.011549740581998647,0.45454545454545453,22,0.6666666666666666,0.42857142857142855,131.11904761904762,129.28671328671328,122.59354838709677,153.50381932912654,151.3741735043416,6.693164899616505,121.07692307692308,124.36129032258064,9.86013986013986,9.825806451612904,-0.10552914940014446,1,0,0
627,2017,Kolkata Knight Riders,Delhi Capitals,"M. A. Chidambaram Stadium, Chennai",0.4,0.6,-0.19999999999999996,0.5641025641025641,0.4966442953020134,0.06745826880055067,0.5263157894736842,19,0.5454545454545454,0.2222222222222222,116.93181818181819,119.24358974358974,119.05369127516778,148.0815156822162,149.24280666330137,0.18989846842195846,122.58974358974359,129.7248322147651,9.865384615384615,9.899328859060402,-0.22430297840672964,1,0,1
629,2017,Gujarat Lions,Mumbai Indians,"Maharashtra Cricket Association Stadium, Pune",0.8,0.8,0.0,0.5185185185185185,0.532051282051282,-0.013532763532763559,0.5,2,1.0,0.5714285714285714,116.77272727272727,120.77777777777777,122.51282051282051,148.36214740673338,151.28631362305075,-1.7350427350427395,113.4074074074074,124.33333333333333,9.814814814814815,9.826923076923077,-0.6201147534946703,1,1,0
631,2017,Mumbai Indians,Delhi Capitals,"Brabourne Stadium, Mumbai",0.8,0.4,0.4,0.535031847133758,0.49333333333333335,0.04169851380042461,0.5263157894736842,19,0.625,0.5,121.71739130434783,122.80254777070064,119.17333333333333,151.32250215838633,149.19045234518444,3.6292144373673096,124.4267515923567,130.28,9.828025477707007,9.893333333333333,-0.13636040942300376,1,0,1
632,2017,Royal Challengers Bengaluru,Kolkata Knight Riders,"Narendra Modi Stadium, Ahmedabad",0.6,0.6,0.0,0.5488721804511278,0.5668789808917197,-0.018006800440591886,0.5789473684210527,19,0.5,0.5833333333333334,112.46153846153847,114.67669172932331,119.8407643312102,150.65191623864084,148.35988014508752,-5.164072601886886,131.0,122.68152866242038,9.796992481203008,9.86624203821656,-0.029049849799005045,1,0,0
620,2017,Punjab Kings,Rising Pune Supergiant,"Sawai Mansingh Stadium, Jaipur",0.4,0.2,0.2,0.5138888888888888,0.4090909090909091,0.10479797979797972,0.5,2,0.5,0.5,107.8157894736842,129.22222222222223,118.77272727272727,153.45538512287646,152.00698080279233,10.449494949494962,121.0,111.77272727272727,9.86111111111111,9.863636363636363,0.5807165845786777,0,0,1
621,2017,Gujarat Lions,Rising Pune Supergiant,"DY Patil Stadium, Mumbai",0.6,0.2,0.39999999999999997,0.5,0.391304347826087,0.10869565217391303,0.2,5,0.6666666666666666,0.5,125.81632653061224,121.42857142857143,116.1304347826087,148.21272885789014,151.3314447592068,5.298136645962728,115.35714285714286,117.43478260869566,9.821428571428571,9.826086956521738,-0.1268812543332043,1,1,0
636,2017,Mumbai Indians,Kolkata Knight Riders,"Wankhede Stadium, Mumbai",0.8,0.6,0.20000000000000007,0.5379746835443038,0.569620253164557,-0.03164556962025322,0.4166666666666667,24,0.45454545454545453,0.6,119.325,122.68354430379746,119.32911392405063,151.23663883904192,148.09520069122615,3.3544303797468302,124.17721518987342,122.70253164556962,9.829113924050633,9.867088607594937,0.10124174186848833,1,0,1
624,2017,Royal Challengers Bengaluru,Mumbai Indians,"Holkar Cricket Stadium, Indore",0.6,0.8,-0.20000000000000007,0.5447761194029851,0.5408805031446541,0.003895616258331014,0.7333333333333333,15,0.8333333333333334,0.6153846153846154,125.225,114.76119402985074,122.61006289308176,150.55805756804386,151.11231687466088,-7.848868863231019,130.3134328358209,124.35220125786164,9.798507462686567,9.830188679245284,-0.1395486032546156,1,0,0
644,2017,Rising Pune Supergiant,Punjab Kings,"Himachal Pradesh Cricket Association Stadium, Dharamsala",0.4,0.4,0.0,0.4166666666666667,0.5172413793103449,-0.10057471264367818,0.3333333333333333,3,0.0,0.5454545454545454,123.97058823529412,117.45833333333333,130.0,152.13167835941718,153.92781316348197,-12.541666666666671,118.33333333333333,120.56551724137931,9.833333333333334,9.862068965517242,-0.30847101542302546,1,1,1
649,2017,Punjab Kings,Sunrisers Hyderabad,"Himachal Pradesh Cricket Association Stadium, Dharamsala",0.2,0.4,-0.2,0.5136986301369864,0.4503311258278146,0.06336750430917176,0.4166666666666667,12,0.5,0.625,123.97142857142858,129.71917808219177,129.5562913907285,153.87552811179722,152.68087099040036,0.16288669146328516,120.58904109589041,122.43046357615894,9.863013698630137,9.847682119205299,0.0478626510260991,1,1,0
651,2017,Delhi Capitals,Punjab Kings,"DY Patil Stadium, Mumbai",0.4,0.2,0.2,0.4900662251655629,0.5102040816326531,-0.020137856467090154,0.5,24,0.46153846153846156,0.5,126.08,118.94701986754967,129.5578231292517,149.06631255705867,153.94875111147036,-10.610803261702017,130.10596026490066,121.24489795918367,9.894039735099337,9.843537414965986,0.23489968988615928,1,1,1
652,2017,Rising Pune Supergiant,Royal Challengers Bengaluru,"M. A. Chidambaram Stadium, Chennai",0.4,0.4,0.0,0.44,0.5407407407407407,-0.10074074074074074,0.25,4,0.0,0.9090909090909091,119.06666666666666,117.72,115.13333333333334,150.84572014351613,150.49380325329201,2.586666666666659,117.16,130.27407407407406,9.84,9.8,-0.26546470793491217,0,1,0
634,2017,Royal Challengers Bengaluru,Punjab Kings,"Punjab Cricket Association Stadium, Mohali",0.4,0.2,0.2,0.5441176470588235,0.5067567567567568,0.037360890302066685,0.4117647058823529,17,0.3333333333333333,0.5,122.3,114.77941176470588,129.45945945945945,150.32742681047765,153.78441287422746,-14.680047694753569,130.2058823529412,121.39189189189189,9.801470588235293,9.844594594594595,-0.06432296987830988,1,1,1
635,2017,Gujarat Lions,Delhi Capitals,"M. A. Chidambaram Stadium, Chennai",0.4,0.6,-0.19999999999999996,0.4827586206896552,0.4934210526315789,-0.010662431941923733,0.5,2,0.3333333333333333,0.2,119.1086956521739,122.03448275862068,119.10526315789474,148.57262804366079,149.05318623415116,2.9292196007259435,116.48275862068965,130.0065789473684,9.827586206896552,9.894736842105264,-0.6435438720592064,0,0,0
638,2017,Mumbai Indians,Royal Challengers Bengaluru,"Brabourne Stadium, Mumbai",1.0,0.4,0.6,0.54375,0.5474452554744526,-0.0036952554744525967,0.3125,16,0.6666666666666666,0.5,121.34042553191489,122.625,115.35766423357664,151.00438697760333,150.471293916024,7.267335766423358,124.60625,130.37226277372264,9.83125,9.802919708029197,0.16267370437174655,1,1,1
640,2017,Delhi Capitals,Gujarat Lions,"Rajiv Gandhi Intl. Cricket Stadium, Hyderabad",0.6,0.2,0.39999999999999997,0.49673202614379086,0.4666666666666667,0.030065359477124187,0.6666666666666666,3,0.8,0.5,110.48780487804878,119.09803921568627,120.3,149.09180166912125,148.64085667215815,-1.2019607843137265,129.6143790849673,116.53333333333333,9.895424836601308,9.833333333333334,0.6224293425419933,0,0,1
642,2017,Kolkata Knight Riders,Punjab Kings,"Rajiv Gandhi Intl. Cricket Stadium, Hyderabad",0.6,0.2,0.39999999999999997,0.5660377358490566,0.5033557046979866,0.06268203115106996,0.5555555555555556,18,0.4166666666666667,0.6,110.23809523809524,119.53459119496856,129.61744966442953,148.06793393580554,153.63137379683397,-10.082858469460973,122.62893081761007,121.87919463087249,9.867924528301886,9.845637583892618,-0.01673546365287315,1,0,1
647,2017,Delhi Capitals,Gujarat Lions,"Himachal Pradesh Cricket Association Stadium, Dharamsala",0.6,0.2,0.39999999999999997,0.5,0.45161290322580644,0.04838709677419356,0.75,4,0.3333333333333333,1.0,123.47222222222223,118.97402597402598,119.03225806451613,149.06842405011798,148.67042707493957,-0.05823209049015077,129.2987012987013,116.0,9.896103896103897,9.838709677419354,0.6208570560867432,1,0,1
648,2017,Gujarat Lions,Royal Challengers Bengaluru,"Eden Gardens, Kolkata",0.0,0.4,-0.4,0.4375,0.5434782608695652,-0.10597826086956519,0.5,2,0.0,0.7,130.86046511627907,117.90625,115.31159420289855,147.44040640875343,150.37800037800037,2.5946557971014528,114.90625,130.36231884057972,9.84375,9.804347826086957,-0.30447719012387786,1,1,0
654,2018,Mumbai Indians,Royal Challengers Bengaluru,"Eden Gardens, Kolkata",1.0,0.6,0.4,0.546583850931677,0.5467625899280576,-0.00017873899638054525,0.35294117647058826,17,0.5,0.7272727272727273,130.0681818181818,122.66459627329192,115.29496402877697,150.9054787193398,150.39414414414415,7.369632244514946,124.50931677018633,130.11510791366908,9.832298136645962,9.805755395683454,0.16638269377053483,0,0,1
655,2018,Royal Challengers Bengaluru,Sunrisers Hyderabad,"Himachal Pradesh Cricket Association Stadium, Dharamsala",0.6,0.4,0.19999999999999996,0.5428571428571428,0.45394736842105265,0.08890977443609016,0.5882352941176471,17,0.75,0.6666666666666666,122.32432432432432,115.56428571428572,130.1315789473684,150.25074294205052,152.94208613624062,-14.567293233082694,129.89285714285714,122.32236842105263,9.807142857142857,9.848684210526315,-0.023290512720230083,1,1,1
657,2018,Delhi Capitals,Kolkata Knight Riders,"Ekana Cricket Stadium, Lucknow",0.8,0.8,0.0,0.5032258064516129,0.56875,-0.06552419354838712,0.45,20,0.3,0.6,122.85365853658537,118.72903225806452,119.775,149.09665397391234,148.1447124304267,-1.0459677419354847,129.0,122.575,9.896774193548387,9.86875,0.22707133813136515,1,1,1
656,2018,Kolkata Knight Riders,Rajasthan Royals,"Punjab Cricket Association Stadium, Mohali",0.6,0.8,-0.20000000000000007,0.5652173913043478,0.5087719298245614,0.05644546147978635,0.6111111111111112,18,0.6,0.4,124.04878048780488,120.04968944099379,127.86842105263158,148.28909007211908,152.20841599665866,-7.818731611637787,122.36645962732919,121.87719298245614,9.869565217391305,9.842105263157896,0.20310210696329634,0,1,0
660,2018,Mumbai Indians,Kolkata Knight Riders,"Punjab Cricket Association Stadium, Mohali",1.0,0.4,0.6,0.5493827160493827,0.5617283950617284,-0.012345679012345734,0.44,25,0.25,0.5454545454545454,122.52380952380952,122.51851851851852,119.67901234567901,150.8894632811312,148.2943246137372,2.8395061728395063,124.68518518518519,122.49382716049382,9.833333333333334,9.87037037037037,0.10072991129418618,0,1,0
658,2018,Sunrisers Hyderabad,Rajasthan Royals,"Sawai Mansingh Stadium, Jaipur",0.4,0.8,-0.4,0.45098039215686275,0.5130434782608696,-0.06206308610400685,0.3333333333333333,15,0.16666666666666666,0.4,111.25641025641026,129.76470588235293,128.0,152.94661428241275,152.23911469645256,1.7647058823529278,122.10457516339869,121.3391304347826,9.84967320261438,9.843478260869565,0.17324036679695176,1,0,1
663,2018,Mumbai Indians,Royal Challengers Bengaluru,"Rajiv Gandhi Intl. Cricket Stadium, Hyderabad",0.8,0.6,0.20000000000000007,0.5460122699386503,0.5460992907801419,-8.702084149159184e-05,0.3888888888888889,18,0.3333333333333333,0.375,111.34883720930233,122.95705521472392,115.37588652482269,150.998267158894,150.3234152652005,7.581168689901233,124.77914110429448,129.4964539007092,9.83435582822086,9.808510638297872,0.1597915093892226,1,1,1
659,2018,Kolkata Knight Riders,Chennai Super Kings,"Rajiv Gandhi Intl. Cricket Stadium, Hyderabad",0.4,0.4,0.0,0.5644171779141104,0.5166666666666667,0.04775051124744367,0.5714285714285714,21,0.46153846153846156,0.4,111.93181818181819,119.8036809815951,127.46666666666667,148.35523816759098,154.27130610186586,-7.662985685071575,122.93251533742331,120.11666666666666,9.871165644171779,9.858333333333333,0.07209223412782784,1,1,1
667,2018,Royal Challengers Bengaluru,Punjab Kings,"M. A. Chidambaram Stadium, Chennai",0.4,0.0,0.4,0.5422535211267606,0.5,0.04225352112676062,0.4444444444444444,18,0.9166666666666666,0.45454545454545453,118.06382978723404,115.5,129.51333333333332,150.31619466593347,153.4518167456556,-14.013333333333321,129.54929577464787,122.12,9.809859154929578,9.846666666666666,-0.09012086069095737,1,0,1
668,2018,Kolkata Knight Riders,Rajasthan Royals,"DY Patil Stadium, Mumbai",0.6,0.6,0.0,0.5670731707317073,0.5086206896551724,0.05845248107653489,0.5789473684210527,19,0.46153846153846156,0.6153846153846154,126.41176470588235,120.10975609756098,128.24137931034483,148.38418079096044,152.402417785063,-8.13162321278385,122.76829268292683,120.77586206896552,9.871951219512194,9.844827586206897,0.2183700170984899,0,0,0
662,2018,Chennai Super Kings,Rajasthan Royals,"Maharashtra Cricket Association Stadium, Pune",0.2,0.6,-0.39999999999999997,0.512396694214876,0.5128205128205128,-0.0004238186056367832,0.5833333333333334,12,0.75,0.3333333333333333,117.26666666666667,127.20661157024793,128.3760683760684,154.16666666666669,152.5337666294303,-1.1694568058204595,120.52892561983471,120.95726495726495,9.859504132231406,9.846153846153847,0.15834518147307008,1,0,0
671,2018,Punjab Kings,Royal Challengers Bengaluru,"Ekana Cricket Stadium, Lucknow",0.0,0.6,-0.6,0.4966887417218543,0.5454545454545454,-0.048765803732691126,0.5263157894736842,19,0.5555555555555556,0.46153846153846156,122.04761904761905,130.05298013245033,116.01398601398601,153.66197183098592,150.3943432145771,14.038994118464316,122.56291390728477,130.11888111888112,9.847682119205299,9.804195804195805,0.07863501424782804,0,1,0
661,2018,Chennai Super Kings,Kolkata Knight Riders,"Maharashtra Cricket Association Stadium, Pune",0.2,0.4,-0.2,0.5081967213114754,0.5636363636363636,-0.05543964232488818,0.4090909090909091,22,0.6666666666666666,0.46153846153846156,119.1086956521739,127.81967213114754,120.24242424242425,154.33491686460806,148.29209955901038,7.577247888723292,120.07377049180327,122.89696969696969,9.860655737704919,9.872727272727273,-0.07212670527718501,0,1,1
665,2018,Rajasthan Royals,Mumbai Indians,"M. A. Chidambaram Stadium, Chennai",0.8,0.8,0.0,0.5169491525423728,0.5487804878048781,-0.031831335262505256,0.18181818181818182,11,0.8333333333333334,0.5333333333333333,119.54166666666667,127.83898305084746,123.04268292682927,152.54322985135,151.0065105141061,4.796300124018188,121.64406779661017,124.82926829268293,9.830508474576272,9.835365853658537,-0.3083440821647585,0,0,0
666,2018,Rajasthan Royals,Kolkata Knight Riders,"Ekana Cricket Stadium, Lucknow",0.6,0.4,0.19999999999999996,0.5126050420168067,0.5602409638554217,-0.04763592183861498,0.45,20,0.6,0.5454545454545454,121.65116279069767,127.47899159663865,120.19277108433735,152.23281485198194,148.12175204157387,7.286220512301298,121.87394957983193,122.95180722891567,9.831932773109244,9.873493975903614,-0.2280615378425601,1,1,0
678,2018,Royal Challengers Bengaluru,Delhi Capitals,"Narendra Modi Stadium, Ahmedabad",0.6,1.0,-0.4,0.5486111111111112,0.5064102564102564,0.04220085470085477,0.42105263157894735,19,0.45454545454545453,0.5714285714285714,112.71698113207547,116.40972222222223,118.53846153846153,150.3273249035961,148.99685762629926,-2.1287393162393045,129.94444444444446,129.22435897435898,9.805555555555555,9.897435897435898,-0.2777419916370061,0,1,1
664,2018,Punjab Kings,Delhi Capitals,"Himachal Pradesh Cricket Association Stadium, Dharamsala",0.0,0.8,-0.8,0.4934210526315789,0.5031847133757962,-0.00976366074421725,0.48,25,0.46153846153846156,0.4,121.44736842105263,129.88815789473685,118.92993630573248,153.6539808545412,149.006463969356,10.958221589004367,122.89473684210526,128.86624203821657,9.842105263157896,9.898089171974522,-0.1977571717410065,1,1,1
672,2018,Mumbai Indians,Chennai Super Kings,"Rajiv Gandhi Intl. Cricket Stadium, Hyderabad",0.8,0.4,0.4,0.5515151515151515,0.5121951219512195,0.03932002956393199,0.42105263157894735,19,0.4,0.3333333333333333,113.22222222222223,123.2,127.85365853658537,150.80118694362017,154.25208435507602,-4.653658536585368,124.5878787878788,120.00813008130082,9.836363636363636,9.861788617886178,0.16539777928442412,0,1,0
691,2018,Royal Challengers Bengaluru,Punjab Kings,"Eden Gardens, Kolkata",0.8,0.2,0.6000000000000001,0.5517241379310345,0.49673202614379086,0.054992111787243614,0.5,20,0.6666666666666666,0.5714285714285714,129.37777777777777,116.1103448275862,130.01307189542484,150.22753636120282,153.64177029427665,-13.90272706783864,130.2896551724138,122.98039215686275,9.793103448275861,9.843137254901961,-0.07365795513556961,0,0,1
674,2018,Royal Challengers Bengaluru,Kolkata Knight Riders,"Arun Jaitley Stadium, Delhi",0.8,0.6,0.20000000000000007,0.5547945205479452,0.562874251497006,-0.008079730949060782,0.55,20,0.2857142857142857,0.5714285714285714,119.90243902439025,116.08219178082192,119.8443113772455,150.23490825281448,147.93406755857788,-3.762119596423588,130.68493150684932,122.79041916167665,9.787671232876713,9.874251497005988,-0.04281652345378717,1,1,0
695,2018,Kolkata Knight Riders,Chennai Super Kings,"Narendra Modi Stadium, Ahmedabad",0.6,0.4,0.19999999999999996,0.5654761904761905,0.5161290322580645,0.049347158218125964,0.5652173913043478,23,0.6153846153846154,0.5,111.98148148148148,119.79166666666667,128.01612903225808,147.77149570453042,154.17637917637919,-8.224462365591407,122.63095238095238,119.53225806451613,9.875,9.862903225806452,0.09030837942811765,1,1,1
697,2018,Royal Challengers Bengaluru,Delhi Capitals,"Arun Jaitley Stadium, Delhi",0.8,0.6,0.20000000000000007,0.5510204081632653,0.5,0.05102040816326525,0.45,20,0.25,0.5,119.33333333333333,115.94557823129252,119.0379746835443,150.20710319908346,149.02147214959197,-3.0923964522517906,130.55102040816325,128.99367088607596,9.789115646258503,9.89873417721519,-0.2781554280872829,1,1,1
698,2018,Royal Challengers Bengaluru,Chennai Super Kings,"Eden Gardens, Kolkata",0.8,0.4,0.4,0.5540540540540541,0.512,0.042054054054054046,0.8333333333333334,12,0.6923076923076923,0.3076923076923077,129.0,115.8108108108108,128.344,150.0481484723803,154.0226574500768,-12.533189189189187,130.54054054054055,119.24,9.79054054054054,9.864,0.05259367969105888,0,1,1
676,2018,Royal Challengers Bengaluru,Kolkata Knight Riders,"Maharashtra Cricket Association Stadium, Pune",0.8,0.6,0.20000000000000007,0.5540540540540541,0.5680473372781065,-0.013993283224052466,0.5238095238095238,21,0.6,0.42857142857142855,119.38297872340425,115.8108108108108,119.57396449704142,150.0481484723803,147.70850084058182,-3.763153686230609,130.54054054054055,122.90532544378698,9.79054054054054,9.8698224852071,-0.03821600106028811,1,1,0
669,2018,Delhi Capitals,Kolkata Knight Riders,"Punjab Cricket Association Stadium, Mohali",0.4,0.8,-0.4,0.4968553459119497,0.5705882352941176,-0.07373288938216793,0.47619047619047616,21,0.38461538461538464,0.5833333333333334,124.18604651162791,119.1006289308176,119.56470588235294,149.18071529856624,147.6214685162321,-0.4640769515353327,128.78616352201257,123.05294117647058,9.89937106918239,9.870588235294118,0.21385964136708147,1,0,1
677,2018,Rajasthan Royals,Kolkata Knight Riders,"Maharashtra Cricket Association Stadium, Pune",0.4,0.8,-0.4,0.5083333333333333,0.5672514619883041,-0.058918128654970814,0.42857142857142855,21,0.42857142857142855,0.4666666666666667,119.97916666666667,127.21666666666667,119.6842105263158,152.20338983050848,147.75828460038986,7.532456140350874,121.375,122.90643274853801,9.833333333333334,9.871345029239766,-0.23712561874725857,1,0,1
700,2018,Mumbai Indians,Sunrisers Hyderabad,"M. A. Chidambaram Stadium, Chennai",0.6,0.6,0.0,0.5481927710843374,0.45454545454545453,0.09364731653888286,0.5909090909090909,22,0.5625,0.2857142857142857,118.83673469387755,122.82530120481928,129.28571428571428,150.69475240206947,152.78950195687207,-6.460413080894995,124.7289156626506,122.32467532467533,9.837349397590362,9.85064935064935,0.10756447011938164,1,1,1
670,2018,Sunrisers Hyderabad,Rajasthan Royals,"Rajiv Gandhi Intl. Cricket Stadium, Hyderabad",0.4,0.6,-0.19999999999999996,0.45161290322580644,0.512396694214876,-0.06078379098906955,0.375,16,0.6363636363636364,0.5714285714285714,112.08695652173913,128.98709677419356,127.22314049586777,152.59502366050987,152.17477263740608,1.763956278325793,122.34193548387097,121.7107438016529,9.851612903225806,9.834710743801653,0.1991516424781743,0,0,0
703,2018,Delhi Capitals,Punjab Kings,"Ekana Cricket Stadium, Lucknow",0.4,0.2,0.2,0.5,0.4935064935064935,0.006493506493506496,0.5,26,0.36363636363636365,0.5,121.06818181818181,118.96875,130.3896103896104,149.095323881883,153.6695492461927,-11.420860389610397,128.85625,122.9090909090909,9.9,9.844155844155845,0.1928904988535205,0,1,1
680,2018,Chennai Super Kings,Rajasthan Royals,"Holkar Cricket Stadium, Indore",0.4,0.6,-0.19999999999999996,0.5079365079365079,0.5163934426229508,-0.00845693468644293,0.5384615384615384,13,0.2857142857142857,0.4,126.1951219512195,128.56349206349208,126.67213114754098,154.17340820405443,152.04643841007476,1.891360915951097,119.06349206349206,121.74590163934427,9.865079365079366,9.836065573770492,0.12249716632093133,1,0,1
707,2018,Punjab Kings,Delhi Capitals,"Rajiv Gandhi Intl. Cricket Stadium, Hyderabad",0.2,0.4,-0.2,0.49032258064516127,0.5031055900621118,-0.012783009416950486,0.48148148148148145,27,0.5454545454545454,0.8181818181818182,112.38297872340425,130.68387096774194,118.90683229813665,153.60582391749452,149.06174569804563,11.77703866960529,122.81935483870967,129.14906832298138,9.845161290322581,9.888198757763975,-0.19150789061862206,1,0,0
673,2018,Royal Challengers Bengaluru,Chennai Super Kings,"Holkar Cricket Stadium, Indore",0.6,0.6,0.0,0.5533333333333333,0.5118110236220472,0.04152230971128612,0.8461538461538461,13,0.7142857142857143,0.375,125.9047619047619,115.9,128.4488188976378,150.16843741902045,154.21629797693325,-12.548818897637801,130.62666666666667,119.1259842519685,9.793333333333333,9.866141732283465,0.056730681443282194,1,1,1
713,2018,Punjab Kings,Sunrisers Hyderabad,"Punjab Cricket Association Stadium, Mohali",0.2,0.4,-0.2,0.48717948717948717,0.44871794871794873,0.038461538461538436,0.38461538461538464,13,0.45454545454545453,0.4,123.5909090909091,130.82692307692307,128.96794871794873,153.7516950429411,152.6595341072919,1.8589743589743364,122.86538461538461,121.9423076923077,9.846153846153847,9.852564102564102,0.04967070626313763,0,0,0
685,2018,Mumbai Indians,Kolkata Knight Riders,"DY Patil Stadium, Mumbai",0.6,0.6,0.0,0.5508982035928144,0.563953488372093,-0.013055284779278642,0.4230769230769231,26,0.6666666666666666,0.42857142857142855,126.71153846153847,122.83832335329342,119.93023255813954,150.66098707403054,147.90277479027748,2.908090795153882,124.47904191616766,122.93604651162791,9.838323353293413,9.872093023255815,0.0739694493628189,0,1,0
675,2018,Royal Challengers Bengaluru,Punjab Kings,"Punjab Cricket Association Stadium, Mohali",0.6,0.2,0.39999999999999997,0.5562913907284768,0.4840764331210191,0.07221495760745766,0.5238095238095238,21,0.4,0.4166666666666667,124.24444444444444,115.65562913907284,130.96815286624204,150.12464540531246,153.64268101322574,-15.312523727169193,130.5430463576159,122.73885350318471,9.794701986754967,9.847133757961783,-0.05168249774021305,1,0,1
686,2018,Royal Challengers Bengaluru,Sunrisers Hyderabad,"Sawai Mansingh Stadium, Jaipur",0.8,0.4,0.4,0.5592105263157895,0.45222929936305734,0.10698122695273216,0.6111111111111112,18,0.3,0.23076923076923078,109.875,115.88157894736842,128.80254777070064,150.22601279317698,152.57280820884262,-12.920968823332217,130.51973684210526,122.14012738853503,9.796052631578947,9.853503184713375,-0.0048574198699657956,0,1,0
687,2018,Punjab Kings,Rajasthan Royals,"Brabourne Stadium, Mumbai",0.0,0.4,-0.4,0.4810126582278481,0.5121951219512195,-0.031182463723371412,0.4,15,0.5,0.75,121.5,130.94303797468353,126.67479674796748,153.57036817102139,152.02458776465997,4.268241226716057,122.9113924050633,121.6829268292683,9.848101265822784,9.83739837398374,0.23010658139745388,1,1,0
688,2018,Chennai Super Kings,Delhi Capitals,"DY Patil Stadium, Mumbai",0.4,0.6,-0.19999999999999996,0.5078125,0.5061728395061729,0.001639660493827133,0.8125,16,0.46153846153846156,0.5,127.20754716981132,128.3671875,118.9753086419753,154.18035094304213,148.90296662546353,9.391878858024697,118.8125,129.2962962962963,9.8671875,9.88888888888889,-0.3263082085629172,0,1,1
689,2018,Chennai Super Kings,Sunrisers Hyderabad,"Arun Jaitley Stadium, Delhi",0.4,0.6,-0.19999999999999996,0.5116279069767442,0.45569620253164556,0.05593170444509865,0.5263157894736842,19,1.0,0.42857142857142855,118.79069767441861,128.12403100775194,129.0506329113924,154.17910447761193,152.4599970091222,-0.92660190364046,119.18604651162791,121.85443037974683,9.852713178294573,9.854430379746836,-0.06956681137999077,1,0,0
679,2018,Chennai Super Kings,Royal Challengers Bengaluru,"Wankhede Stadium, Mumbai",0.4,0.6,-0.19999999999999996,0.5076923076923077,0.5555555555555556,-0.047863247863247915,0.14285714285714285,14,0.625,0.45454545454545453,119.1219512195122,128.4923076923077,115.62745098039215,154.3950457528422,150.25479870901987,12.864856711915536,119.37692307692308,130.76470588235293,9.853846153846154,9.790849673202615,-0.049413100654799536,1,1,0
693,2018,Royal Challengers Bengaluru,Rajasthan Royals,"Rajiv Gandhi Intl. Cricket Stadium, Hyderabad",0.6,0.6,0.0,0.5584415584415584,0.5161290322580645,0.042312526183493904,0.5,16,0.3333333333333333,0.625,113.22916666666667,116.47402597402598,126.30645161290323,150.80712964519927,151.7929831362667,-9.832425638877254,130.62987012987014,121.63709677419355,9.792207792207792,9.838709677419354,0.15849663170327233,0,0,0
681,2018,Delhi Capitals,Kolkata Knight Riders,"Eden Gardens, Kolkata",0.6,0.6,0.0,0.5030674846625767,0.5664739884393064,-0.06340650377672974,0.5,22,0.3333333333333333,0.7272727272727273,128.31914893617022,119.26993865030674,119.98843930635839,148.813533374158,147.78584650434289,-0.7185006560516456,129.09815950920245,123.10982658959537,9.889570552147239,9.872832369942197,0.2235095832775098,0,0,1
682,2018,Rajasthan Royals,Kolkata Knight Riders,"Holkar Cricket Stadium, Indore",0.8,0.4,0.4,0.52,0.5632183908045977,-0.04321839080459766,0.45454545454545453,22,0.36363636363636365,0.375,124.81395348837209,126.232,119.8735632183908,151.91104264946568,147.63590033975083,6.3584367816092,121.08,122.9367816091954,9.84,9.873563218390805,-0.22216562487213842,1,1,0
696,2018,Mumbai Indians,Kolkata Knight Riders,"Rajiv Gandhi Intl. Cricket Stadium, Hyderabad",0.6,0.4,0.19999999999999996,0.5476190476190477,0.5632183908045977,-0.015599343185550008,0.4074074074074074,27,0.36363636363636365,0.5,111.9795918367347,123.01785714285714,119.8735632183908,150.7659760723665,147.63590033975083,3.1442939244663393,124.51190476190476,122.9367816091954,9.839285714285714,9.873563218390805,0.06050699413099814,0,1,0
683,2018,Rajasthan Royals,Chennai Super Kings,"Himachal Pradesh Cricket Association Stadium, Dharamsala",0.6,0.4,0.19999999999999996,0.5158730158730159,0.5038167938931297,0.012056221979886206,0.42857142857142855,14,0.42857142857142855,0.4,122.15384615384616,126.46825396825396,128.35114503816794,151.80527769839,154.15788026038325,-1.8828910699139811,120.85714285714286,120.34351145038168,9.841269841269842,9.83969465648855,-0.16107312705871735,0,0,1
684,2018,Kolkata Knight Riders,Royal Challengers Bengaluru,"Punjab Cricket Association Stadium, Mohali",0.6,0.6,0.0,0.5681818181818182,0.5548387096774193,0.013343108504398904,0.5,22,0.5384615384615384,0.45454545454545453,124.80434782608695,119.625,116.05806451612904,147.60235558048234,150.75002095030587,3.5669354838709637,123.1590909090909,130.54193548387096,9.875,9.793548387096774,0.04669655911979831,0,1,0
701,2018,Rajasthan Royals,Punjab Kings,"Rajiv Gandhi Intl. Cricket Stadium, Hyderabad",0.6,0.0,0.6,0.5196850393700787,0.4779874213836478,0.0416976179864309,0.625,16,0.6666666666666666,0.5,112.32,126.45669291338582,130.8490566037736,151.4808526693077,153.4857985983032,-4.392363690387768,120.88188976377953,122.64779874213836,9.84251968503937,9.849056603773585,-0.22255125949946652,1,1,1
702,2018,Kolkata Knight Riders,Delhi Capitals,"M. Chinnaswamy Stadium, Bengaluru",0.6,0.8,-0.20000000000000007,0.5649717514124294,0.5060975609756098,0.05887419043681963,0.4782608695652174,23,0.5555555555555556,0.5714285714285714,133.0487804878049,119.86440677966101,119.10975609756098,147.7334447461876,148.79646556977454,0.7546506821000349,123.1638418079096,128.92073170731706,9.875706214689265,9.890243902439025,-0.22217509014654802,1,1,0
704,2018,Kolkata Knight Riders,Rajasthan Royals,"M. Chinnaswamy Stadium, Bengaluru",0.4,0.8,-0.4,0.5617977528089888,0.5234375,0.038360252808988804,0.5652173913043478,23,0.5,0.25,133.38095238095238,120.01685393258427,126.1640625,147.79991697799917,151.3779527559055,-6.147208567415731,123.40449438202248,120.7578125,9.876404494382022,9.84375,0.214923319639718,1,0,1
706,2018,Rajasthan Royals,Delhi Capitals,"Holkar Cricket Stadium, Indore",0.6,0.8,-0.20000000000000007,0.5193798449612403,0.509090909090909,0.010288935870331306,0.5333333333333333,15,0.3333333333333333,0.625,125.52272727272727,125.68992248062015,119.39393939393939,151.1372110365399,148.7915407854985,6.295983086680764,120.96899224806202,129.03030303030303,9.844961240310077,9.89090909090909,-0.45433165895396854,1,0,1
690,2018,Chennai Super Kings,Royal Challengers Bengaluru,"Narendra Modi Stadium, Ahmedabad",0.2,0.6,-0.39999999999999997,0.5,0.5576923076923077,-0.05769230769230771,0.13333333333333333,15,0.4444444444444444,0.5,111.45454545454545,128.3181818181818,116.10897435897436,154.1780447842709,150.72813514188232,12.209207459207448,120.37878787878788,130.74358974358975,9.840909090909092,9.794871794871796,-0.03299477778278437,1,0,1
708,2018,Chennai Super Kings,Punjab Kings,"Sawai Mansingh Stadium, Jaipur",0.2,0.0,0.2,0.5,0.475,0.025000000000000022,0.4166666666666667,12,0.7,0.6666666666666666,109.07317073170732,128.3181818181818,130.6875,154.1780447842709,153.36658354114715,-2.369318181818187,120.37878787878788,122.4375,9.840909090909092,9.85,-0.07927716649643024,1,1,1
709,2018,Sunrisers Hyderabad,Mumbai Indians,"M. Chinnaswamy Stadium, Bengaluru",0.6,0.4,0.19999999999999996,0.4591194968553459,0.5443786982248521,-0.08525920136950615,0.391304347826087,23,0.5454545454545454,0.5,133.72093023255815,129.14465408805032,123.05325443786982,152.54438748978532,150.70657294006813,6.091399650180492,122.19496855345912,124.38461538461539,9.855345911949685,9.840236686390533,-0.08365497513650766,0,0,0
711,2018,Chennai Super Kings,Royal Challengers Bengaluru,"Punjab Cricket Association Stadium, Mohali",0.4,0.4,0.0,0.5074626865671642,0.554140127388535,-0.04667744082137082,0.1875,16,0.6666666666666666,0.5,125.59574468085107,128.67910447761193,116.26751592356688,154.3550264076627,150.58571192872463,12.411588554045053,120.85820895522389,130.56687898089172,9.843283582089553,9.796178343949045,-0.039053235438917255,1,1,1
692,2018,Rajasthan Royals,Royal Challengers Bengaluru,"Narendra Modi Stadium, Ahmedabad",0.6,0.4,0.19999999999999996,0.5230769230769231,0.554140127388535,-0.031063204311611914,0.5294117647058824,17,0.375,0.46153846153846156,111.30357142857143,125.61538461538461,116.26751592356688,151.1897046569762,150.58571192872463,9.347868691817737,120.98461538461538,130.56687898089172,9.846153846153847,9.796178343949045,-0.19854034251738817,1,1,0
694,2018,Royal Challengers Bengaluru,Mumbai Indians,"Eden Gardens, Kolkata",0.4,0.4,0.0,0.5534591194968553,0.5470588235294118,0.0064002959674435145,0.5789473684210527,19,0.7142857142857143,0.5555555555555556,127.58333333333333,116.9119496855346,122.8529411764706,150.73791761271488,150.7398051245038,-5.940991490936,131.25786163522014,124.2764705882353,9.79245283018868,9.841176470588236,-0.08358792996228814,0,0,0
699,2018,Kolkata Knight Riders,Mumbai Indians,"Wankhede Stadium, Mumbai",0.6,0.6,0.0,0.5642458100558659,0.5497076023391813,0.014538207716684681,0.6071428571428571,28,0.5454545454545454,0.5,118.9047619047619,120.1731843575419,123.19883040935673,147.61872083447707,150.90974212034385,-3.0256460518148316,123.07821229050279,123.90058479532163,9.87709497206704,9.842105263157896,-0.0706196311031384,1,0,1
705,2018,Delhi Capitals,Punjab Kings,"Arun Jaitley Stadium, Delhi",0.6,0.0,0.6,0.5060240963855421,0.4720496894409938,0.03397440694454834,0.5357142857142857,28,0.4444444444444444,0.4444444444444444,120.0909090909091,119.41566265060241,130.8944099378882,148.7208342711381,153.39933032464697,-11.478747287285799,128.95180722891567,122.93167701863354,9.891566265060241,9.850931677018634,0.20675361763099787,1,1,1
710,2018,Sunrisers Hyderabad,Royal Challengers Bengaluru,"Punjab Cricket Association Stadium, Mohali",0.6,0.4,0.19999999999999996,0.45625,0.55,-0.09375000000000006,0.42105263157894735,19,0.45454545454545453,0.46153846153846156,126.375,129.0,116.55625,152.40345565975042,150.7477164335947,12.443749999999994,121.9875,131.575,9.85625,9.79375,-0.0001716679938361665,0,0,0
712,2018,Mumbai Indians,Chennai Super Kings,"Sawai Mansingh Stadium, Jaipur",0.4,0.6,-0.19999999999999996,0.5465116279069767,0.5111111111111111,0.035400516795865644,0.4,20,0.6666666666666666,0.7272727272727273,111.28571428571429,123.0,128.93333333333334,150.86643371603793,154.30851063829786,-5.933333333333337,123.78488372093024,121.26666666666667,9.843023255813954,9.844444444444445,0.12785361085907532,0,1,1
714,2019,Chennai Super Kings,Kolkata Knight Riders,"Punjab Cricket Association Stadium, Mohali",0.6,0.6,0.0,0.5073529411764706,0.5666666666666667,-0.05931372549019609,0.4166666666666667,24,0.7142857142857143,0.5,125.57142857142857,128.86764705882354,120.08333333333333,154.31892225059434,147.59303516558552,8.784313725490208,120.96323529411765,122.88888888888889,9.845588235294118,9.877777777777778,-0.059019868282467414,0,0,1
715,2019,Royal Challengers Bengaluru,Kolkata Knight Riders,"Sawai Mansingh Stadium, Jaipur",0.4,0.4,0.0,0.5527950310559007,0.56353591160221,-0.010740880546309284,0.5217391304347826,23,0.2727272727272727,0.9090909090909091,110.55813953488372,116.62111801242236,119.90055248618785,150.69020866773675,147.56238525872035,-3.279434473765491,131.29813664596273,122.44198895027624,9.79503105590062,9.878453038674033,-0.004575368441599892,0,0,0
716,2019,Punjab Kings,Rajasthan Royals,"Holkar Cricket Stadium, Indore",0.0,0.6,-0.6,0.4691358024691358,0.5190839694656488,-0.049948166996513055,0.35294117647058826,17,0.6,0.38461538461538464,125.31111111111112,130.58641975308643,126.2442748091603,153.27488769743516,151.4330189543082,4.3421449439261295,122.81481481481481,121.27480916030534,9.851851851851851,9.84732824427481,0.23511473455595322,1,0,1
717,2019,Rajasthan Royals,Royal Challengers Bengaluru,"Wankhede Stadium, Mumbai",0.4,0.4,0.0,0.5151515151515151,0.5493827160493827,-0.034231200897867575,0.5,18,0.75,0.5,118.55813953488372,126.01515151515152,116.65432098765432,151.36955136955137,150.72579358749402,9.3608305274972,121.06818181818181,131.75925925925927,9.848484848484848,9.790123456790123,-0.22576624261309775,1,1,0
718,2019,Delhi Capitals,Kolkata Knight Riders,"M. A. Chidambaram Stadium, Chennai",0.6,0.6,0.0,0.5089820359281437,0.5659340659340659,-0.056952030005922194,0.5416666666666666,24,0.2727272727272727,0.5833333333333334,118.96,119.32335329341318,120.37362637362638,148.58698083662665,147.75746948135156,-1.050273080213202,128.66467065868264,122.43956043956044,9.892215568862275,9.87912087912088,0.2307999027956189,0,0,1
721,2019,Sunrisers Hyderabad,Rajasthan Royals,"Sawai Mansingh Stadium, Jaipur",0.6,0.2,0.39999999999999997,0.453416149068323,0.5112781954887218,-0.05786204642039877,0.35294117647058826,17,0.2857142857142857,0.36363636363636365,110.81818181818181,128.7391304347826,125.72932330827068,152.3036226026894,151.22083559414,3.009807126511916,122.01863354037268,121.95488721804512,9.857142857142858,9.842105263157896,0.18273944633989103,1,0,1
728,2019,Sunrisers Hyderabad,Kolkata Knight Riders,"Rajiv Gandhi Intl. Cricket Stadium, Hyderabad",0.6,0.6,0.0,0.453416149068323,0.5628415300546448,-0.10942538098632176,0.43478260869565216,23,0.5833333333333334,0.5333333333333333,111.86274509803921,128.7391304347826,120.34426229508196,152.3036226026894,147.73596297041658,8.394868139700634,122.01863354037268,122.53005464480874,9.857142857142858,9.879781420765028,0.0020058762342465286,1,0,1
719,2019,Kolkata Knight Riders,Delhi Capitals,"Arun Jaitley Stadium, Delhi",0.4,0.8,-0.4,0.5597826086956522,0.5119047619047619,0.047877846790890355,0.44,25,0.6,0.5,119.73333333333333,120.53260869565217,119.44047619047619,147.7351452171596,148.48305461003403,1.0921325051759823,122.81521739130434,128.58333333333334,9.880434782608695,9.892857142857142,-0.23408938585487427,1,1,0
729,2019,Kolkata Knight Riders,Punjab Kings,"M. Chinnaswamy Stadium, Bengaluru",0.4,0.2,0.2,0.5597826086956522,0.4723926380368098,0.08738997065884241,0.5789473684210527,19,0.5454545454545454,0.5555555555555556,133.0909090909091,120.53260869565217,130.36196319018404,147.7351452171596,153.12387403617495,-9.82935449453187,122.81521739130434,122.65030674846626,9.880434782608695,9.85276073619632,-0.026640849705433567,1,1,1
722,2019,Delhi Capitals,Chennai Super Kings,"Ekana Cricket Stadium, Lucknow",0.8,0.8,0.0,0.514792899408284,0.5109489051094891,0.003843994298794895,0.17647058823529413,17,0.4166666666666667,0.2727272727272727,120.8,119.48520710059172,128.23357664233578,148.5762637039217,154.28119785720557,-8.748369541744054,128.4319526627219,120.71532846715328,9.893491124260356,9.846715328467154,0.2797072347747509,0,0,1
731,2019,Royal Challengers Bengaluru,Delhi Capitals,"Holkar Cricket Stadium, Indore",0.6,0.8,-0.20000000000000007,0.5521472392638037,0.5176470588235295,0.03450018044027425,0.47619047619047616,21,0.75,0.5555555555555556,124.6304347826087,117.40490797546012,119.01764705882353,151.18502133038393,148.49908256880735,-1.612739083363408,131.49079754601226,128.25294117647059,9.791411042944786,9.894117647058824,-0.2217448840981362,0,1,1
723,2019,Rajasthan Royals,Royal Challengers Bengaluru,"Wankhede Stadium, Mumbai",0.2,0.6,-0.39999999999999997,0.5074626865671642,0.5548780487804879,-0.04741536221332365,0.47368421052631576,19,0.6,0.5384615384615384,117.86363636363636,125.65671641791045,117.1219512195122,151.2848158131177,151.11320903154748,8.534765198398247,122.46268656716418,131.84146341463415,9.82089552238806,9.792682926829269,-0.19012362178164643,0,1,0
720,2019,Delhi Capitals,Mumbai Indians,"Punjab Cricket Association Stadium, Mohali",0.8,0.6,0.20000000000000007,0.5146198830409356,0.5491329479768786,-0.03451306493594297,0.45,20,0.42857142857142855,0.2,123.9,119.42690058479532,122.7514450867052,148.729153011434,150.8452905242222,-3.324544501909884,127.91812865497076,123.76300578034682,9.894736842105264,9.84393063583815,0.14385472320620707,0,0,1
725,2019,Sunrisers Hyderabad,Delhi Capitals,"Narendra Modi Stadium, Ahmedabad",0.6,0.8,-0.20000000000000007,0.4601226993865031,0.5174418604651163,-0.057319161078613234,0.5,24,0.5,0.5333333333333333,113.0,129.39877300613497,119.54069767441861,152.33280369781886,148.75560700332804,9.858075331716364,122.1840490797546,127.57558139534883,9.858895705521473,9.895348837209303,-0.20928029705435947,1,0,1
736,2019,Sunrisers Hyderabad,Kolkata Knight Riders,"DY Patil Stadium, Mumbai",0.6,0.4,0.19999999999999996,0.4601226993865031,0.5591397849462365,-0.09901708555973343,0.4583333333333333,24,0.5,0.4666666666666667,126.64814814814815,129.39877300613497,120.43548387096774,152.33280369781886,147.55944931163955,8.96328913516723,122.1840490797546,122.79569892473118,9.858895705521473,9.881720430107526,0.007617055231426306,0,1,1
738,2019,Delhi Capitals,Sunrisers Hyderabad,"DY Patil Stadium, Mumbai",0.6,0.8,-0.20000000000000007,0.5144508670520231,0.4666666666666667,0.04778420038535647,0.48,25,0.4666666666666667,0.5454545454545454,126.81818181818181,119.53179190751445,129.20606060606062,148.87688984881208,152.33297606287962,-9.674268698546172,127.36416184971098,122.0060606060606,9.895953757225433,9.860606060606061,0.19810330358140504,1,0,1
739,2019,Rajasthan Royals,Mumbai Indians,"Maharashtra Cricket Association Stadium, Pune",0.0,0.6,-0.6,0.5037037037037037,0.5459770114942529,-0.042273307790549275,0.16666666666666666,12,0.5,0.6,120.14285714285714,125.63703703703703,122.44252873563218,151.31590686055847,150.7251503360453,3.194508301404852,122.15555555555555,123.85057471264368,9.822222222222223,9.844827586206897,-0.26114030296356816,0,1,0
743,2019,Royal Challengers Bengaluru,Mumbai Indians,"Sawai Mansingh Stadium, Jaipur",0.8,0.6,0.20000000000000007,0.5575757575757576,0.5485714285714286,0.009004329004329015,0.55,20,0.25,0.7142857142857143,112.57777777777778,116.9030303030303,122.30857142857143,150.95476600406948,150.75362727144667,-5.40554112554112,131.78787878787878,123.97142857142858,9.793939393939393,9.845714285714285,-0.05755076585113805,0,0,0
724,2019,Delhi Capitals,Royal Challengers Bengaluru,"M. A. Chidambaram Stadium, Chennai",0.6,0.6,0.0,0.5172413793103449,0.5542168674698795,-0.036975488159534664,0.5,22,0.3333333333333333,0.9230769230769231,119.3529411764706,119.76436781609195,117.0421686746988,148.74375446109923,151.0221531286436,2.7221991413931477,127.54597701149426,131.43975903614458,9.89655172413793,9.795180722891565,0.197787206657992,0,0,1
730,2019,Punjab Kings,Rajasthan Royals,"Sawai Mansingh Stadium, Jaipur",0.2,0.0,0.2,0.4695121951219512,0.5,-0.030487804878048808,0.3888888888888889,18,0.5,0.3333333333333333,113.17391304347827,130.26829268292684,125.77941176470588,152.97150221967635,151.27343473646974,4.488880918220957,122.63414634146342,121.98529411764706,9.853658536585366,9.823529411764707,0.2011921330158284,1,1,1
726,2019,Mumbai Indians,Delhi Capitals,"Brabourne Stadium, Mumbai",0.6,0.6,0.0,0.5511363636363636,0.52,0.03113636363636363,0.5238095238095238,21,0.7,0.45454545454545453,121.38775510204081,122.0340909090909,119.49142857142857,150.617110799439,148.60005685048324,2.5426623376623354,124.0625,127.66285714285715,9.846590909090908,9.897142857142857,-0.1339934774780449,1,0,1
732,2019,Rajasthan Royals,Sunrisers Hyderabad,"M. A. Chidambaram Stadium, Chennai",0.0,0.8,-0.8,0.49635036496350365,0.463855421686747,0.03249494327675667,0.6111111111111112,18,0.7142857142857143,0.25,118.4423076923077,125.56204379562044,129.3855421686747,151.19978904807948,152.29383819045592,-3.8234983730542638,122.10218978102189,122.23493975903614,9.824817518248175,9.855421686746988,-0.186171907401123,0,1,1
727,2019,Sunrisers Hyderabad,Rajasthan Royals,"Brabourne Stadium, Mumbai",0.6,0.2,0.39999999999999997,0.46107784431137727,0.5,-0.03892215568862273,0.3684210526315789,19,0.35714285714285715,0.7692307692307693,121.8,129.5868263473054,125.54347826086956,152.1977635558056,151.31004366812226,4.043348086435827,122.23952095808383,122.39855072463769,9.8562874251497,9.826086956521738,0.1962031047965489,1,1,1
735,2019,Kolkata Knight Riders,Royal Challengers Bengaluru,"Punjab Cricket Association Stadium, Mohali",0.2,0.6,-0.39999999999999997,0.5561497326203209,0.5508982035928144,0.005251529027506474,0.5,24,0.4666666666666667,0.5,124.19607843137256,120.31016042780749,117.22754491017965,147.5956176605655,151.13873233999846,3.0826155176278434,122.8663101604278,131.08383233532933,9.882352941176471,9.796407185628743,-0.002037705639827081,0,1,1
758,2019,Kolkata Knight Riders,Chennai Super Kings,"Wankhede Stadium, Mumbai",0.4,0.6,-0.19999999999999996,0.5585106382978723,0.5072463768115942,0.05126426148627805,0.56,25,0.5833333333333334,0.5555555555555556,117.97777777777777,120.65425531914893,128.0144927536232,147.66616756721567,154.328645059841,-7.360237434474257,122.96808510638297,120.1304347826087,9.882978723404255,9.847826086956522,0.07124365015835643,1,1,1
766,2019,Chennai Super Kings,Mumbai Indians,"Holkar Cricket Stadium, Indore",0.4,0.8,-0.4,0.5035971223021583,0.5536723163841808,-0.050075194082022545,0.5714285714285714,21,0.3333333333333333,0.6428571428571429,123.48936170212765,127.87050359712231,122.14689265536722,154.44907890163364,150.63053020274506,5.723610941755084,119.59712230215827,123.72881355932203,9.848920863309353,9.847457627118644,-0.14269337633823653,1,0,0
733,2019,Chennai Super Kings,Rajasthan Royals,"Brabourne Stadium, Mumbai",0.2,0.2,0.0,0.5,0.49640287769784175,0.003597122302158251,0.5333333333333333,15,0.7142857142857143,0.7142857142857143,121.19607843137256,128.21428571428572,125.31654676258992,154.36876504987958,151.27225358228398,2.8977389516958,119.72142857142858,122.1726618705036,9.85,9.827338129496402,0.11683574833305954,1,0,1
734,2019,Delhi Capitals,Royal Challengers Bengaluru,"Holkar Cricket Stadium, Indore",0.6,0.4,0.19999999999999996,0.5170454545454546,0.5476190476190477,-0.030573593073593086,0.5217391304347826,23,0.5,0.7777777777777778,124.58333333333333,119.18181818181819,117.375,148.50265486725664,151.33537989255564,1.806818181818187,127.74431818181819,131.4047619047619,9.897727272727273,9.797619047619047,0.20825810883209428,0,1,0
745,2019,Royal Challengers Bengaluru,Delhi Capitals,"Ekana Cricket Stadium, Lucknow",0.4,0.4,0.0,0.5502958579881657,0.5141242937853108,0.036171564202854944,0.5,24,0.5,0.46153846153846156,119.04347826086956,117.01183431952663,119.25988700564972,151.27753977968177,148.53986348603195,-2.2480526861230885,131.41420118343194,127.33898305084746,9.798816568047338,9.898305084745763,-0.20327350494108387,0,1,1
748,2019,Mumbai Indians,Delhi Capitals,"Narendra Modi Stadium, Ahmedabad",0.8,0.4,0.4,0.5561797752808989,0.5112359550561798,0.0449438202247191,0.5454545454545454,22,0.5,0.5,112.62068965517241,122.23033707865169,119.25842696629213,150.64044866025063,148.50986427871834,2.971910112359552,124.02247191011236,127.02808988764045,9.814606741573034,9.898876404494382,-0.12547443719756046,0,0,1
737,2019,Mumbai Indians,Sunrisers Hyderabad,"Brabourne Stadium, Mumbai",1.0,0.6,0.4,0.5586592178770949,0.4642857142857143,0.09437350359138064,0.625,24,0.7272727272727273,0.4,120.9423076923077,122.31843575418995,129.35714285714286,150.6674924304982,152.195531899993,-7.0387071029529125,124.42458100558659,122.07142857142857,9.804469273743017,9.857142857142858,0.06820318874158815,1,1,1
749,2019,Rajasthan Royals,Royal Challengers Bengaluru,"Brabourne Stadium, Mumbai",0.2,0.4,-0.2,0.4928571428571429,0.5529411764705883,-0.06008403361344539,0.45,20,0.6666666666666666,0.46153846153846156,120.20754716981132,125.32857142857142,116.74705882352941,151.25862068965517,151.04261796042618,8.581512605042008,122.07142857142857,131.34117647058824,9.82857142857143,9.8,-0.19392293789740833,0,1,1
750,2019,Kolkata Knight Riders,Punjab Kings,"Eden Gardens, Kolkata",0.6,0.4,0.19999999999999996,0.5608465608465608,0.4727272727272727,0.0881192881192881,0.6,20,0.6666666666666666,0.5,126.20408163265306,120.25925925925925,130.3151515151515,147.57174392935983,152.89767474934223,-10.05589225589226,122.88888888888889,122.47272727272727,9.883597883597883,9.854545454545455,-0.0019691088248876554,1,1,1
753,2019,Kolkata Knight Riders,Punjab Kings,"Maharashtra Cricket Association Stadium, Pune",0.8,0.4,0.4,0.5631578947368421,0.46987951807228917,0.09327837666455291,0.6190476190476191,21,0.4375,0.4444444444444444,120.64,120.12105263157895,130.59036144578315,147.60703660587245,152.84495522808996,-10.469308814204197,123.16842105263157,122.3012048192771,9.884210526315789,9.855421686746988,-0.005450984958995875,1,1,1
740,2019,Delhi Capitals,Sunrisers Hyderabad,"Himachal Pradesh Cricket Association Stadium, Dharamsala",0.2,0.4,-0.2,0.5083798882681564,0.46153846153846156,0.046841426729694824,0.5,26,0.36363636363636365,0.6,122.225,119.68715083798882,129.31952662721895,148.63327320660468,152.26781857451402,-9.632375789230124,127.08938547486034,121.83431952662721,9.899441340782124,9.857988165680473,0.18748919608167647,0,1,1
741,2019,Sunrisers Hyderabad,Punjab Kings,"Rajiv Gandhi Intl. Cricket Stadium, Hyderabad",0.2,0.4,-0.2,0.4588235294117647,0.46706586826347307,-0.008242338851708386,0.6428571428571429,14,0.6153846153846154,0.46153846153846156,113.07692307692308,128.9470588235294,130.7245508982036,152.11296925959337,152.63231489897225,-1.7774920746741998,121.91176470588235,122.59281437125749,9.858823529411765,9.8562874251497,-0.011265157056465469,0,1,0
742,2019,Delhi Capitals,Kolkata Knight Riders,"Ekana Cricket Stadium, Lucknow",0.2,0.8,-0.6000000000000001,0.5111111111111111,0.5654450261780105,-0.05433391506689944,0.5769230769230769,26,0.42857142857142855,0.5833333333333334,118.04255319148936,119.77222222222223,120.38743455497382,148.73404622283545,147.71938841063857,-0.6152123327515966,126.75,123.32460732984293,9.9,9.879581151832461,0.18359944063720945,0,0,0
756,2019,Rajasthan Royals,Delhi Capitals,"Rajiv Gandhi Intl. Cricket Stadium, Hyderabad",0.4,0.2,0.2,0.49645390070921985,0.5111111111111111,-0.014657210401891219,0.5625,16,0.7,0.8333333333333334,113.15094339622641,124.94326241134752,119.77222222222223,150.77884286203357,148.73404622283545,5.171040189125293,122.26241134751773,126.75,9.829787234042554,9.9,-0.37348270179989207,0,0,0
744,2019,Royal Challengers Bengaluru,Sunrisers Hyderabad,"Ekana Cricket Stadium, Lucknow",0.4,0.2,0.2,0.5497076023391813,0.45614035087719296,0.0935672514619883,0.6,20,0.5333333333333333,0.8888888888888888,118.10416666666667,116.93567251461988,128.87719298245614,151.07283167119976,152.1646067803632,-11.941520467836256,130.98830409356725,121.49707602339181,9.801169590643275,9.859649122807017,-0.026618462420202604,0,0,1
759,2019,Chennai Super Kings,Kolkata Knight Riders,"Wankhede Stadium, Mumbai",0.4,1.0,-0.6,0.5035460992907801,0.5677083333333334,-0.06416223404255328,0.4230769230769231,26,0.5,0.6153846153846154,116.41304347826087,128.0709219858156,120.265625,154.23641954219337,147.8107796696966,7.805296985815602,119.77304964539007,123.3125,9.851063829787234,9.880208333333334,-0.074816748354392,0,0,1
760,2019,Delhi Capitals,Mumbai Indians,"M. Chinnaswamy Stadium, Bengaluru",0.4,1.0,-0.6,0.510989010989011,0.5611111111111111,-0.050122100122100166,0.43478260869565216,23,0.625,0.5384615384615384,132.8,119.93406593406593,122.09444444444445,149.03727980335927,150.68220774768596,-2.1603785103785214,126.22527472527473,124.41666666666667,9.901098901098901,9.805555555555555,0.11441971091389114,1,1,0
746,2019,Kolkata Knight Riders,Mumbai Indians,"Wankhede Stadium, Mumbai",0.8,1.0,-0.19999999999999996,0.5647668393782384,0.56353591160221,0.001230927776028401,0.6206896551724138,29,0.5714285714285714,0.46153846153846156,118.06382978723404,120.15544041450777,121.96685082872928,147.80114722753345,150.60717696820848,-1.8114104142215126,123.67875647668394,124.54143646408839,9.875647668393782,9.806629834254144,-0.07502526571501278,1,1,0
763,2019,Royal Challengers Bengaluru,Mumbai Indians,"M. A. Chidambaram Stadium, Chennai",0.6,1.0,-0.4,0.5523255813953488,0.5659340659340659,-0.013608484538717103,0.5238095238095238,21,0.8571428571428571,0.5882352941176471,118.52830188679245,116.94186046511628,121.97252747252747,151.05136677680986,150.63445748795547,-5.030667007411196,131.12209302325581,124.37362637362638,9.80232558139535,9.807692307692308,-0.0903480007059585,0,0,0
747,2019,Sunrisers Hyderabad,Rajasthan Royals,"Sawai Mansingh Stadium, Jaipur",0.2,0.4,-0.2,0.45348837209302323,0.49295774647887325,-0.03946937438585002,0.4,20,0.3333333333333333,0.3076923076923077,113.70212765957447,129.02325581395348,124.49295774647888,152.3234264534285,150.86192182966377,4.530298067474604,121.47674418604652,122.44366197183099,9.86046511627907,9.830985915492958,0.1749160336057738,0,1,1
764,2019,Mumbai Indians,Delhi Capitals,"Ekana Cricket Stadium, Lucknow",1.0,0.4,0.6,0.5683060109289617,0.5081967213114754,0.060109289617486295,0.5833333333333334,24,0.5714285714285714,0.4,118.10204081632654,122.19672131147541,120.08196721311475,150.75844400997775,149.15495825697414,2.114754098360663,124.29508196721312,126.07650273224044,9.808743169398907,9.901639344262295,-0.11332036818599356,0,1,1
767,2019,Chennai Super Kings,Royal Challengers Bengaluru,"Punjab Cricket Association Stadium, Mohali",0.4,0.6,-0.19999999999999996,0.5070422535211268,0.5491329479768786,-0.042090694455751865,0.23529411764705882,17,0.75,0.4666666666666667,125.36538461538461,128.53521126760563,116.90173410404624,154.31180250253635,150.95916996342464,11.633477163559391,119.62676056338029,131.3063583815029,9.852112676056338,9.803468208092486,-0.06828047971465523,0,1,1
768,2019,Punjab Kings,Kolkata Knight Riders,"Maharashtra Cricket Association Stadium, Pune",0.4,0.6,-0.19999999999999996,0.47023809523809523,0.5618556701030928,-0.09161757486499755,0.36363636363636365,22,0.4,0.47058823529411764,121.62745098039215,130.25,120.02061855670104,152.51969052763644,147.74111675126903,10.229381443298962,122.55952380952381,123.67525773195877,9.857142857142858,9.876288659793815,0.016502764861128227,0,0,0
769,2019,Royal Challengers Bengaluru,Kolkata Knight Riders,"DY Patil Stadium, Mumbai",0.4,0.6,-0.19999999999999996,0.5459770114942529,0.5641025641025641,-0.01812555260831117,0.48,25,0.75,0.4375,127.41071428571429,117.48275862068965,120.01025641025642,151.23178220019236,147.6466876971609,-2.527497789566766,131.16091954022988,123.43589743589743,9.804597701149426,9.876923076923077,-0.0058396597000900385,1,1,0
751,2019,Kolkata Knight Riders,Royal Challengers Bengaluru,"Ekana Cricket Stadium, Lucknow",0.6,0.2,0.39999999999999997,0.5663265306122449,0.5428571428571428,0.0234693877551021,0.5384615384615384,26,0.6153846153846154,0.5625,117.3,119.70918367346938,117.39428571428572,147.46401860348186,151.2144854997792,2.314897959183668,123.3265306122449,130.76,9.877551020408163,9.805714285714286,0.01726364692735416,0,1,1
752,2019,Kolkata Knight Riders,Delhi Capitals,"Sawai Mansingh Stadium, Jaipur",0.6,0.4,0.19999999999999996,0.5685279187817259,0.5054347826086957,0.06309313617303025,0.4444444444444444,27,0.9166666666666666,0.6666666666666666,113.52083333333333,119.65482233502539,120.42934782608695,147.49092729320486,149.18871608429274,-0.7745254910615671,123.19289340101523,125.81521739130434,9.878172588832488,9.902173913043478,-0.18126181119874651,0,0,1
754,2019,Delhi Capitals,Chennai Super Kings,"Maharashtra Cricket Association Stadium, Pune",0.2,0.6,-0.39999999999999997,0.5027027027027027,0.5104895104895105,-0.007786807786807848,0.2222222222222222,18,0.4166666666666667,0.7,120.76923076923077,120.47027027027028,128.37762237762237,149.1467576791809,154.2300260438545,-7.9073521073520965,125.54594594594595,120.31468531468532,9.902702702702703,9.846153846153847,0.23921403456714962,1,1,1
755,2019,Royal Challengers Bengaluru,Mumbai Indians,"Rajiv Gandhi Intl. Cricket Stadium, Hyderabad",0.2,1.0,-0.8,0.5397727272727273,0.5706521739130435,-0.030879446640316166,0.5,22,0.3,0.3333333333333333,112.18518518518519,117.2784090909091,121.95652173913044,151.29370373085098,150.71529316945396,-4.678112648221344,130.63636363636363,124.6195652173913,9.806818181818182,9.78804347826087,-0.09240228285805152,0,1,1
757,2019,Sunrisers Hyderabad,Chennai Super Kings,"Rajiv Gandhi Intl. Cricket Stadium, Hyderabad",0.2,0.6,-0.39999999999999997,0.45664739884393063,0.5069444444444444,-0.05029704560051379,0.5,20,0.5714285714285714,0.42857142857142855,112.67272727272727,128.88439306358381,128.04861111111111,152.31231641505568,154.1464638020398,0.8357819524727006,121.8092485549133,120.10416666666667,9.861271676300579,9.847222222222221,0.06898607082238861,0,1,0
761,2019,Mumbai Indians,Rajasthan Royals,"Himachal Pradesh Cricket Association Stadium, Dharamsala",0.8,0.2,0.6000000000000001,0.5675675675675675,0.48951048951048953,0.07805707805707801,0.8461538461538461,13,0.625,0.5,122.53658536585365,122.1891891891892,124.87412587412588,150.79047428457076,151.03611604499704,-2.6849366849366874,124.6972972972973,122.32167832167832,9.78918918918919,9.832167832167832,0.2387005205677557,1,0,0
762,2019,Delhi Capitals,Mumbai Indians,"Arun Jaitley Stadium, Delhi",0.4,0.6,-0.19999999999999996,0.5053763440860215,0.5645161290322581,-0.05913978494623662,0.4,25,0.5454545454545454,0.5294117647058824,119.3695652173913,120.30645161290323,122.13978494623656,149.10047974413646,150.70983149794347,-1.8333333333333286,125.30645161290323,124.49462365591398,9.903225806451612,9.790322580645162,0.12804805352379134,1,0,1
765,2019,Delhi Capitals,Sunrisers Hyderabad,"Wankhede Stadium, Mumbai",0.4,0.2,0.2,0.5080213903743316,0.4540229885057471,0.053998401868584456,0.5185185185185185,27,0.875,0.16666666666666666,117.5625,120.36363636363636,128.7528735632184,149.17815482502652,152.25635449232024,-8.389237199582041,125.14973262032086,122.02873563218391,9.903743315508022,9.862068965517242,0.13862058422974854,1,0,1
770,2019,Punjab Kings,Rajasthan Royals,"DY Patil Stadium, Mumbai",0.4,0.4,0.0,0.46745562130177515,0.4930555555555556,-0.025599934253780432,0.42105263157894735,19,0.4666666666666667,0.6428571428571429,126.96491228070175,129.93491124260356,124.61111111111111,152.30267720904425,150.75191128286986,5.3238001314924475,122.53254437869822,122.25694444444444,9.857988165680473,9.833333333333334,0.19382293290910546,1,0,1
771,2020,Rajasthan Royals,Sunrisers Hyderabad,"M. Chinnaswamy Stadium, Bengaluru",0.4,0.2,0.2,0.4896551724137931,0.4514285714285714,0.03822660098522168,0.5714285714285714,21,0.2222222222222222,0.5,133.1086956521739,124.02758620689656,128.85142857142858,150.55671829217246,152.15249662618083,-4.823842364532027,122.47586206896551,122.28,9.83448275862069,9.862857142857143,-0.20722859624736856,0,0,0
772,2020,Sunrisers Hyderabad,Kolkata Knight Riders,"M. A. Chidambaram Stadium, Chennai",0.4,0.8,-0.4,0.45454545454545453,0.5707070707070707,-0.11616161616161619,0.48,25,0.2222222222222222,0.5384615384615384,118.37037037037037,128.7443181818182,119.43434343434343,152.0840324854017,147.5602146511918,9.309974747474755,122.23295454545455,123.21717171717172,9.863636363636363,9.878787878787879,0.040570499393034254,0,0,1
773,2020,Chennai Super Kings,Delhi Capitals,"DY Patil Stadium, Mumbai",0.8,0.6,0.20000000000000007,0.5103448275862069,0.5106382978723404,-0.00029347028613346815,0.7368421052631579,19,0.5,0.5,127.43103448275862,128.26896551724138,120.6063829787234,154.43826289130615,149.28891229918358,7.662582538517981,120.00689655172414,125.26063829787235,9.848275862068965,9.904255319148936,-0.22050358623352473,1,1,0
774,2020,Delhi Capitals,Rajasthan Royals,"Brabourne Stadium, Mumbai",0.8,0.2,0.6000000000000001,0.5132275132275133,0.4863013698630137,0.026926143364499555,0.47058823529411764,17,0.4166666666666667,0.6875,119.29629629629629,120.78835978835978,123.95890410958904,149.2579274272638,150.65345875301756,-3.170544321229258,125.16402116402116,122.39041095890411,9.904761904761905,9.835616438356164,0.33446711454815414,0,0,1
778,2020,Mumbai Indians,Delhi Capitals,"M. Chinnaswamy Stadium, Bengaluru",0.4,1.0,-0.6,0.5614973262032086,0.5157894736842106,0.045707852518998004,0.5769230769230769,26,0.5714285714285714,0.5555555555555556,132.70212765957447,122.0,120.7578947368421,150.4682759530405,149.22926829268292,1.242105263157896,124.52941176470588,125.71052631578948,9.79144385026738,9.905263157894737,-0.11840668926727282,1,0,0
776,2020,Mumbai Indians,Chennai Super Kings,"DY Patil Stadium, Mumbai",0.2,0.6,-0.39999999999999997,0.5585106382978723,0.5068493150684932,0.05166132322937911,0.45454545454545453,22,0.5714285714285714,0.4666666666666667,127.08474576271186,122.21808510638297,128.12328767123287,150.35335689045937,154.3908880818752,-5.905202564849901,124.43085106382979,120.24657534246575,9.792553191489361,9.849315068493151,0.11779090264398917,0,0,0
775,2020,Royal Challengers Bengaluru,Mumbai Indians,"Brabourne Stadium, Mumbai",0.2,0.0,0.2,0.5423728813559322,0.5555555555555556,-0.013182674199623379,0.5217391304347826,23,0.42857142857142855,0.75,119.21818181818182,117.40112994350282,122.16931216931216,151.1932479627474,150.36467830164105,-4.7681822258093405,130.83050847457628,124.16931216931216,9.807909604519773,9.793650793650794,-0.06452426767862995,0,1,1
779,2020,Chennai Super Kings,Royal Challengers Bengaluru,"Himachal Pradesh Cricket Association Stadium, Dharamsala",0.6,0.4,0.19999999999999996,0.5102040816326531,0.5449438202247191,-0.03473973859206603,0.2777777777777778,18,0.3333333333333333,0.7777777777777778,122.30952380952381,127.76190476190476,117.51123595505618,154.2713980614424,151.1671605116716,10.25066880684858,120.19727891156462,130.72471910112358,9.850340136054422,9.808988764044944,-0.05204628537724254,1,0,1
788,2020,Rajasthan Royals,Royal Challengers Bengaluru,"DY Patil Stadium, Mumbai",0.2,0.4,-0.2,0.48299319727891155,0.5418994413407822,-0.058906244061870616,0.47619047619047616,21,0.6,0.6,126.85,124.6734693877551,117.15642458100558,151.06330365974284,151.13144998558664,7.517044806749524,122.34013605442176,130.6703910614525,9.83673469387755,9.810055865921788,-0.1717747303954198,1,1,0
780,2020,Punjab Kings,Kolkata Knight Riders,"Wankhede Stadium, Mumbai",0.4,0.8,-0.4,0.47058823529411764,0.5678391959798995,-0.09725096068578187,0.34782608695652173,23,0.5,0.5333333333333333,118.55102040816327,130.07647058823528,119.16582914572864,152.31436837029895,147.48429628708251,10.910641442506645,122.04705882352941,123.19597989949749,9.858823529411765,9.879396984924623,0.014629564513720439,1,1,1
777,2020,Delhi Capitals,Punjab Kings,"DY Patil Stadium, Mumbai",1.0,0.4,0.6,0.518324607329843,0.47058823529411764,0.04773637203572534,0.5517241379310345,29,0.5294117647058824,0.5,127.09836065573771,120.68062827225131,130.07647058823528,149.19093851132686,152.31436837029895,-9.39584231598397,125.90575916230367,122.04705882352941,9.900523560209423,9.858823529411765,0.16051225789765766,0,0,1
789,2020,Kolkata Knight Riders,Mumbai Indians,"Narendra Modi Stadium, Ahmedabad",0.8,0.0,0.8,0.5678391959798995,0.5526315789473685,0.01520761703253104,0.6,30,0.6428571428571429,0.5263157894736842,113.05084745762711,119.16582914572864,122.11578947368422,147.48429628708251,150.44741278692777,-2.94996032795558,123.19597989949749,124.23684210526316,9.879396984924623,9.794736842105262,-0.05541816743567374,0,0,0
782,2020,Mumbai Indians,Kolkata Knight Riders,"Sawai Mansingh Stadium, Jaipur",0.2,0.4,-0.2,0.5549738219895288,0.5621890547263682,-0.007215232736839328,0.41935483870967744,31,0.75,0.9230769230769231,112.75510204081633,122.15183246073299,119.28855721393035,150.44493164818158,147.55076923076925,2.863275246802644,124.19371727748691,123.04975124378109,9.795811518324607,9.880597014925373,0.05606347150862412,0,1,0
793,2020,Delhi Capitals,Sunrisers Hyderabad,"Eden Gardens, Kolkata",1.0,0.6,0.4,0.5208333333333334,0.4576271186440678,0.06320621468926557,0.5357142857142857,28,0.4,0.4444444444444444,125.56,120.296875,128.68926553672316,149.00329011031545,151.9749132639445,-8.392390536723155,125.88541666666667,121.91525423728814,9.901041666666666,9.864406779661017,0.1352987115606492,1,0,0
796,2020,Delhi Capitals,Mumbai Indians,"Punjab Cricket Association Stadium, Mohali",0.8,0.2,0.6000000000000001,0.5181347150259067,0.5520833333333334,-0.03394861830742668,0.4444444444444444,27,0.4666666666666667,0.16666666666666666,125.0,120.26424870466322,122.19270833333333,148.86480246280144,150.52611317849352,-1.9284596286701117,125.82901554404145,124.13541666666667,9.901554404145077,9.796875,0.13087399915718478,1,1,1
784,2020,Sunrisers Hyderabad,Mumbai Indians,"Eden Gardens, Kolkata",0.6,0.2,0.39999999999999997,0.4606741573033708,0.5492227979274611,-0.08854864062409029,0.36,25,0.5,0.6,125.33333333333333,128.6123595505618,122.23834196891191,152.07253886010363,150.4591836734694,6.3740175816498805,121.87078651685393,124.24352331606218,9.865168539325843,9.797927461139896,-0.02166585059482351,1,0,1
797,2020,Mumbai Indians,Kolkata Knight Riders,"Himachal Pradesh Cricket Association Stadium, Dharamsala",0.2,0.4,-0.2,0.5492227979274611,0.5643564356435643,-0.01513363771610321,0.40625,32,0.5555555555555556,0.5,122.27906976744185,122.23834196891191,119.25742574257426,150.4591836734694,147.51990202082058,2.980916226337655,124.24352331606218,123.08415841584159,9.797927461139896,9.881188118811881,0.05056920379704799,1,1,0
785,2020,Punjab Kings,Chennai Super Kings,"Maharashtra Cricket Association Stadium, Pune",0.6,0.6,0.0,0.47093023255813954,0.5135135135135135,-0.04258328095537395,0.5384615384615384,13,0.36363636363636365,0.6363636363636364,120.18867924528301,129.78488372093022,127.71621621621621,152.2611008798854,154.32723709993468,2.068667504714014,121.75581395348837,119.75,9.86046511627907,9.85135135135135,0.06354802625225098,0,0,0
799,2020,Sunrisers Hyderabad,Kolkata Knight Riders,"DY Patil Stadium, Mumbai",0.8,0.4,0.4,0.46368715083798884,0.5665024630541872,-0.10281531221619833,0.5,26,0.5,0.47058823529411764,125.80645161290323,128.6145251396648,119.16748768472907,152.0708104894643,147.56908436527786,9.447037454935739,122.0391061452514,122.65024630541872,9.865921787709498,9.881773399014778,0.03322180421824683,0,0,0
781,2020,Delhi Capitals,Mumbai Indians,"M. A. Chidambaram Stadium, Chennai",0.8,0.2,0.6000000000000001,0.520618556701031,0.5435897435897435,-0.02297118688871258,0.4642857142857143,28,0.38461538461538464,0.6111111111111112,118.38181818181818,120.3917525773196,121.94358974358974,148.91609283346085,150.31923636133763,-1.551837166270147,125.85567010309278,124.14871794871794,9.902061855670103,9.8,0.12142691922177384,0,0,0
786,2020,Royal Challengers Bengaluru,Rajasthan Royals,"M. Chinnaswamy Stadium, Bengaluru",0.6,0.2,0.39999999999999997,0.5444444444444444,0.4797297297297297,0.06471471471471468,0.5454545454545454,22,0.6666666666666666,0.2,133.33333333333334,117.21111111111111,124.79054054054055,151.14263199369583,151.19934506753992,-7.579429429429439,130.73333333333332,122.37162162162163,9.811111111111112,9.837837837837839,0.17615473340483234,1,0,1
787,2020,Chennai Super Kings,Sunrisers Hyderabad,"Sawai Mansingh Stadium, Jaipur",0.8,0.8,0.0,0.5167785234899329,0.46111111111111114,0.05566741237882178,0.5238095238095238,21,0.6666666666666666,0.375,113.1,127.90604026845638,128.85555555555555,154.2908031088083,152.00209712300935,-0.9495152870991745,119.93288590604027,121.85,9.85234899328859,9.866666666666667,-0.07311272561171656,0,1,1
783,2020,Chennai Super Kings,Royal Challengers Bengaluru,"Maharashtra Cricket Association Stadium, Pune",0.8,0.8,0.0,0.52,0.5469613259668509,-0.026961325966850858,0.3157894736842105,19,0.6666666666666666,0.5,120.68518518518519,128.27333333333334,117.82872928176796,154.40975844635264,151.4809290432559,10.444604051565378,119.81333333333333,130.51933701657458,9.853333333333333,9.812154696132596,-0.04722928915016311,0,0,1
808,2020,Royal Challengers Bengaluru,Chennai Super Kings,"Narendra Modi Stadium, Ahmedabad",0.6,1.0,-0.4,0.5439560439560439,0.5231788079470199,0.020777236009024036,0.65,20,0.5,0.5,113.1,118.05494505494505,127.86754966887418,151.71585934190085,154.40223910435827,-9.812604613929125,130.17032967032966,120.0728476821192,9.813186813186814,9.85430463576159,0.03028670818959256,0,0,1
809,2020,Kolkata Knight Riders,Punjab Kings,"Punjab Cricket Association Stadium, Mohali",0.6,0.4,0.19999999999999996,0.5686274509803921,0.4682080924855491,0.10041935849484301,0.625,24,0.5,0.38461538461538464,125.37037037037037,119.01470588235294,129.88439306358381,147.47615865881068,152.3080051514946,-10.869687181230873,122.8921568627451,121.95375722543352,9.877450980392156,9.861271676300579,-0.014419293314697157,1,0,0
811,2020,Rajasthan Royals,Kolkata Knight Riders,"Wankhede Stadium, Mumbai",0.0,0.6,-0.6,0.47651006711409394,0.5658536585365853,-0.08934359142249138,0.4166666666666667,24,0.5,0.5,117.94,124.57046979865771,119.01463414634146,151.07439361875305,147.5001511395925,5.555835652316247,123.08724832214764,122.9560975609756,9.825503355704697,9.878048780487806,-0.13025739198273456,1,0,1
792,2020,Delhi Capitals,Chennai Super Kings,"Brabourne Stadium, Mumbai",0.6,0.8,-0.20000000000000007,0.517948717948718,0.5197368421052632,-0.0017881241565451678,0.3,20,0.46153846153846156,0.75,119.53571428571429,120.35897435897436,127.77631578947368,149.03479806959615,154.37564581511805,-7.41734143049932,125.50256410256411,120.07894736842105,9.902564102564103,9.855263157894736,0.20728019694612954,0,0,0
819,2020,Punjab Kings,Sunrisers Hyderabad,"Maharashtra Cricket Association Stadium, Pune",0.6,0.6,0.0,0.47126436781609193,0.4585635359116022,0.012700831904489729,0.4,15,0.3333333333333333,0.3,119.7090909090909,129.91954022988506,128.707182320442,152.1982091160035,152.0825172999086,1.2123579094430568,121.9367816091954,122.1878453038674,9.862068965517242,9.867403314917127,-0.021523279873626677,0,0,1
820,2020,Sunrisers Hyderabad,Royal Challengers Bengaluru,"M. A. Chidambaram Stadium, Chennai",0.4,0.6,-0.19999999999999996,0.45604395604395603,0.546448087431694,-0.09040413138773801,0.38095238095238093,21,0.3,0.8,118.30357142857143,128.66483516483515,118.07103825136612,152.10782721662878,151.60679202918888,10.593796913469035,121.73626373626374,130.08196721311475,9.868131868131869,9.814207650273223,0.013856233862911793,1,1,1
821,2020,Rajasthan Royals,Kolkata Knight Riders,"DY Patil Stadium, Mumbai",0.2,0.6,-0.39999999999999997,0.48,0.5631067961165048,-0.08310679611650484,0.44,25,0.5625,0.5,126.53968253968254,124.60666666666667,119.4126213592233,151.11165009297437,147.74174174174175,5.194045307443375,123.60666666666667,122.99029126213593,9.826666666666666,9.87864077669903,-0.11313028662976343,1,0,1
790,2020,Rajasthan Royals,Chennai Super Kings,"Holkar Cricket Stadium, Indore",0.4,0.8,-0.4,0.48344370860927155,0.5228758169934641,-0.03943210838419253,0.4375,16,0.35714285714285715,0.3,124.75510204081633,124.48344370860927,128.33333333333334,151.21068296999437,154.72813238770686,-3.849889624724071,123.24503311258277,120.16993464052288,9.827814569536423,9.856209150326798,-0.09349789107628048,1,1,0
791,2020,Chennai Super Kings,Sunrisers Hyderabad,"Ekana Cricket Stadium, Lucknow",0.8,0.4,0.4,0.525974025974026,0.45901639344262296,0.06695763253140302,0.5454545454545454,22,0.25,0.8,117.13725490196079,128.1818181818182,128.31147540983608,154.81138734216924,152.04947225280063,-0.1296572280178907,120.31168831168831,121.55737704918033,9.857142857142858,9.868852459016393,-0.04743480841559489,1,1,1
802,2020,Kolkata Knight Riders,Sunrisers Hyderabad,"Himachal Pradesh Cricket Association Stadium, Dharamsala",0.4,0.2,0.2,0.5603864734299517,0.45652173913043476,0.10386473429951698,0.5185185185185185,27,0.5714285714285714,0.5454545454545454,120.29545454545455,119.16908212560386,128.45652173913044,147.64184821642328,152.0978120978121,-9.287439613526573,122.90821256038647,121.77173913043478,9.879227053140097,9.869565217391305,-0.02926733885396615,0,1,0
794,2020,Punjab Kings,Royal Challengers Bengaluru,"Arun Jaitley Stadium, Delhi",0.6,0.6,0.0,0.4742857142857143,0.5434782608695652,-0.06919254658385088,0.45454545454545453,22,0.4,0.3333333333333333,119.61702127659575,129.40571428571428,117.91304347826087,151.98657718120805,151.58247746803605,11.492670807453408,121.93142857142857,129.72282608695653,9.862857142857143,9.815217391304348,0.010224090718054413,1,1,1
806,2020,Chennai Super Kings,Mumbai Indians,"Wankhede Stadium, Mumbai",0.8,0.2,0.6000000000000001,0.5290322580645161,0.5459183673469388,-0.016886109282422623,0.5652173913043478,23,0.5454545454545454,0.5,118.17647058823529,128.39354838709679,121.61224489795919,154.9318801089918,150.2710881351658,6.781303489137599,120.53548387096774,124.09693877551021,9.858064516129032,9.801020408163266,-0.08875840833140991,1,0,1
795,2020,Kolkata Knight Riders,Chennai Super Kings,"Himachal Pradesh Cricket Association Stadium, Dharamsala",0.2,0.8,-0.6000000000000001,0.5576923076923077,0.532051282051282,0.02564102564102566,0.5555555555555556,27,0.5,0.42857142857142855,119.31111111111112,118.96153846153847,128.47435897435898,147.5755949185901,155.01585582798361,-9.512820512820511,122.86538461538461,120.5,9.879807692307692,9.85897435897436,0.016070590395980133,0,1,1
810,2020,Chennai Super Kings,Royal Challengers Bengaluru,"Ekana Cricket Stadium, Lucknow",0.8,0.4,0.4,0.5286624203821656,0.5405405405405406,-0.011878120158374972,0.3333333333333333,21,0.3076923076923077,0.5294117647058824,117.98076923076923,128.828025477707,117.74594594594595,155.2025782688766,151.28133898187374,11.082079531761053,120.54140127388536,129.51351351351352,9.859872611464969,9.816216216216215,-0.014128663586429724,1,1,1
798,2020,Sunrisers Hyderabad,Kolkata Knight Riders,"Maharashtra Cricket Association Stadium, Pune",0.4,0.2,0.2,0.4594594594594595,0.5598086124401914,-0.10034915298073194,0.5,28,0.2727272727272727,0.5,118.28571428571429,128.3783783783784,119.0,152.1460602178091,147.6198955365622,9.378378378378386,121.52432432432433,123.15789473684211,9.87027027027027,9.880382775119617,0.010747581857655675,0,0,0
812,2020,Royal Challengers Bengaluru,Sunrisers Hyderabad,"Brabourne Stadium, Mumbai",0.2,0.4,-0.2,0.5376344086021505,0.45698924731182794,0.08064516129032256,0.5909090909090909,22,0.4666666666666667,0.375,119.78947368421052,118.1236559139785,128.2258064516129,151.47190623922785,152.06579954093345,-10.102150537634401,129.45698924731184,121.74193548387096,9.817204301075268,9.870967741935484,-0.025130050762427913,1,1,0
814,2020,Royal Challengers Bengaluru,Rajasthan Royals,"DY Patil Stadium, Mumbai",0.2,0.4,-0.2,0.5347593582887701,0.48026315789473684,0.054496200394033245,0.5652173913043478,23,0.6666666666666666,0.5882352941176471,126.21875,118.00534759358288,124.59868421052632,151.50703741846894,151.30622353599105,-6.593336616943432,129.06417112299465,123.125,9.818181818181818,9.828947368421053,0.11043541913544708,0,0,1
800,2020,Rajasthan Royals,Mumbai Indians,"Wankhede Stadium, Mumbai",0.4,0.2,0.2,0.477124183006536,0.5431472081218274,-0.0660230251152914,0.21428571428571427,14,0.5714285714285714,0.4666666666666667,118.61538461538461,124.56862745098039,121.57868020304568,151.26190476190476,150.3798581025931,2.9899472479347082,123.33986928104575,124.18274111675127,9.830065359477125,9.802030456852792,-0.1836264345170484,0,0,0
815,2020,Sunrisers Hyderabad,Kolkata Knight Riders,"M. Chinnaswamy Stadium, Bengaluru",0.6,0.4,0.19999999999999996,0.45989304812834225,0.5619047619047619,-0.10201171377641965,0.4827586206896552,29,0.5384615384615384,0.5833333333333334,135.28571428571428,127.83957219251337,119.20476190476191,151.9095126135858,147.661180911933,8.634810287751463,121.60427807486631,123.04761904761905,9.871657754010695,9.880952380952381,0.01841303242018988,0,1,0
801,2020,Rajasthan Royals,Chennai Super Kings,"M. A. Chidambaram Stadium, Chennai",0.4,0.8,-0.4,0.474025974025974,0.5316455696202531,-0.057619595594279094,0.4117647058823529,17,0.75,0.6,117.35087719298245,124.79220779220779,128.76582278481013,151.23947430550092,155.10406342913777,-3.973614992602336,123.31168831168831,120.96835443037975,9.831168831168831,9.860759493670885,-0.10513279676506038,0,0,0
803,2020,Chennai Super Kings,Mumbai Indians,"Himachal Pradesh Cricket Association Stadium, Dharamsala",0.8,0.4,0.4,0.5345911949685535,0.5454545454545454,-0.010863350485991963,0.5833333333333334,24,0.375,0.5,119.47826086956522,128.83018867924528,121.56565656565657,155.2876961564703,150.49393522570963,7.264532113588714,120.53459119496856,124.35858585858585,9.861635220125786,9.803030303030303,-0.06846482893178774,1,0,1
804,2020,Kolkata Knight Riders,Sunrisers Hyderabad,"Brabourne Stadium, Mumbai",0.6,0.4,0.19999999999999996,0.5639810426540285,0.4574468085106383,0.1065342341433902,0.5333333333333333,30,0.5,0.4117647058823529,119.37931034482759,118.95734597156398,127.75,147.62969062463242,151.87175920070823,-8.792654028436019,122.99052132701422,121.31382978723404,9.881516587677725,9.872340425531915,-0.017380276187868304,1,0,1
805,2020,Kolkata Knight Riders,Mumbai Indians,"Rajiv Gandhi Intl. Cricket Stadium, Hyderabad",0.8,0.4,0.4,0.5660377358490566,0.542713567839196,0.02332416800986059,0.6060606060606061,33,0.5,0.3076923076923077,112.55357142857143,119.01886792452831,121.31658291457286,147.66781763914088,150.43619142572282,-2.297714990044554,122.8254716981132,124.1608040201005,9.882075471698114,9.804020100502512,-0.06984079416151978,1,0,1
822,2020,Chennai Super Kings,Royal Challengers Bengaluru,"Eden Gardens, Kolkata",0.8,0.2,0.6000000000000001,0.5375,0.5372340425531915,0.00026595744680846245,0.36363636363636365,22,0.2857142857142857,0.6666666666666666,125.40384615384616,128.55625,118.20744680851064,155.2846142231617,151.5996998430998,10.348803191489367,120.23125,129.0159574468085,9.8625,9.819148936170214,0.008752893328729527,0,0,1
807,2020,Sunrisers Hyderabad,Punjab Kings,"Arun Jaitley Stadium, Delhi",0.4,0.6,-0.19999999999999996,0.455026455026455,0.4772727272727273,-0.02224627224627229,0.5625,16,0.5,0.45454545454545453,119.02083333333333,127.53968253968254,129.1875,151.7660391613675,151.94466720128307,-1.6478174603174551,121.37037037037037,121.73295454545455,9.873015873015873,9.863636363636363,0.02845752687986014,0,0,0
827,2020,Punjab Kings,Mumbai Indians,"Wankhede Stadium, Mumbai",0.8,0.4,0.4,0.480225988700565,0.54,-0.05977401129943505,0.43478260869565216,23,0.5333333333333333,0.5,119.37735849056604,128.88135593220338,121.135,151.8168507919606,150.45022666583867,7.746355932203372,121.6045197740113,124.045,9.864406779661017,9.805,-0.06477501389322349,0,1,1
828,2020,Rajasthan Royals,Sunrisers Hyderabad,"DY Patil Stadium, Mumbai",0.2,0.2,0.0,0.47096774193548385,0.45263157894736844,0.018336162988115412,0.5454545454545454,22,0.5555555555555556,0.46153846153846156,126.67692307692307,124.3225806451613,127.38947368421053,151.23214566002196,151.77776384272903,-3.0668930390492335,123.41290322580645,121.12631578947368,9.832258064516129,9.873684210526315,-0.10762692432234289,0,1,0
829,2020,Chennai Super Kings,Royal Challengers Bengaluru,"M. A. Chidambaram Stadium, Chennai",0.8,0.2,0.6000000000000001,0.5403726708074534,0.5343915343915344,0.0059811364159190195,0.391304347826087,23,0.6666666666666666,0.75,116.22413793103448,129.1863354037267,118.51851851851852,155.6112524315427,151.7923697228434,10.667816885208182,120.58385093167702,129.55026455026456,9.863354037267081,9.804232804232804,0.00420337846136043,1,1,0
813,2020,Punjab Kings,Rajasthan Royals,"Arun Jaitley Stadium, Delhi",1.0,0.0,1.0,0.48314606741573035,0.46794871794871795,0.0151973494670124,0.45,20,0.5,0.42857142857142855,118.61224489795919,129.3988764044944,124.5448717948718,152.0731546282847,151.25729855975086,4.854004609622592,121.38202247191012,123.2948717948718,9.865168539325843,9.833333333333334,0.09261463203619158,0,0,0
816,2020,Royal Challengers Bengaluru,Delhi Capitals,"Wankhede Stadium, Mumbai",0.4,0.4,0.0,0.5368421052631579,0.5153061224489796,0.021535982814178345,0.52,25,0.5714285714285714,0.8888888888888888,121.25925925925925,118.22105263157894,120.42857142857143,151.74976354546683,148.98693429274758,-2.2075187969924883,129.5157894736842,125.94897959183673,9.805263157894737,9.903061224489797,-0.17991619636954148,0,1,0
817,2020,Kolkata Knight Riders,Sunrisers Hyderabad,"Punjab Cricket Association Stadium, Mohali",1.0,0.4,0.6,0.568075117370892,0.45549738219895286,0.11257773517193914,0.5483870967741935,31,0.47058823529411764,0.4166666666666667,125.25454545454545,118.93427230046949,127.27225130890052,147.55941286113702,151.67529793473514,-8.337979008431034,122.64788732394366,121.32460732984293,9.88262910798122,9.87434554973822,-0.01779745702756763,1,1,0
818,2020,Kolkata Knight Riders,Chennai Super Kings,"Holkar Cricket Stadium, Indore",0.8,0.8,0.0,0.5654205607476636,0.5370370370370371,0.028383523710626468,0.5714285714285714,28,0.4444444444444444,0.36363636363636365,125.1,118.87383177570094,129.14814814814815,147.6008123005512,155.75076304622942,-10.274316372447217,122.50467289719626,120.22222222222223,9.883177570093459,9.864197530864198,0.0010728980985987846,0,1,0
823,2020,Kolkata Knight Riders,Chennai Super Kings,"Himachal Pradesh Cricket Association Stadium, Dharamsala",0.6,0.8,-0.20000000000000007,0.5627906976744186,0.5398773006134969,0.02291339706092166,0.5517241379310345,29,0.5555555555555556,0.4444444444444444,118.74468085106383,118.66511627906976,128.90184049079755,147.55074894453762,155.67163073275543,-10.23672421172779,122.34883720930233,119.93865030674847,9.883720930232558,9.865030674846626,0.003304726807048297,1,0,0
824,2020,Mumbai Indians,Royal Challengers Bengaluru,"Punjab Cricket Association Stadium, Mohali",0.2,0.4,-0.2,0.5373134328358209,0.5340314136125655,0.003282019223255439,0.4583333333333333,24,0.14285714285714285,0.4375,124.91071428571429,120.94029850746269,118.28795811518324,150.4269801980198,151.64104973488153,2.6523403922794415,124.5273631840796,129.04712041884818,9.800995024875622,9.806282722513089,0.0677316806128232,0,1,1
825,2020,Rajasthan Royals,Punjab Kings,"Ekana Cricket Stadium, Lucknow",0.2,0.8,-0.6000000000000001,0.4713375796178344,0.48044692737430167,-0.009109347756467268,0.5714285714285714,21,0.5,0.45454545454545453,118.0,124.39490445859873,129.43575418994413,151.26636201688484,151.95776218272448,-5.0408497313454035,123.37579617834395,121.26815642458101,9.834394904458598,9.865921787709498,-0.0999325472105852,1,1,0
826,2020,Sunrisers Hyderabad,Kolkata Knight Riders,"M. A. Chidambaram Stadium, Chennai",0.4,0.4,0.0,0.4583333333333333,0.5601851851851852,-0.10185185185185192,0.46875,32,0.36363636363636365,0.5,116.33898305084746,127.08854166666667,119.0925925925926,151.8136004479562,147.74567801964275,7.995949074074076,121.24479166666667,122.77777777777777,9.875,9.87962962962963,0.002693354588554797,1,1,1
830,2020,Delhi Capitals,Punjab Kings,"Rajiv Gandhi Intl. Cricket Stadium, Hyderabad",0.4,0.8,-0.4,0.5177664974619289,0.48333333333333334,0.034433164128595595,0.5666666666666667,30,0.8461538461538461,0.5,112.35087719298245,120.02030456852792,129.30555555555554,148.89168765743074,151.9553437357185,-9.285250987027624,125.9746192893401,121.40555555555555,9.903553299492385,9.866666666666667,0.19415802856497422,0,0,1
831,2021,Delhi Capitals,Mumbai Indians,"Maharashtra Cricket Association Stadium, Pune",0.6,0.4,0.19999999999999996,0.5202020202020202,0.5396039603960396,-0.019401940194019418,0.4482758620689655,29,0.46153846153846156,0.625,117.96491228070175,120.14646464646465,120.85148514851485,149.00720325712496,150.4128157732594,-0.7050205020502034,125.83333333333333,124.47524752475248,9.904040404040405,9.801980198019802,0.10817975541802483,1,1,0
832,2021,Royal Challengers Bengaluru,Kolkata Knight Riders,"Narendra Modi Stadium, Ahmedabad",0.4,0.2,0.2,0.53125,0.5576036866359447,-0.02635368663594473,0.4444444444444444,27,0.5333333333333333,0.6,113.22950819672131,118.265625,119.23502304147465,151.61247245776858,147.86832780889245,-0.9693980414746477,128.91145833333334,122.70506912442396,9.807291666666666,9.880184331797235,0.0014581767258707856,0,0,0
834,2021,Punjab Kings,Royal Challengers Bengaluru,"Maharashtra Cricket Association Stadium, Pune",0.6,0.4,0.19999999999999996,0.48066298342541436,0.53125,-0.05058701657458564,0.4782608695652174,23,0.38461538461538464,0.42857142857142855,118.43103448275862,129.13259668508286,118.265625,151.8812138540516,151.61247245776858,10.86697168508286,121.53591160220995,128.91145833333334,9.867403314917127,9.807291666666666,-0.00722461006048114,0,1,1
833,2021,Punjab Kings,Delhi Capitals,"M. A. Chidambaram Stadium, Chennai",0.6,0.4,0.19999999999999996,0.4835164835164835,0.5175879396984925,-0.03407145618200896,0.41935483870967744,31,0.4166666666666667,0.35714285714285715,116.18333333333334,128.74725274725276,120.2713567839196,151.8108195659216,149.13078696491993,8.475895963333159,121.36813186813187,126.02010050251256,9.868131868131869,9.904522613065327,-0.1935955143793464,0,0,1
838,2021,Royal Challengers Bengaluru,Delhi Capitals,"M. A. Chidambaram Stadium, Chennai",0.2,0.4,-0.2,0.5257731958762887,0.515,0.010773195876288666,0.5,26,0.7647058823529411,0.3333333333333333,115.55737704918033,118.11855670103093,120.02,151.52416848508895,149.10242872228088,-1.9014432989690704,128.28865979381445,125.78,9.809278350515465,9.905,-0.1785194291437957,0,1,0
842,2021,Kolkata Knight Riders,Delhi Capitals,"Sawai Mansingh Stadium, Jaipur",0.2,0.6,-0.39999999999999997,0.5596330275229358,0.5174129353233831,0.042220092199552695,0.4642857142857143,28,0.9285714285714286,0.6,114.47058823529412,119.04587155963303,119.81592039800995,147.8830702604137,149.13921228635127,-0.7700488383769226,122.6788990825688,125.80099502487562,9.880733944954128,9.90547263681592,-0.1785574126418421,1,1,1
835,2021,Kolkata Knight Riders,Mumbai Indians,"Holkar Cricket Stadium, Indore",0.4,0.4,0.0,0.5616438356164384,0.541871921182266,0.019771914434172366,0.6176470588235294,34,0.4,0.6666666666666666,124.09803921568627,119.31963470319634,121.05911330049261,148.05938013485184,150.60979346693634,-1.7394785972962694,122.8310502283105,124.57635467980296,9.872146118721462,9.80295566502463,-0.08676420128438345,0,1,1
837,2021,Rajasthan Royals,Punjab Kings,"Narendra Modi Stadium, Ahmedabad",0.2,0.6,-0.39999999999999997,0.46835443037974683,0.48633879781420764,-0.017984367434460802,0.5454545454545454,22,0.3333333333333333,0.5,113.29032258064517,124.53164556962025,128.46994535519124,151.2026435103358,151.62850693324734,-3.9382997855709903,123.26582278481013,121.08743169398907,9.835443037974683,9.868852459016393,-0.10065781777734806,1,1,0
843,2021,Mumbai Indians,Kolkata Knight Riders,"Sawai Mansingh Stadium, Jaipur",0.4,0.4,0.0,0.541871921182266,0.5616438356164384,-0.019771914434172366,0.38235294117647056,34,0.6666666666666666,0.9333333333333333,115.71153846153847,121.05911330049261,119.31963470319634,150.60979346693634,148.05938013485184,1.7394785972962694,124.57635467980296,122.8310502283105,9.80295566502463,9.872146118721462,0.08676420128438345,0,0,1
845,2021,Chennai Super Kings,Mumbai Indians,"Wankhede Stadium, Mumbai",0.8,0.6,0.20000000000000007,0.5426829268292683,0.5414634146341464,0.0012195121951219523,0.6,25,0.5833333333333334,0.47058823529411764,121.43636363636364,129.4268292682927,120.9560975609756,155.87868106043916,150.6348338497054,8.470731707317086,120.4939024390244,124.67317073170732,9.853658536585366,9.804878048780488,-0.07351090695154383,0,0,0
836,2021,Rajasthan Royals,Kolkata Knight Riders,"Maharashtra Cricket Association Stadium, Pune",0.2,0.6,-0.39999999999999997,0.46540880503144655,0.5610859728506787,-0.09567716781923219,0.46153846153846156,26,0.4444444444444444,0.5263157894736842,117.42372881355932,124.20754716981132,119.45701357466064,151.00932864352347,148.23965410747374,4.750533595150685,123.47169811320755,122.71945701357465,9.836477987421384,9.873303167420815,-0.09106347966185524,1,1,1
840,2021,Delhi Capitals,Kolkata Knight Riders,"Holkar Cricket Stadium, Indore",0.4,0.6,-0.19999999999999996,0.5148514851485149,0.5585585585585585,-0.04370707341004365,0.5172413793103449,29,0.45454545454545453,0.45454545454545453,124.75,119.9950495049505,119.41441441441441,148.998032948119,148.3242880322274,0.5806350905360915,126.06435643564356,122.64864864864865,9.905940594059405,9.873873873873874,0.1884658662441101,0,1,0
849,2021,Delhi Capitals,Rajasthan Royals,"M. Chinnaswamy Stadium, Bengaluru",0.4,0.4,0.0,0.5148514851485149,0.46875,0.046101485148514865,0.5,18,0.6,0.18181818181818182,134.8,119.9950495049505,124.1,148.998032948119,151.14561924335845,-4.1049504950494935,126.06435643564356,123.3875,9.905940594059405,9.8375,0.2789183042655452,1,1,0
841,2021,Kolkata Knight Riders,Mumbai Indians,"Arun Jaitley Stadium, Delhi",0.6,0.8,-0.20000000000000007,0.5605381165919282,0.5436893203883495,0.01684879620357871,0.6111111111111112,36,0.5625,0.5,118.96,119.30493273542601,120.68932038834951,148.32469197747673,150.51459014408525,-1.3843876529235075,122.65022421524664,124.66504854368932,9.874439461883409,9.805825242718447,-0.08724833945000476,0,0,1
855,2021,Sunrisers Hyderabad,Royal Challengers Bengaluru,"Eden Gardens, Kolkata",0.6,0.0,0.6,0.46113989637305697,0.5230769230769231,-0.06193702670386614,0.43478260869565216,23,0.5454545454545454,0.625,127.37735849056604,126.98445595854922,118.17948717948718,151.59275066493473,151.50220235355994,8.804968779062037,121.39378238341969,128.03589743589743,9.875647668393782,9.810256410256411,0.02164706648630421,0,1,1
839,2021,Mumbai Indians,Delhi Capitals,"DY Patil Stadium, Mumbai",0.6,0.2,0.39999999999999997,0.5410628019323671,0.5098039215686274,0.031258880363739694,0.5666666666666667,30,0.5,0.5555555555555556,127.16666666666667,120.89371980676329,120.34803921568627,150.49915804666827,149.00163864781211,0.5456805910770157,124.96135265700484,126.16176470588235,9.797101449275363,9.906862745098039,-0.10463097570196744,0,0,1
856,2021,Punjab Kings,Rajasthan Royals,"M. Chinnaswamy Stadium, Bengaluru",0.8,0.6,0.20000000000000007,0.4891304347826087,0.4720496894409938,0.01708074534161491,0.4782608695652174,23,0.5,0.25,135.86274509803923,128.6195652173913,124.42857142857143,151.71485351625105,151.21527777777777,4.190993788819881,120.82608695652173,123.79503105590062,9.869565217391305,9.832298136645962,0.07196362717857951,0,0,0
857,2021,Mumbai Indians,Royal Challengers Bengaluru,"Wankhede Stadium, Mumbai",0.6,0.0,0.6,0.5432692307692307,0.5204081632653061,0.02286106750392458,0.48,25,0.5,0.5333333333333333,121.46428571428571,120.92307692307692,118.27551020408163,150.5026328386788,151.5460547819834,2.647566718995293,124.85096153846153,127.99489795918367,9.798076923076923,9.811224489795919,0.08947571352225303,0,1,0
858,2021,Delhi Capitals,Mumbai Indians,"Wankhede Stadium, Mumbai",0.2,0.6,-0.39999999999999997,0.5073170731707317,0.5406698564593302,-0.033352783288598475,0.41935483870967744,31,0.9,0.47368421052631576,121.14035087719299,120.25853658536586,120.83732057416267,148.9877319151508,150.5155253590798,-0.5787839887968147,126.16585365853659,125.14354066985646,9.907317073170733,9.794258373205741,0.10409613162864062,1,0,1
859,2021,Kolkata Knight Riders,Chennai Super Kings,"M. Chinnaswamy Stadium, Bengaluru",0.6,0.6,0.0,0.5625,0.5393939393939394,0.023106060606060574,0.5333333333333333,30,0.6153846153846154,0.5833333333333334,135.92307692307693,119.60267857142857,129.38787878787878,148.3690535526389,155.75253520099218,-9.785200216450207,122.83035714285714,120.16363636363636,9.875,9.854545454545455,-0.0103391235203798,1,0,0
860,2021,Chennai Super Kings,Royal Challengers Bengaluru,"Maharashtra Cricket Association Stadium, Pune",0.6,0.2,0.39999999999999997,0.5421686746987951,0.5228426395939086,0.019326035104886508,0.375,24,0.6923076923076923,0.375,117.25,129.4578313253012,118.61928934010152,155.7472097405421,151.57293896348187,10.838541985199697,119.95180722891567,127.86802030456853,9.855421686746988,9.812182741116752,0.012131860930137961,0,0,1
861,2021,Chennai Super Kings,Mumbai Indians,"Eden Gardens, Kolkata",0.8,0.4,0.4,0.5449101796407185,0.5380952380952381,0.006814941545480457,0.5769230769230769,26,0.3333333333333333,0.5454545454545454,127.24074074074075,129.4251497005988,120.88095238095238,155.5411629245826,150.45637743006165,8.544197319646429,120.03592814371258,125.07619047619048,9.8562874251497,9.795238095238096,-0.06142211560261934,1,1,0
862,2021,Sunrisers Hyderabad,Delhi Capitals,"M. Chinnaswamy Stadium, Bengaluru",0.8,0.2,0.6000000000000001,0.4639175257731959,0.5097087378640777,-0.04579121209088177,0.4827586206896552,29,0.5,0.5454545454545454,134.96226415094338,126.94845360824742,120.2135922330097,151.40784458379443,148.81317228531938,6.734861375237713,121.47422680412372,126.18446601941747,9.876288659793815,9.907766990291263,-0.15547850576955113,1,0,0
848,2021,Sunrisers Hyderabad,Kolkata Knight Riders,"Himachal Pradesh Cricket Association Stadium, Dharamsala",0.8,0.4,0.4,0.46153846153846156,0.56,-0.09846153846153849,0.48484848484848486,33,0.5833333333333334,0.5,120.66666666666667,127.06666666666666,119.44888888888889,151.38999205718824,148.38780918727917,7.617777777777775,121.47179487179487,122.91111111111111,9.876923076923077,9.875555555555556,0.024502521491596596,1,0,0
869,2021,Mumbai Indians,Chennai Super Kings,"Punjab Cricket Association Stadium, Mohali",0.4,0.6,-0.19999999999999996,0.5402843601895735,0.5416666666666666,-0.0013823064770931426,0.4444444444444444,27,0.25,0.7777777777777778,124.52631578947368,121.0,129.83928571428572,150.51880674448768,155.72927821803384,-8.839285714285722,125.42654028436019,120.19047619047619,9.796208530805687,9.857142857142858,0.06730666761333026,0,1,1
850,2021,Rajasthan Royals,Royal Challengers Bengaluru,"Sawai Mansingh Stadium, Jaipur",0.6,0.2,0.39999999999999997,0.47530864197530864,0.5202020202020202,-0.04489337822671158,0.4166666666666667,24,0.2857142857142857,0.23076923076923078,115.62264150943396,124.5246913580247,118.6969696969697,151.19922050667068,151.64537359659312,5.827721661054994,123.88888888888889,127.84848484848484,9.833333333333334,9.813131313131313,-0.06817330087073792,0,1,1
870,2021,Chennai Super Kings,Sunrisers Hyderabad,"Arun Jaitley Stadium, Delhi",0.4,0.6,-0.19999999999999996,0.5384615384615384,0.45918367346938777,0.07927786499215067,0.5652173913043478,23,0.6666666666666666,0.4444444444444444,120.27450980392157,129.67455621301775,127.04081632653062,155.69053708439898,151.478282029444,2.6337398864871346,120.28402366863905,121.3265306122449,9.857988165680473,9.877551020408163,0.002513598885595769,1,1,1
844,2021,Mumbai Indians,Sunrisers Hyderabad,"Rajiv Gandhi Intl. Cricket Stadium, Hyderabad",0.6,0.6,0.0,0.5424528301886793,0.45918367346938777,0.08326915671929153,0.6153846153846154,26,0.2857142857142857,0.5333333333333333,112.91379310344827,121.07075471698113,127.04081632653062,150.5484192621268,151.478282029444,-5.970061609549489,125.31603773584905,121.3265306122449,9.797169811320755,9.877551020408163,0.06670307091896888,1,1,0
873,2021,Royal Challengers Bengaluru,Sunrisers Hyderabad,"Sawai Mansingh Stadium, Jaipur",0.2,0.4,-0.2,0.5175879396984925,0.4595959595959596,0.05799198010253287,0.5416666666666666,24,0.21428571428571427,0.35294117647058826,116.42592592592592,118.73366834170854,126.57575757575758,151.5100993908304,151.48694390715667,-7.842089234049041,128.00502512562815,121.58080808080808,9.798994974874372,9.878787878787879,-0.024928054932390253,1,1,1
852,2021,Punjab Kings,Royal Challengers Bengaluru,"Ekana Cricket Stadium, Lucknow",0.6,0.2,0.39999999999999997,0.4864864864864865,0.5175879396984925,-0.03110145321200597,0.5,24,0.5,0.5,118.51851851851852,128.67567567567568,118.73366834170854,151.75953079178885,151.5100993908304,9.94200733396714,120.92972972972973,128.00502512562815,9.87027027027027,9.798994974874372,0.006654769658682724,0,0,0
846,2021,Punjab Kings,Mumbai Indians,"Arun Jaitley Stadium, Delhi",0.6,0.4,0.19999999999999996,0.4838709677419355,0.539906103286385,-0.0560351355444495,0.4583333333333333,24,0.46153846153846156,0.47368421052631576,120.34615384615384,128.6505376344086,121.29577464788733,151.85302703388754,150.49804858158095,7.35476298652128,121.16129032258064,125.01877934272301,9.870967741935484,9.7981220657277,-0.0939285953011737,0,1,1
854,2021,Delhi Capitals,Chennai Super Kings,"DY Patil Stadium, Mumbai",0.4,0.6,-0.19999999999999996,0.5120772946859904,0.5411764705882353,-0.029099175902244867,0.2857142857142857,21,0.5263157894736842,0.5,127.16417910447761,120.21739130434783,129.64117647058825,148.70921477231983,155.4779541446208,-9.423785166240421,126.29951690821257,120.16470588235295,9.908212560386474,9.858823529411765,0.1577960111514436,0,0,0
878,2021,Sunrisers Hyderabad,Chennai Super Kings,"Sawai Mansingh Stadium, Jaipur",0.2,0.6,-0.39999999999999997,0.457286432160804,0.543859649122807,-0.08657321696200304,0.4166666666666667,24,0.3333333333333333,0.6923076923076923,117.7090909090909,126.52763819095478,129.53216374269005,151.46174205967276,155.4822406289485,-3.00452555173527,121.90954773869346,119.88304093567251,9.869346733668342,9.859649122807017,-0.003005692872021015,0,1,1
847,2021,Sunrisers Hyderabad,Kolkata Knight Riders,"M. A. Chidambaram Stadium, Chennai",0.4,0.6,-0.19999999999999996,0.46,0.5619469026548672,-0.10194690265486722,0.47058823529411764,34,0.4166666666666667,0.4666666666666667,115.79032258064517,126.24,119.33185840707965,151.24902653806984,148.3280167198328,6.9081415929203445,121.77,122.90707964601769,9.87,9.876106194690266,0.008527131105054764,0,1,0
881,2021,Mumbai Indians,Royal Challengers Bengaluru,"Narendra Modi Stadium, Ahmedabad",0.4,0.6,-0.19999999999999996,0.5373831775700935,0.5223880597014925,0.014995117868600971,0.46153846153846156,26,0.55,0.5,112.65079365079364,121.24766355140187,119.29850746268657,150.47845502522762,151.5356420626896,1.9491560887152986,125.28504672897196,127.93034825870647,9.799065420560748,9.800995024875622,0.09872304898889794,1,0,0
884,2021,Rajasthan Royals,Chennai Super Kings,"Wankhede Stadium, Mumbai",0.8,0.4,0.4,0.4785276073619632,0.5406976744186046,-0.06217006705664141,0.3888888888888889,18,0.5,0.5384615384615384,120.96551724137932,124.7361963190184,129.32558139534885,151.0325360273362,155.54157051954408,-4.589385076330444,123.90184049079754,119.58720930232558,9.83435582822086,9.86046511627907,-0.08388955816167254,0,1,0
886,2021,Rajasthan Royals,Kolkata Knight Riders,"Ekana Cricket Stadium, Lucknow",0.8,0.8,0.0,0.47560975609756095,0.5638766519823789,-0.08826689588481795,0.48148148148148145,27,0.42857142857142855,0.6428571428571429,118.61818181818182,124.57926829268293,119.0704845814978,151.02749852158485,148.28286153170947,5.508783711185131,123.90243902439025,122.59030837004406,9.835365853658537,9.876651982378855,-0.08983539860131984,0,1,1
888,2021,Rajasthan Royals,Delhi Capitals,"Maharashtra Cricket Association Stadium, Pune",0.8,0.4,0.4,0.47878787878787876,0.5096153846153846,-0.03082750582750582,0.5263157894736842,19,0.5,0.42857142857142855,117.36065573770492,124.33939393939394,119.98557692307692,151.1753002726402,148.50937221065158,4.353817016317024,123.91515151515152,126.22596153846153,9.836363636363636,9.908653846153847,-0.2719842097460994,1,0,1
851,2021,Rajasthan Royals,Punjab Kings,"Sawai Mansingh Stadium, Jaipur",0.8,0.6,0.20000000000000007,0.4819277108433735,0.48663101604278075,-0.0047033051994072594,0.5416666666666666,24,0.3333333333333333,0.6,116.83928571428571,124.30722891566265,128.93582887700535,151.21647369192436,151.89945189945192,-4.628599961342701,124.28313253012048,121.10695187165776,9.825301204819278,9.871657754010695,-0.0704952041314808,0,0,0
891,2021,Mumbai Indians,Punjab Kings,"Arun Jaitley Stadium, Delhi",0.4,0.6,-0.19999999999999996,0.5348837209302325,0.48663101604278075,0.04825270488745176,0.52,25,0.45,0.5,121.50943396226415,121.4046511627907,128.93582887700535,150.4351334217048,151.89945189945192,-7.53117771421465,125.52558139534884,121.10695187165776,9.8,9.871657754010695,0.09597131149772764,1,0,0
892,2021,Chennai Super Kings,Rajasthan Royals,"DY Patil Stadium, Mumbai",0.6,0.6,0.0,0.5433526011560693,0.47904191616766467,0.06431068498840464,0.631578947368421,19,0.5294117647058824,0.5263157894736842,126.3529411764706,129.29479768786126,124.47305389221557,155.4628857381151,151.29922119513793,4.821743795645688,119.46820809248555,124.23353293413173,9.861271676300579,9.826347305389222,0.0767743308751836,0,1,1
853,2021,Kolkata Knight Riders,Rajasthan Royals,"Holkar Cricket Stadium, Indore",0.6,0.4,0.19999999999999996,0.5614035087719298,0.47619047619047616,0.08521303258145363,0.5,28,0.5,0.3333333333333333,124.71698113207547,119.10087719298245,124.24404761904762,148.3312394166166,151.2097942625326,-5.1431704260651685,122.42543859649123,123.89880952380952,9.87719298245614,9.827380952380953,0.09102666365336631,1,0,1
866,2021,Sunrisers Hyderabad,Chennai Super Kings,"Arun Jaitley Stadium, Delhi",0.4,0.8,-0.4,0.4577114427860697,0.5459770114942529,-0.08826556870818325,0.44,25,0.4,0.75,121.4074074074074,125.86567164179104,128.94252873563218,151.16515296367112,155.37396121883657,-3.0768570938411415,121.46268656716418,119.27586206896552,9.870646766169154,9.862068965517242,0.01821896416340607,0,1,0
867,2021,Royal Challengers Bengaluru,Sunrisers Hyderabad,"M. A. Chidambaram Stadium, Chennai",0.6,0.4,0.19999999999999996,0.5247524752475248,0.45544554455445546,0.06930693069306931,0.56,25,0.7222222222222222,0.38461538461538464,114.76190476190476,119.58415841584159,125.74752475247524,151.50526843953838,151.2324362943558,-6.163366336633658,128.06435643564356,121.4059405940594,9.801980198019802,9.871287128712872,-0.026055263854303234,0,0,1
868,2021,Delhi Capitals,Kolkata Knight Riders,"Punjab Cricket Association Stadium, Mohali",0.4,0.6,-0.19999999999999996,0.507177033492823,0.5633187772925764,-0.05614174379975345,0.5,30,0.5,0.4444444444444444,124.72413793103448,120.29665071770334,119.28384279475982,148.54948301329392,148.29533116178067,1.012807922943523,126.19138755980862,122.43668122270742,9.909090909090908,9.87772925764192,0.1786183067554905,0,0,1
871,2021,Kolkata Knight Riders,Delhi Capitals,"Rajiv Gandhi Intl. Cricket Stadium, Hyderabad",0.6,0.6,0.0,0.5608695652173913,0.5095238095238095,0.051345755693581796,0.4838709677419355,31,0.5294117647058824,0.8571428571428571,113.86440677966101,119.13478260869566,120.57142857142857,148.27380952380952,148.7137319393868,-1.4366459627329107,122.67826086956522,125.9952380952381,9.878260869565217,9.90952380952381,-0.1678279425257614,0,0,1
872,2021,Mumbai Indians,Sunrisers Hyderabad,"Arun Jaitley Stadium, Delhi",0.2,0.2,0.0,0.5324074074074074,0.45320197044334976,0.07920543696405768,0.5925925925925926,27,0.42857142857142855,0.36363636363636365,121.05454545454545,121.37962962962963,125.5911330049261,150.34981075811447,151.1710643344204,-4.2115033752964735,125.49537037037037,121.27586206896552,9.800925925925926,9.87192118226601,0.06320877943487702,0,0,0
874,2021,Punjab Kings,Delhi Capitals,"Holkar Cricket Stadium, Indore",0.6,0.4,0.19999999999999996,0.49206349206349204,0.5071090047393365,-0.015045512675844475,0.4375,32,0.6666666666666666,0.4166666666666667,125.38888888888889,128.8148148148148,120.76777251184834,151.78304239401496,148.7826239271326,8.047042302966474,121.24338624338624,126.18009478672985,9.873015873015873,9.909952606635072,-0.20416229198996128,0,1,1
876,2021,Punjab Kings,Sunrisers Hyderabad,"DY Patil Stadium, Mumbai",0.8,0.4,0.4,0.49473684210526314,0.45588235294117646,0.03885448916408668,0.47058823529411764,17,0.47058823529411764,0.5,125.5072463768116,129.1421052631579,125.3578431372549,151.9695280564846,151.01570804299044,3.7842621259029983,121.17368421052632,121.1029411764706,9.873684210526315,9.872549019607844,-0.03192937445033017,0,1,1
863,2021,Royal Challengers Bengaluru,Sunrisers Hyderabad,"Narendra Modi Stadium, Ahmedabad",0.8,0.2,0.6000000000000001,0.5270935960591133,0.45365853658536587,0.07343505947374745,0.5769230769230769,26,0.5294117647058824,0.5333333333333333,113.3125,119.46305418719211,125.01951219512195,151.54033618696494,150.84755738669807,-5.556458007929834,127.89655172413794,121.16585365853659,9.80295566502463,9.873170731707317,-0.02949751242212173,0,1,0
880,2021,Kolkata Knight Riders,Mumbai Indians,"Maharashtra Cricket Association Stadium, Pune",0.6,0.0,0.6,0.5627705627705628,0.5299539170506913,0.03281664571987153,0.6216216216216216,37,0.5,0.6470588235294118,117.38709677419355,119.33333333333333,121.21658986175115,148.38779135490122,150.29998285812238,-1.8832565284178173,122.84848484848484,125.27649769585254,9.878787878787879,9.80184331797235,-0.0461526659202125,0,1,1
864,2021,Sunrisers Hyderabad,Punjab Kings,"Maharashtra Cricket Association Stadium, Pune",0.4,1.0,-0.6,0.4563106796116505,0.4973821989528796,-0.0410715193412291,0.5,18,0.25,0.42857142857142855,117.5079365079365,124.75728155339806,129.1675392670157,150.777354062775,151.98053348118032,-4.4102577136176535,121.32038834951456,120.83246073298429,9.87378640776699,9.87434554973822,0.042097929331514905,0,0,1
865,2021,Punjab Kings,Kolkata Knight Riders,"Arun Jaitley Stadium, Delhi",0.8,0.6,0.20000000000000007,0.4947916666666667,0.5646551724137931,-0.06986350574712646,0.4,25,0.5333333333333333,0.5882352941176471,120.42857142857143,129.43229166666666,119.35775862068965,152.04968184043074,148.3022707797772,10.074533045977006,120.72395833333333,122.83620689655173,9.875,9.879310344827585,-0.048189201145326876,0,1,1
882,2021,Royal Challengers Bengaluru,Rajasthan Royals,"Sawai Mansingh Stadium, Jaipur",0.8,0.4,0.4,0.5245098039215687,0.47337278106508873,0.05113702285647992,0.56,25,0.26666666666666666,0.3125,117.45614035087719,119.62745098039215,124.24852071005917,151.50235907623542,151.24972988547142,-4.621069729667013,127.61764705882354,124.11834319526628,9.803921568627452,9.828402366863905,0.06378635219240714,1,0,0
875,2021,Punjab Kings,Kolkata Knight Riders,"Holkar Cricket Stadium, Indore",0.8,0.6,0.20000000000000007,0.49740932642487046,0.5622317596566524,-0.06482243323178194,0.4230769230769231,26,0.7142857142857143,0.5384615384615384,126.58181818181818,129.4455958549223,119.3175965665236,152.20543438528088,148.25618600682594,10.127999288398684,120.66839378238342,122.87553648068669,9.875647668393782,9.879828326180258,-0.06038356131656819,1,0,1
877,2021,Delhi Capitals,Rajasthan Royals,"Wankhede Stadium, Mumbai",0.2,0.4,-0.2,0.5047169811320755,0.4764705882352941,0.028246392896781436,0.45,20,0.9090909090909091,0.4444444444444444,120.59322033898304,120.70754716981132,124.12352941176471,148.64943363345918,151.35929990674987,-3.4159822419533867,126.48584905660377,123.91176470588235,9.910377358490566,9.829411764705883,0.29086805473495225,1,1,1
879,2021,Chennai Super Kings,Punjab Kings,"M. A. Chidambaram Stadium, Chennai",0.8,0.8,0.0,0.5485714285714286,0.5,0.0485714285714286,0.5,14,0.5714285714285714,0.46153846153846156,114.453125,128.83428571428573,129.58762886597938,155.35037552539103,152.23446772435508,-0.753343151693656,119.17714285714285,120.68041237113403,9.862857142857143,9.876288659793815,0.04261986768675641,1,1,0
883,2021,Rajasthan Royals,Kolkata Knight Riders,"Holkar Cricket Stadium, Indore",0.2,0.4,-0.2,0.47368421052631576,0.5598290598290598,-0.08614484930274408,0.4827586206896552,29,0.3125,0.5,127.125,124.26315789473684,119.33333333333333,151.46482286691852,148.1693728112066,4.929824561403507,123.84210526315789,123.02136752136752,9.830409356725147,9.88034188034188,-0.12503308000839475,0,1,0
885,2021,Punjab Kings,Kolkata Knight Riders,"Punjab Cricket Association Stadium, Mohali",0.8,0.6,0.20000000000000007,0.5025641025641026,0.5617021276595745,-0.05913802509547195,0.4444444444444444,27,0.42857142857142855,0.42105263157894735,125.62711864406779,129.62564102564102,119.31914893617021,152.18857246071406,148.21079338231408,10.306492089470808,120.59487179487179,123.26808510638298,9.876923076923077,9.872340425531915,-0.07516860640636303,1,1,1
887,2021,Sunrisers Hyderabad,Delhi Capitals,"Eden Gardens, Kolkata",0.6,0.4,0.19999999999999996,0.45893719806763283,0.5070422535211268,-0.04810505545349392,0.4666666666666667,30,0.5833333333333334,0.36363636363636365,128.54545454545453,124.6376811594203,120.66666666666667,150.75376884422113,148.49780448347585,3.971014492753625,121.60386473429952,126.5868544600939,9.8743961352657,9.910798122065728,-0.19183892054475393,1,0,0
889,2021,Chennai Super Kings,Sunrisers Hyderabad,"M. A. Chidambaram Stadium, Chennai",0.6,0.6,0.0,0.5454545454545454,0.4567307692307692,0.0887237762237762,0.5769230769230769,26,0.5,0.35714285714285715,114.29230769230769,128.6931818181818,124.98076923076923,155.211402727335,150.9114129803785,3.7124125874125866,119.2784090909091,121.5625,9.863636363636363,9.875,-0.01586403926284774,0,0,1
890,2021,Punjab Kings,Mumbai Indians,"M. A. Chidambaram Stadium, Chennai",0.8,0.0,0.8,0.5051020408163265,0.5275229357798165,-0.02242089496348998,0.5,26,0.5,0.631578947368421,114.5,129.73979591836735,121.21100917431193,152.1419169558454,150.17049329393043,8.528786744055424,120.53571428571429,125.27522935779817,9.877551020408163,9.802752293577981,-0.1115009049343314,0,0,1
893,2022,Chennai Super Kings,Royal Challengers Bengaluru,"Arun Jaitley Stadium, Delhi",0.8,0.6,0.20000000000000007,0.5480225988700564,0.5219512195121951,0.026071379357861302,0.4,25,0.8,0.3,120.63157894736842,128.68926553672316,119.47804878048781,155.12122037591936,151.4437642985222,9.211216756235345,119.66666666666667,127.49756097560976,9.864406779661017,9.804878048780488,0.02252927218393097,0,1,1
894,2022,Punjab Kings,Delhi Capitals,"Eden Gardens, Kolkata",1.0,0.6,0.4,0.5076142131979695,0.5093457943925234,-0.001731581194553855,0.45454545454545453,33,0.4444444444444444,0.4166666666666667,129.75,129.82741116751268,120.63084112149532,152.09324452901998,148.46445824706694,9.196570046017357,120.18781725888324,126.91121495327103,9.878172588832488,9.911214953271028,-0.2687134114569716,1,1,1
895,2022,Sunrisers Hyderabad,Rajasthan Royals,"Punjab Cricket Association Stadium, Mohali",0.4,0.2,0.2,0.45454545454545453,0.47093023255813954,-0.01638477801268501,0.4782608695652174,23,0.46153846153846156,0.5,126.06666666666666,125.2822966507177,124.59302325581395,151.04701471012402,151.4594671001484,0.6892733949037506,121.5933014354067,123.79651162790698,9.875598086124402,9.831395348837209,0.1055291120596138,1,1,0
896,2022,Kolkata Knight Riders,Lucknow Super Giants,"M. A. Chidambaram Stadium, Chennai",0.4,0.5,-0.09999999999999998,0.559322033898305,0.5,0.05932203389830504,0.5,0,0.5,0.5,114.98507462686567,119.27542372881356,160.0,148.22284239903112,130.0,-40.724576271186436,123.38983050847457,160.0,9.872881355932204,6.0,1.045351004348726,0,1,0
898,2022,Gujarat Titans,Kolkata Knight Riders,"Ekana Cricket Stadium, Lucknow",0.5,0.2,0.3,0.5,0.5569620253164557,-0.05696202531645567,0.5,0,0.5,0.6,118.01785714285714,160.0,119.54430379746836,130.0,148.35061262959474,40.45569620253164,160.0,123.66666666666667,6.0,9.873417721518987,-1.051575046324892,0,0,1
900,2022,Rajasthan Royals,Delhi Capitals,"Wankhede Stadium, Mumbai",0.4,0.4,0.0,0.47398843930635837,0.5069767441860465,-0.03298830487968818,0.5238095238095238,21,0.4,0.9166666666666666,120.45,124.878612716763,120.89302325581396,151.40514401850166,148.45784784098697,3.9855894609490434,123.60115606936417,127.13953488372093,9.832369942196532,9.911627906976744,-0.31582342181103407,1,0,1
903,2022,Kolkata Knight Riders,Mumbai Indians,"Ekana Cricket Stadium, Lucknow",0.2,0.0,0.2,0.5546218487394958,0.5251141552511416,0.029507693488354247,0.631578947368421,38,0.5625,0.625,118.89473684210526,119.84453781512605,120.89497716894977,148.4181496513685,150.0992119734679,-1.0504393538237196,123.8529411764706,125.37442922374429,9.873949579831933,9.80365296803653,-0.022536915579909333,0,1,0
897,2022,Kolkata Knight Riders,Chennai Super Kings,"Himachal Pradesh Cricket Association Stadium, Dharamsala",0.2,0.8,-0.6000000000000001,0.5523012552301255,0.550561797752809,0.0017394574773165195,0.5161290322580645,31,0.5454545454545454,0.5,120.6938775510204,119.64435146443515,128.52808988764045,148.3143153526971,155.07354436385822,-8.883738423205301,123.92887029288703,119.59550561797752,9.874476987447698,9.865168539325843,0.04467715871324884,1,1,1
908,2022,Kolkata Knight Riders,Mumbai Indians,"DY Patil Stadium, Mumbai",0.2,0.2,0.0,0.5541666666666667,0.5272727272727272,0.02689393939393947,0.6153846153846154,39,0.47368421052631576,0.5555555555555556,125.62857142857143,119.69166666666666,120.99090909090908,148.30915380246785,150.22292454427452,-1.299242424242422,123.87916666666666,125.13181818181818,9.875,9.804545454545455,-0.007403681882614421,1,1,1
901,2022,Rajasthan Royals,Chennai Super Kings,"Ekana Cricket Stadium, Lucknow",0.6,0.6,0.0,0.47701149425287354,0.547486033519553,-0.07047453926667951,0.35,20,0.5,0.35714285714285715,118.08620689655173,124.8103448275862,128.43575418994413,151.57035175879398,155.08634646519158,-3.625409362357928,123.60919540229885,119.65921787709497,9.833333333333334,9.865921787709498,-0.09284150444944572,0,1,1
899,2022,Royal Challengers Bengaluru,Mumbai Indians,"Sawai Mansingh Stadium, Jaipur",0.4,0.2,0.2,0.5194174757281553,0.5248868778280543,-0.00546940209989899,0.5555555555555556,27,0.25,0.7,116.96551724137932,119.41747572815534,121.07692307692308,151.32874015748033,150.1739813671568,-1.659447348767742,127.36407766990291,124.96832579185521,9.805825242718447,9.805429864253394,-0.07110698679112737,0,1,1
912,2022,Mumbai Indians,Sunrisers Hyderabad,"Sawai Mansingh Stadium, Jaipur",0.2,0.4,-0.2,0.5225225225225225,0.4523809523809524,0.07014157014157013,0.5714285714285714,28,0.6363636363636364,0.3684210526315789,116.59322033898304,121.15315315315316,125.11428571428571,150.1563197856186,150.95662166044238,-3.9611325611325583,124.83333333333333,121.84285714285714,9.806306306306306,9.861904761904762,0.03832508227488418,0,1,0
904,2022,Royal Challengers Bengaluru,Delhi Capitals,"Punjab Cricket Association Stadium, Mohali",0.4,0.4,0.0,0.5217391304347826,0.5046296296296297,0.017109500805152944,0.48148148148148145,27,0.4117647058823529,0.5294117647058824,125.47540983606558,119.29951690821257,120.91203703703704,151.15994368611126,148.5608646188851,-1.612520128824471,127.41545893719807,127.07407407407408,9.806763285024154,9.912037037037036,-0.23903307109721617,1,1,1
905,2022,Lucknow Super Giants,Punjab Kings,"Brabourne Stadium, Mumbai",1.0,1.0,0.0,1.0,0.51010101010101,0.48989898989898994,0.5,0,0.5,0.46153846153846156,119.59322033898304,189.0,130.06060606060606,168.75,152.08173389239946,58.93939393939394,183.0,120.47474747474747,10.0,9.858585858585858,1.2945749188881557,1,0,1
902,2022,Chennai Super Kings,Delhi Capitals,"Wankhede Stadium, Mumbai",0.4,0.4,0.0,0.5444444444444444,0.5023041474654378,0.042140296979006564,0.7272727272727273,22,0.5714285714285714,0.8461538461538461,120.32786885245902,128.7722222222222,120.82949308755761,155.25117213663765,148.48793747876317,7.942729134664603,119.65,126.74193548387096,9.866666666666667,9.912442396313365,-0.22627503266807558,0,0,1
907,2022,Lucknow Super Giants,Sunrisers Hyderabad,"Narendra Modi Stadium, Ahmedabad",1.0,0.4,0.6,1.0,0.4549763033175355,0.5450236966824644,0.5,0,0.5,0.5625,113.92307692307692,137.5,125.27488151658768,169.7530864197531,151.1407170221282,12.225118483412317,181.0,122.27014218009478,10.0,9.85781990521327,0.744190230875585,1,0,0
923,2022,Rajasthan Royals,Sunrisers Hyderabad,"Eden Gardens, Kolkata",0.6,0.4,0.19999999999999996,0.48,0.45754716981132076,0.022452830188679218,0.5416666666666666,24,0.5,0.5384615384615384,130.56140350877192,124.77142857142857,125.34905660377359,151.41113653699466,151.1002444987775,-0.577628032345018,123.98285714285714,122.52358490566037,9.834285714285715,9.858490566037736,-0.10910274852374613,0,1,0
924,2022,Punjab Kings,Kolkata Knight Riders,"Eden Gardens, Kolkata",0.8,0.4,0.4,0.507537688442211,0.5560165975103735,-0.048478909068162435,0.4642857142857143,28,0.5,0.6923076923076923,128.93103448275863,130.30653266331657,119.5643153526971,152.1058188643829,148.33976833976834,10.74221731061948,120.30150753768844,123.9460580912863,9.859296482412061,9.87551867219917,-0.0928462160189305,1,1,0
926,2022,Delhi Capitals,Mumbai Indians,"Ekana Cricket Stadium, Lucknow",0.2,0.2,0.0,0.5,0.5201793721973094,-0.020179372197309364,0.4375,32,0.375,0.6666666666666666,118.08474576271186,121.03669724770643,121.56053811659193,148.54472780498787,150.33274179236912,-0.5238408688855003,127.10550458715596,124.98654708520179,9.912844036697248,9.807174887892376,0.1672017457773176,0,0,0
910,2022,Lucknow Super Giants,Kolkata Knight Riders,"Arun Jaitley Stadium, Delhi",0.6666666666666666,0.6,0.06666666666666665,0.6666666666666666,0.5578512396694215,0.10881542699724511,0.5,1,0.5,0.5555555555555556,120.27586206896552,150.33333333333334,119.54545454545455,172.79693486590037,148.35897435897436,30.787878787878796,167.66666666666666,123.66115702479338,10.0,9.87603305785124,0.3668853172800244,0,1,1
927,2022,Mumbai Indians,Lucknow Super Giants,"M. A. Chidambaram Stadium, Chennai",0.4,0.6666666666666666,-0.2666666666666666,0.5223214285714286,0.6666666666666666,-0.14434523809523803,0.5,0,0.6,1.0,115.98529411764706,121.54017857142857,150.33333333333334,150.27322404371583,172.79693486590037,-28.793154761904773,125.03571428571429,167.66666666666666,9.808035714285714,10.0,-0.34757432432432545,1,0,0
911,2022,Sunrisers Hyderabad,Lucknow Super Giants,"Eden Gardens, Kolkata",0.6,0.8,-0.20000000000000007,0.460093896713615,0.8,-0.33990610328638504,0.5,1,0.5714285714285714,0.5,127.67796610169492,125.50234741784037,135.6,151.14780052018546,162.98076923076923,-10.097652582159625,122.11737089201878,128.4,9.859154929577464,10.0,-0.2175528121936008,0,0,0
906,2022,Rajasthan Royals,Mumbai Indians,"M. Chinnaswamy Stadium, Bengaluru",0.6,0.2,0.39999999999999997,0.4772727272727273,0.52,-0.042727272727272725,0.2,15,0.3076923076923077,0.5333333333333333,135.24074074074073,124.26704545454545,121.28,151.2726518190621,150.256043169429,2.987045454545452,124.17613636363636,125.34666666666666,9.835227272727273,9.80888888888889,-0.1443205190734531,0,0,1
913,2022,Rajasthan Royals,Punjab Kings,"Arun Jaitley Stadium, Delhi",0.8,0.6,0.20000000000000007,0.480225988700565,0.505,-0.024774011299435017,0.52,25,0.5,0.5625,118.77966101694915,124.26553672316385,129.93,151.42857142857142,152.107234839616,-5.664463276836159,124.65536723163842,120.275,9.813559322033898,9.86,-0.016035460505930743,0,1,1
934,2022,Royal Challengers Bengaluru,Punjab Kings,"Himachal Pradesh Cricket Association Stadium, Dharamsala",0.4,0.4,0.0,0.5240384615384616,0.5024875621890548,0.021550899349406794,0.52,25,0.7,0.5,120.9,118.99038461538461,129.92537313432837,151.06201171875,152.11439888164026,-10.934988518943754,127.29807692307692,120.03980099502488,9.807692307692308,9.860696517412935,0.03779191450558095,0,0,1
935,2022,Gujarat Titans,Kolkata Knight Riders,"M. Chinnaswamy Stadium, Bengaluru",1.0,0.6,0.4,1.0,0.5555555555555556,0.4444444444444444,0.5,1,0.5,0.5714285714285714,135.03636363636363,168.0,119.36625514403292,176.8421052631579,148.35310965630114,48.63374485596708,191.0,123.28395061728395,9.0,9.876543209876543,0.4924036281179145,1,1,1
916,2022,Lucknow Super Giants,Royal Challengers Bengaluru,"M. Chinnaswamy Stadium, Bengaluru",0.8,0.6,0.20000000000000007,0.8333333333333334,0.5263157894736842,0.3070175438596492,0.5,0,0.5,0.7,134.30357142857142,128.33333333333334,118.92344497607655,156.1866125760649,151.0391346621293,9.40988835725679,134.33333333333334,127.09569377990431,10.0,9.808612440191387,0.14854818239864542,0,0,0
940,2022,Lucknow Super Giants,Mumbai Indians,"Arun Jaitley Stadium, Delhi",0.6,0.2,0.39999999999999997,0.7142857142857143,0.5176991150442478,0.1965865992414665,0.5,1,1.0,0.4090909090909091,118.01666666666667,135.14285714285714,121.66814159292035,157.4043261231281,150.41299710081506,13.47471554993679,140.71428571428572,125.34070796460178,10.0,9.809734513274336,0.28526577065590253,1,0,0
917,2022,Mumbai Indians,Sunrisers Hyderabad,"Maharashtra Cricket Association Stadium, Pune",0.4,0.6,-0.19999999999999996,0.5198237885462555,0.45794392523364486,0.061879863312610695,0.5517241379310345,29,0.6111111111111112,0.3076923076923077,117.234375,121.55506607929516,125.6822429906542,150.41155628236578,151.1096128996011,-4.127176911359044,125.13656387665198,121.9766355140187,9.810572687224669,9.85981308411215,0.05520764985852544,1,1,1
909,2022,Gujarat Titans,Chennai Super Kings,"Sawai Mansingh Stadium, Jaipur",1.0,0.6,0.4,1.0,0.5469613259668509,0.4530386740331491,0.5,0,0.5,0.6428571428571429,118.18333333333334,131.0,129.1988950276243,169.03225806451613,155.3923848760715,1.8011049723756969,139.5,119.9060773480663,9.5,9.867403314917127,-0.014121556140109348,0,0,1
942,2022,Royal Challengers Bengaluru,Rajasthan Royals,"Holkar Cricket Stadium, Indore",0.8,0.8,0.0,0.5285714285714286,0.48314606741573035,0.04542536115569823,0.5384615384615384,26,0.8,0.29411764705882354,128.0701754385965,119.20952380952382,123.97752808988764,151.19888868756416,151.21282718925585,-4.768004280363826,127.32857142857142,124.67977528089888,9.80952380952381,9.814606741573034,0.040160547564084936,0,0,1
920,2022,Sunrisers Hyderabad,Royal Challengers Bengaluru,"Holkar Cricket Stadium, Indore",0.6,1.0,-0.4,0.4558139534883721,0.5308056872037915,-0.0749917337154194,0.4444444444444444,27,0.46153846153846156,0.8181818181818182,127.94827586206897,125.84651162790698,119.21800947867298,151.04672584156756,151.0901555648988,6.628502149233995,121.87441860465117,127.32227488151659,9.86046511627907,9.810426540284361,0.0338270472146025,0,0,1
948,2022,Punjab Kings,Rajasthan Royals,"Maharashtra Cricket Association Stadium, Pune",0.2,0.6,-0.39999999999999997,0.5,0.48044692737430167,0.01955307262569833,0.46153846153846156,26,0.4,0.5454545454545454,116.96923076923076,129.7029702970297,123.98882681564245,152.0074263170109,151.1646914589293,5.714143481387254,119.96534653465346,124.65921787709497,9.861386138613861,9.815642458100559,0.00899115332938294,1,1,0
922,2022,Mumbai Indians,Royal Challengers Bengaluru,"Holkar Cricket Stadium, Indore",0.6,0.8,-0.20000000000000007,0.5219298245614035,0.5283018867924528,-0.006372062231049358,0.42857142857142855,28,0.625,0.75,126.66101694915254,121.46052631578948,118.99528301886792,150.3501818774092,150.93334928802201,2.4652432969215567,125.29385964912281,126.96698113207547,9.81140350877193,9.81132075471698,0.09341709326707992,1,1,1
914,2022,Kolkata Knight Riders,Mumbai Indians,"Wankhede Stadium, Mumbai",0.6,0.6,0.0,0.5532786885245902,0.5240174672489083,0.02926122127568187,0.625,40,0.47058823529411764,0.45,121.70967741935483,119.23770491803279,121.50218340611353,148.30257926394128,150.38374229812993,-2.2644784880807407,123.1639344262295,125.79912663755458,9.87704918032787,9.803493449781659,-0.04534286200334314,0,0,1
915,2022,Sunrisers Hyderabad,Punjab Kings,"Arun Jaitley Stadium, Delhi",0.6,0.0,0.6,0.4583333333333333,0.4975369458128079,-0.03920361247947457,0.5263157894736842,19,0.4166666666666667,0.5294117647058824,117.37704918032787,125.50462962962963,129.82266009852216,150.97460458899533,151.89625360230548,-4.31803046889253,121.64351851851852,120.06896551724138,9.86111111111111,9.862068965517242,0.053319755161751914,1,0,0
928,2022,Punjab Kings,Delhi Capitals,"Ekana Cricket Stadium, Lucknow",0.2,0.0,0.2,0.5,0.4977168949771689,0.002283105022831078,0.47058823529411764,34,0.46153846153846156,0.35294117647058826,118.38333333333334,129.55392156862746,121.10502283105023,151.90826531785262,148.6659192825112,8.448898737577224,120.29411764705883,127.05936073059361,9.862745098039216,9.91324200913242,-0.26678915944199844,0,0,0
918,2022,Mumbai Indians,Royal Challengers Bengaluru,"Arun Jaitley Stadium, Delhi",0.6,0.6,0.0,0.5217391304347826,0.5258215962441315,-0.004082465809348901,0.4482758620689655,29,0.43478260869565216,0.2727272727272727,118.16129032258064,121.43913043478261,119.5680751173709,150.3930648287745,151.2890578590947,1.8710553174117166,125.63913043478261,126.98591549295774,9.804347826086957,9.812206572769954,0.10883621175014824,0,1,1
931,2022,Punjab Kings,Lucknow Super Giants,"Narendra Modi Stadium, Ahmedabad",0.2,0.6,-0.39999999999999997,0.4975609756097561,0.625,-0.1274390243902439,0.5,1,0.5384615384615384,0.0,114.86363636363636,129.2439024390244,128.125,151.89474287679872,153.67316341829084,1.1189024390243958,120.54146341463415,135.125,9.863414634146341,10.0,-0.36490182719302666,1,1,0
919,2022,Chennai Super Kings,Lucknow Super Giants,"DY Patil Stadium, Mumbai",0.4,0.6,-0.19999999999999996,0.5439560439560439,0.6666666666666666,-0.12271062271062272,0.5,0,0.5555555555555556,0.5,125.11267605633803,129.51098901098902,135.88888888888889,155.38928076999144,155.40025412960608,-6.377899877899864,119.9065934065934,134.0,9.868131868131869,10.0,-0.3608744633299068,0,0,0
933,2022,Delhi Capitals,Sunrisers Hyderabad,"Maharashtra Cricket Association Stadium, Pune",0.2,0.4,-0.2,0.5,0.45622119815668205,0.04377880184331795,0.5483870967741935,31,0.4,0.2857142857142857,117.53030303030303,121.33181818181818,125.69124423963133,148.79041248606467,151.04945450517803,-4.3594260578131525,126.78181818181818,121.42857142857143,9.913636363636364,9.861751152073733,0.216907996294335,1,0,1
921,2022,Sunrisers Hyderabad,Chennai Super Kings,"M. A. Chidambaram Stadium, Chennai",0.2,0.2,0.0,0.4541284403669725,0.5409836065573771,-0.08685516619040462,0.4074074074074074,27,0.3333333333333333,0.5555555555555556,115.21739130434783,125.48165137614679,129.4207650273224,151.08251408372914,155.28455284552845,-3.9391136511756173,121.29816513761467,119.85245901639344,9.862385321100918,9.868852459016393,0.010125628387843477,0,1,1
936,2022,Delhi Capitals,Sunrisers Hyderabad,"Himachal Pradesh Cricket Association Stadium, Dharamsala",0.4,0.4,0.0,0.502262443438914,0.45662100456621,0.045641438872704,0.5625,32,0.4166666666666667,0.5384615384615384,120.58823529411765,121.20361990950227,125.57077625570776,148.79457838017998,151.30674002751033,-4.3671563462054905,126.57013574660634,121.17351598173516,9.914027149321267,9.863013698630137,0.22026935029352934,1,0,0
925,2022,Lucknow Super Giants,Chennai Super Kings,"Holkar Cricket Stadium, Indore",0.6,0.2,0.39999999999999997,0.7,0.5380434782608695,0.16195652173913044,0.5,1,0.5,0.4166666666666667,126.73333333333333,133.3,129.22826086956522,154.81997677119628,155.22914218566393,4.071739130434793,131.9,119.98913043478261,10.0,9.869565217391305,0.22751439667871942,1,1,1
944,2022,Punjab Kings,Rajasthan Royals,"Brabourne Stadium, Mumbai",0.2,0.6,-0.39999999999999997,0.49514563106796117,0.48333333333333334,0.01181229773462783,0.4444444444444444,27,0.42857142857142855,0.6470588235294118,119.03333333333333,129.2233009708738,124.08333333333333,151.93196735346154,151.2903881324934,5.139967637540465,120.91747572815534,124.82222222222222,9.864077669902912,9.816666666666666,0.04269087591210763,1,0,1
945,2022,Royal Challengers Bengaluru,Punjab Kings,"Brabourne Stadium, Mumbai",0.4,0.4,0.0,0.5233644859813084,0.4975845410628019,0.025779944918506437,0.5384615384615384,26,0.4375,0.4666666666666667,118.04918032786885,119.92056074766356,128.8840579710145,151.386267107126,151.70590242238146,-8.963497223350942,126.92056074766356,120.8792270531401,9.813084112149532,9.864734299516908,0.0107174667918013,0,1,0
946,2022,Punjab Kings,Delhi Capitals,"Himachal Pradesh Cricket Association Stadium, Dharamsala",0.6,0.4,0.19999999999999996,0.5,0.5,0.0,0.45714285714285713,35,0.4666666666666667,0.38461538461538464,121.3076923076923,128.68269230769232,121.36936936936937,151.7518993083116,148.9030118817353,7.313322938322955,120.875,126.76576576576576,9.865384615384615,9.914414414414415,-0.265138564488268,0,1,0
929,2022,Delhi Capitals,Sunrisers Hyderabad,"Sawai Mansingh Stadium, Jaipur",0.6,0.6,0.0,0.5022421524663677,0.4590909090909091,0.043151243375458614,0.5454545454545454,33,0.5454545454545454,0.4,118.21311475409836,121.34529147982063,125.77272727272727,148.90221757552413,151.43388791593694,-4.4274357929066355,126.75336322869956,121.3409090909091,9.914798206278027,9.863636363636363,0.21709170740714612,1,0,0
930,2022,Sunrisers Hyderabad,Royal Challengers Bengaluru,"Wankhede Stadium, Mumbai",0.6,0.2,0.39999999999999997,0.46153846153846156,0.5209302325581395,-0.059391771019677964,0.4642857142857143,28,0.14285714285714285,0.5625,121.19047619047619,125.87782805429865,119.92093023255813,151.5031042370112,151.45978969629326,5.956897821740512,121.39819004524887,126.73488372093023,9.864253393665159,9.813953488372093,0.032445169359943904,1,0,0
932,2022,Delhi Capitals,Mumbai Indians,"Himachal Pradesh Cricket Association Stadium, Dharamsala",0.6,0.8,-0.20000000000000007,0.5,0.5238095238095238,-0.023809523809523836,0.42424242424242425,33,0.42857142857142855,0.45454545454545453,121.35849056603773,121.40178571428571,121.40259740259741,148.86139697832274,150.28938906752413,-0.0008116883116997542,126.85267857142857,125.93939393939394,9.915178571428571,9.805194805194805,0.13881164046381933,0,0,1
937,2022,Gujarat Titans,Punjab Kings,"M. A. Chidambaram Stadium, Chennai",1.0,0.4,0.6,1.0,0.49760765550239233,0.5023923444976077,0.5,0,0.5,0.5333333333333333,115.64285714285714,127.33333333333333,128.6602870813397,160.50420168067228,151.69807063071195,-1.3269537480063747,155.0,120.85167464114832,9.333333333333334,9.866028708133971,0.1359603403976415,0,1,0
938,2022,Sunrisers Hyderabad,Lucknow Super Giants,"DY Patil Stadium, Mumbai",0.6,0.6,0.0,0.4594594594594595,0.7272727272727273,-0.2678132678132678,0.5,2,0.4666666666666667,1.0,124.94444444444444,125.67117117117117,132.63636363636363,151.36176215277777,155.047821466525,-6.965192465192459,121.42792792792793,128.36363636363637,9.864864864864865,10.0,-0.19796864483874366,0,1,1
939,2022,Chennai Super Kings,Delhi Capitals,"Brabourne Stadium, Mumbai",0.2,0.6,-0.39999999999999997,0.5351351351351351,0.5022222222222222,0.03291291291291287,0.7391304347826086,23,0.7777777777777778,0.42857142857142855,118.08064516129032,129.03243243243244,121.37333333333333,155.18788193992978,148.8959162532032,7.659099099099109,120.02162162162162,126.70222222222222,9.87027027027027,9.915555555555555,-0.20394478419401985,1,1,0
941,2022,Royal Challengers Bengaluru,Gujarat Titans,"DY Patil Stadium, Mumbai",0.2,0.75,-0.55,0.5231481481481481,0.75,-0.22685185185185186,0.5,0,0.7142857142857143,0.5,124.95890410958904,119.95833333333333,111.5,151.4112078536785,154.32525951557093,8.458333333333329,126.51851851851852,172.75,9.814814814814815,9.0,-0.7498152054652891,1,1,1
943,2022,Delhi Capitals,Rajasthan Royals,"Narendra Modi Stadium, Ahmedabad",0.6,0.6,0.0,0.504424778761062,0.48066298342541436,0.023761795335647595,0.45454545454545453,22,0.47058823529411764,0.3,115.01492537313433,121.43362831858407,124.02209944751381,148.94979647218454,151.08359133126933,-2.58847112892974,126.70796460176992,124.45856353591161,9.915929203539823,9.817679558011049,0.3001396737269424,1,0,0
947,2022,Chennai Super Kings,Royal Challengers Bengaluru,"Rajiv Gandhi Intl. Cricket Stadium, Hyderabad",0.0,0.4,-0.4,0.532258064516129,0.5253456221198156,0.00691244239631339,0.4230769230769231,26,0.5,0.36363636363636365,114.71666666666667,129.0268817204301,120.13824884792626,155.08239095315025,151.52571926765475,8.888632872503848,120.10215053763442,126.29032258064517,9.870967741935484,9.815668202764977,0.059429060164287506,1,0,1
949,2023,Chennai Super Kings,Royal Challengers Bengaluru,"Sawai Mansingh Stadium, Jaipur",0.2,0.4,-0.2,0.5347593582887701,0.5229357798165137,0.011823578472256346,0.4444444444444444,27,0.6,0.29411764705882354,118.46774193548387,128.81283422459893,119.9862385321101,155.02638692238384,151.5205931761571,8.826595692488837,119.92513368983957,126.11926605504587,9.871657754010695,9.81651376146789,0.06100437872365916,1,1,1
950,2023,Chennai Super Kings,Gujarat Titans,"DY Patil Stadium, Mumbai",0.4,0.6,-0.19999999999999996,0.5372340425531915,0.6,-0.06276595744680846,0.5,1,0.5263157894736842,0.0,125.41891891891892,128.71808510638297,104.6,154.81415136587552,146.91011235955057,24.118085106382978,119.75531914893617,170.0,9.872340425531915,9.2,-0.8116536060092532,0,1,0
951,2023,Kolkata Knight Riders,Sunrisers Hyderabad,"Punjab Cricket Association Stadium, Mohali",0.6,0.8,-0.20000000000000007,0.5551020408163265,0.4618834080717489,0.09321863274457765,0.5428571428571428,35,0.4,0.42857142857142855,124.33870967741936,119.11428571428571,125.67264573991031,148.29513694801565,151.29838579063866,-6.558360025624594,123.09795918367347,121.42152466367713,9.877551020408163,9.865470852017937,0.034359853494237313,1,0,0
957,2023,Royal Challengers Bengaluru,Kolkata Knight Riders,"DY Patil Stadium, Mumbai",0.4,0.4,0.0,0.5205479452054794,0.5528455284552846,-0.03229758324980514,0.42857142857142855,28,0.75,0.5,126.48,119.84018264840182,119.21138211382114,151.51252742177576,148.2683654380909,0.6288005345806766,126.05022831050228,123.20325203252033,9.817351598173516,9.878048780487806,-0.09115582759492824,1,0,0
952,2023,Sunrisers Hyderabad,Rajasthan Royals,"DY Patil Stadium, Mumbai",0.8,0.6,0.20000000000000007,0.4642857142857143,0.4835164835164835,-0.019230769230769218,0.48,25,0.5,0.5,126.59210526315789,125.77678571428571,123.91208791208791,151.22920021470748,151.2744834987926,1.8646978021977958,121.51785714285714,124.31318681318682,9.866071428571429,9.81868131868132,0.08717161910192672,0,0,1
960,2023,Chennai Super Kings,Mumbai Indians,"M. Chinnaswamy Stadium, Bengaluru",0.4,0.6,-0.19999999999999996,0.5343915343915344,0.521551724137931,0.012839810253603368,0.5357142857142857,28,0.6153846153846154,0.5,135.03508771929825,129.1216931216931,121.28017241379311,154.9361945273316,150.11203585147248,7.841520707900003,119.97354497354497,125.89224137931035,9.851851851851851,9.806034482758621,-0.08308584537197561,1,1,1
961,2023,Lucknow Super Giants,Delhi Capitals,"Arun Jaitley Stadium, Delhi",0.6,0.6,0.0,0.6666666666666666,0.5022026431718062,0.16446402349486045,0.5,0,0.5,0.5833333333333334,118.07936507936508,131.58333333333334,121.33039647577093,155.8736426456071,149.02066875879234,10.252936857562418,128.16666666666666,126.6079295154185,10.0,9.916299559471366,-0.10204836181448407,0,1,0
953,2023,Gujarat Titans,Kolkata Knight Riders,"Wankhede Stadium, Mumbai",0.6,0.4,0.19999999999999996,0.6666666666666666,0.5546558704453441,0.11201079622132248,0.5,2,0.5,0.5,120.546875,114.0,119.57894736842105,143.69747899159663,148.4295693250917,-5.578947368421055,175.83333333333334,123.25101214574899,9.166666666666666,9.870445344129555,0.8800500524638455,0,0,0
963,2023,Delhi Capitals,Gujarat Titans,"Ekana Cricket Stadium, Lucknow",0.6,0.4,0.19999999999999996,0.5043859649122807,0.5714285714285714,-0.06704260651629068,0.5,0,0.3888888888888889,1.0,117.52459016393442,121.32456140350877,115.42857142857143,149.09718104888697,145.84837545126354,5.895989974937336,126.80263157894737,160.71428571428572,9.916666666666666,9.285714285714286,-0.4382659255972019,0,1,1
954,2023,Sunrisers Hyderabad,Punjab Kings,"DY Patil Stadium, Mumbai",0.8,0.6,0.20000000000000007,0.4666666666666667,0.5,-0.033333333333333326,0.5,20,0.5294117647058824,0.5,125.53246753246754,125.41777777777777,129.1238095238095,151.11384813109137,151.9444133139079,-3.7060317460317407,121.4088888888889,120.58095238095238,9.866666666666667,9.866666666666667,0.042170190952985465,0,0,0
955,2023,Sunrisers Hyderabad,Mumbai Indians,"Sawai Mansingh Stadium, Jaipur",0.6,0.4,0.19999999999999996,0.4646017699115044,0.51931330472103,-0.054711534809525564,0.43333333333333335,30,0.42857142857142855,0.5833333333333334,118.34920634920636,125.42477876106194,121.09871244635193,151.00953598636193,150.1010745824024,4.326066314710019,121.34070796460178,125.81115879828326,9.867256637168142,9.806866952789699,-0.09232284600618534,0,1,0
958,2023,Delhi Capitals,Gujarat Titans,"Eden Gardens, Kolkata",0.8,0.2,0.6000000000000001,0.5065502183406113,0.5,0.0065502183406113135,0.5,1,0.38461538461538464,0.5,128.28333333333333,121.20087336244542,122.125,149.10018802041364,146.6966966966967,-0.9241266375545791,126.98689956331877,152.25,9.91703056768559,9.375,-0.38350539040966325,1,1,1
967,2023,Gujarat Titans,Rajasthan Royals,"Ekana Cricket Stadium, Lucknow",0.2,0.4,-0.2,0.5,0.4808743169398907,0.01912568306010931,0.5,0,0.5,0.5555555555555556,117.12903225806451,122.125,123.76502732240438,146.6966966966967,151.21511550273735,-1.6400273224043787,152.25,123.87978142076503,9.375,9.819672131147541,0.7015043731959931,1,1,1
956,2023,Kolkata Knight Riders,Chennai Super Kings,"Eden Gardens, Kolkata",0.6,0.6,0.0,0.5564516129032258,0.5368421052631579,0.019609507640067858,0.53125,32,0.7142857142857143,0.3125,127.85245901639344,119.37903225806451,129.00526315789475,148.34151718609078,154.8389134554643,-9.626230899830233,123.25403225806451,119.7578947368421,9.870967741935484,9.852631578947369,0.01830437209535063,1,1,0
972,2023,Delhi Capitals,Chennai Super Kings,"DY Patil Stadium, Mumbai",0.8,0.8,0.0,0.508695652173913,0.5392670157068062,-0.030571363532893248,0.2916666666666667,24,0.5,0.5,125.55128205128206,121.11739130434782,128.64921465968587,149.0715470648044,154.76475404673425,-7.531823355338048,127.16956521739131,119.57591623036649,9.917391304347825,9.853403141361257,0.22859764555320794,1,1,0
962,2023,Sunrisers Hyderabad,Punjab Kings,"M. A. Chidambaram Stadium, Chennai",0.6,0.8,-0.20000000000000007,0.46255506607929514,0.5023696682464455,-0.039814602167150326,0.47619047619047616,21,0.375,0.5625,114.91549295774648,125.0748898678414,129.01421800947867,150.94901377000372,151.82375906302286,-3.9393281416372616,121.31277533039648,120.61137440758294,9.86784140969163,9.867298578199053,0.04217358380426184,0,1,0
976,2023,Royal Challengers Bengaluru,Chennai Super Kings,"Rajiv Gandhi Intl. Cricket Stadium, Hyderabad",0.4,0.8,-0.4,0.5181818181818182,0.5416666666666666,-0.023484848484848442,0.5357142857142857,28,0.3333333333333333,0.5555555555555556,114.29508196721312,119.9090909090909,128.5625,151.2441233803463,154.79744136460553,-8.653409090909093,126.43181818181819,119.81770833333333,9.809090909090909,9.848958333333334,-0.03752771864349036,0,1,1
959,2023,Gujarat Titans,Punjab Kings,"Eden Gardens, Kolkata",0.4,0.8,-0.4,0.5,0.5047169811320755,-0.004716981132075526,0.5,1,0.0,0.45454545454545453,127.16129032258064,122.6,129.33962264150944,146.65071770334927,152.01241822818494,-6.739622641509442,140.5,120.9622641509434,9.5,9.86320754716981,0.42162087068908427,0,0,1
964,2023,Lucknow Super Giants,Kolkata Knight Riders,"M. A. Chidambaram Stadium, Chennai",0.6,0.6,0.0,0.6153846153846154,0.5542168674698795,0.06116774791473589,0.5,2,1.0,0.47058823529411764,116.02777777777777,134.6153846153846,119.24096385542168,157.79981965734896,148.24745356500898,15.37442075996293,127.53846153846153,123.00401606425703,10.0,9.8714859437751,0.1620037821034046,1,1,0
981,2023,Chennai Super Kings,Punjab Kings,"Wankhede Stadium, Mumbai",0.6,0.6,0.0,0.538860103626943,0.5023474178403756,0.03651268578656741,0.4666666666666667,15,0.6,0.5625,120.6,128.46113989637306,129.17840375586854,154.68555028699774,152.01657458563537,-0.717263859495489,119.55440414507773,121.32863849765258,9.849740932642487,9.863849765258216,0.02063137330643805,0,1,1
965,2023,Delhi Capitals,Lucknow Super Giants,"Himachal Pradesh Cricket Association Stadium, Dharamsala",0.6,0.4,0.19999999999999996,0.5064935064935064,0.5714285714285714,-0.06493506493506496,0.5,1,0.4666666666666667,0.5,121.24074074074075,121.31168831168831,132.42857142857142,149.0030307864093,157.92163543441228,-11.116883116883102,127.1038961038961,124.78571428571429,9.917748917748918,10.0,0.08497164253069656,1,1,1
986,2023,Royal Challengers Bengaluru,Chennai Super Kings,"M. A. Chidambaram Stadium, Chennai",0.4,0.8,-0.4,0.5203619909502263,0.5412371134020618,-0.020875122451835537,0.5517241379310345,29,0.7368421052631579,0.5,115.86301369863014,119.67873303167421,128.87113402061857,151.1803372392112,154.82412682685163,-9.192400988944357,126.3529411764706,119.30412371134021,9.809954751131222,9.850515463917526,-0.03327228603212973,1,1,1
968,2023,Gujarat Titans,Lucknow Super Giants,"Ekana Cricket Stadium, Lucknow",0.4,0.2,0.2,0.5454545454545454,0.5333333333333333,0.012121212121212088,0.5,0,0.6666666666666666,0.5,116.53968253968254,129.54545454545453,130.26666666666668,150.15806111696523,156.4451561248999,-0.7212121212121474,136.36363636363637,119.53333333333333,9.545454545454545,10.0,0.27554634157970526,0,1,1
990,2023,Chennai Super Kings,Royal Challengers Bengaluru,"Sawai Mansingh Stadium, Jaipur",0.6,0.4,0.19999999999999996,0.5384615384615384,0.5225225225225225,0.01593901593901592,0.43333333333333335,30,0.625,0.2777777777777778,117.21875,128.47179487179488,119.70270270270271,154.74705046636606,151.21201775349948,8.769092169092175,119.33333333333333,126.01351351351352,9.851282051282052,9.81081081081081,0.03907180281019329,0,1,0
970,2023,Lucknow Super Giants,Sunrisers Hyderabad,"Brabourne Stadium, Mumbai",0.0,0.4,-0.4,0.5,0.4605263157894737,0.03947368421052633,0.3333333333333333,3,1.0,0.3888888888888889,118.23809523809524,130.375,125.38157894736842,156.1377245508982,151.022241005864,4.993421052631575,117.4375,121.64912280701755,10.0,9.868421052631579,0.023425242772534105,1,0,0
993,2023,Mumbai Indians,Royal Challengers Bengaluru,"Wankhede Stadium, Mumbai",0.4,0.6,-0.19999999999999996,0.5213675213675214,0.5246636771300448,-0.0032961557625234006,0.4666666666666667,30,0.42857142857142855,0.5882352941176471,121.92424242424242,121.07264957264957,119.74439461883408,150.10596587898698,151.274643099932,1.3282549538154882,125.47008547008546,126.01793721973094,9.807692307692308,9.811659192825113,0.131369342027309,1,0,1
973,2023,Rajasthan Royals,Gujarat Titans,"Maharashtra Cricket Association Stadium, Pune",0.4,0.6,-0.19999999999999996,0.4782608695652174,0.5833333333333334,-0.10507246376811596,0.5,1,0.5833333333333334,0.5,117.16417910447761,123.55434782608695,125.91666666666667,151.11672427545867,149.0138067061144,-2.362318840579718,123.6413043478261,136.0,9.820652173913043,9.583333333333334,-0.43922489841436096,1,0,0
966,2023,Chennai Super Kings,Lucknow Super Giants,"Eden Gardens, Kolkata",0.4,0.0,0.4,0.5357142857142857,0.47058823529411764,0.06512605042016806,0.5,2,0.35294117647058826,1.0,128.3015873015873,128.46428571428572,129.23529411764707,154.79527849502028,156.59301496792588,-0.7710084033613498,119.38265306122449,117.47058823529412,9.85204081632653,10.0,-0.026187543232095933,0,0,1
1004,2023,Royal Challengers Bengaluru,Rajasthan Royals,"Maharashtra Cricket Association Stadium, Pune",0.6,0.2,0.39999999999999997,0.5223214285714286,0.4756756756756757,0.0466457528957529,0.5555555555555556,27,0.3333333333333333,0.5384615384615384,117.57352941176471,119.58928571428571,123.67027027027027,151.31043831902394,151.14619805773933,-4.080984555984557,125.76339285714286,123.7081081081081,9.8125,9.821621621621622,0.03899240640762791,0,1,0
978,2023,Lucknow Super Giants,Sunrisers Hyderabad,"M. Chinnaswamy Stadium, Bengaluru",0.0,0.4,-0.4,0.4444444444444444,0.462882096069869,-0.0184376516254246,0.25,4,0.0,0.4666666666666667,134.55172413793105,129.83333333333334,125.34934497816595,156.84563758389262,151.00741753906044,4.483988355167398,115.22222222222223,121.60262008733625,10.0,9.868995633187772,-0.11400332840837812,1,0,0
979,2023,Mumbai Indians,Punjab Kings,"Rajiv Gandhi Intl. Cricket Stadium, Hyderabad",0.6,0.6,0.0,0.5234042553191489,0.5,0.023404255319148914,0.48148148148148145,27,0.26666666666666666,0.4666666666666667,113.56451612903226,120.85106382978724,128.90654205607476,150.02641310089803,151.9471220049573,-8.05547822628752,125.29787234042553,121.73364485981308,9.808510638297872,9.86448598130841,0.10686972925910965,0,1,1
969,2023,Royal Challengers Bengaluru,Sunrisers Hyderabad,"Ekana Cricket Stadium, Lucknow",0.6,0.4,0.19999999999999996,0.52,0.4652173913043478,0.05478260869565221,0.5517241379310345,29,0.5263157894736842,0.7272727272727273,116.0625,119.61777777777777,125.32608695652173,151.27873643977293,150.97946783993294,-5.70830917874396,126.03555555555556,121.78695652173913,9.804444444444444,9.869565217391305,-0.06547636903446552,0,1,0
980,2023,Delhi Capitals,Mumbai Indians,"M. A. Chidambaram Stadium, Chennai",0.8,0.6,0.20000000000000007,0.5086206896551724,0.5254237288135594,-0.01680303915838699,0.4411764705882353,34,0.375,0.5714285714285714,115.98648648648648,120.98706896551724,120.73305084745763,148.95457440033962,149.84485932158822,0.25401811805960506,126.98706896551724,125.38983050847457,9.918103448275861,9.809322033898304,0.13556777458624047,0,1,1
1012,2023,Gujarat Titans,Royal Challengers Bengaluru,"Brabourne Stadium, Mumbai",0.8,0.4,0.4,0.6153846153846154,0.5176991150442478,0.0976855003403676,0.5,1,0.5,0.4117647058823529,118.125,126.6923076923077,119.65486725663717,150.0,151.25853003691688,7.0374404356705185,136.69230769230768,125.81858407079646,9.615384615384615,9.805309734513274,0.39316873159132903,1,0,1
1013,2023,Royal Challengers Bengaluru,Kolkata Knight Riders,"Himachal Pradesh Cricket Association Stadium, Dharamsala",0.2,0.6,-0.39999999999999997,0.5154185022026432,0.556,-0.04058149779735687,0.41379310344827586,29,0.7272727272727273,0.5833333333333334,119.87272727272727,119.68722466960352,119.12,151.24979123754383,148.2255736399383,0.5672246696035188,126.11894273127753,122.928,9.788546255506608,9.872,-0.07010525791637257,0,1,0
1015,2023,Rajasthan Royals,Delhi Capitals,"Punjab Cricket Association Stadium, Mohali",0.4,0.8,-0.4,0.478494623655914,0.5107296137339056,-0.03223499007799158,0.5652173913043478,23,0.5714285714285714,0.5,124.63492063492063,124.01075268817205,121.14592274678111,151.18306351183065,148.93156756186357,2.864829941390937,123.72043010752688,126.74678111587983,9.82258064516129,9.918454935622318,-0.3166007628091254,1,1,0
971,2023,Rajasthan Royals,Sunrisers Hyderabad,"Narendra Modi Stadium, Ahmedabad",0.4,0.6,-0.19999999999999996,0.478494623655914,0.4675324675324675,0.010962156123446476,0.5,26,0.36363636363636365,0.5882352941176471,114.76470588235294,124.01075268817205,125.11688311688312,151.18306351183065,150.97158378604263,-1.1061304287110687,123.72043010752688,121.81385281385282,9.82258064516129,9.87012987012987,-0.10727484396118925,1,0,0
982,2023,Royal Challengers Bengaluru,Gujarat Titans,"Himachal Pradesh Cricket Association Stadium, Dharamsala",0.0,1.0,-1.0,0.5131578947368421,0.6428571428571429,-0.12969924812030076,0.5,2,0.6666666666666666,0.5,120.08928571428571,119.74122807017544,131.5,151.22694289037833,151.14942528735634,-11.758771929824562,126.08333333333333,136.0,9.789473684210526,9.642857142857142,-0.3783465725213304,1,0,0
974,2023,Punjab Kings,Gujarat Titans,"DY Patil Stadium, Mumbai",0.4,1.0,-0.6,0.49767441860465117,0.6666666666666666,-0.16899224806201546,0.5,2,0.5263157894736842,0.5,126.0632911392405,128.9906976744186,129.0,152.0116202587152,151.52701644479248,-0.00930232558138755,121.6,136.33333333333334,9.865116279069767,9.666666666666666,-0.41759182268079087,1,0,1
975,2023,Gujarat Titans,Delhi Capitals,"M. Chinnaswamy Stadium, Bengaluru",0.8,0.8,0.0,0.625,0.5128205128205128,0.11217948717948723,0.5,2,1.0,0.5833333333333334,135.05084745762713,132.0625,121.35470085470085,152.12383009359252,149.05779224187708,10.707799145299148,132.375,126.76923076923077,9.6875,9.918803418803419,0.11562600512977106,1,0,0
977,2023,Delhi Capitals,Kolkata Knight Riders,"Holkar Cricket Stadium, Indore",0.8,0.8,0.0,0.5148936170212766,0.5577689243027888,-0.04287530728151223,0.5,32,0.38461538461538464,0.5333333333333333,126.72131147540983,121.57446808510639,119.11553784860558,149.16723228737013,147.95862819814914,2.458930236500805,126.6936170212766,122.96414342629483,9.919148936170213,9.872509960159363,0.19445182496721003,1,0,1
991,2023,Chennai Super Kings,Mumbai Indians,"Sawai Mansingh Stadium, Jaipur",0.4,0.6,-0.19999999999999996,0.5380710659898477,0.5232067510548524,0.014864314934995293,0.5517241379310345,29,0.5882352941176471,0.6153846153846154,117.36923076923077,128.2030456852792,120.52320675105486,154.60333006856024,149.84000419661123,7.679838934224335,119.48730964467005,125.52742616033755,9.852791878172589,9.810126582278482,-0.091226478844602,0,1,1
992,2023,Mumbai Indians,Rajasthan Royals,"M. A. Chidambaram Stadium, Chennai",0.6,0.2,0.39999999999999997,0.5210084033613446,0.4734042553191489,0.04760414804219565,0.75,16,0.5454545454545454,0.6666666666666666,116.54666666666667,120.45798319327731,124.0372340425532,149.77796353377565,151.0982958595218,-3.57925084927588,125.46638655462185,124.04787234042553,9.8109243697479,9.824468085106384,0.16112809846621978,0,0,0
994,2023,Sunrisers Hyderabad,Royal Challengers Bengaluru,"Arun Jaitley Stadium, Delhi",0.8,0.0,0.8,0.4698275862068966,0.5109170305676856,-0.041089444360788985,0.4666666666666667,30,0.38461538461538464,0.25,118.90625,125.17672413793103,119.83406113537117,151.01924076963078,151.3289952575273,5.34266300255986,121.8103448275862,125.94323144104804,9.870689655172415,9.790393013100436,0.07721320242278651,0,0,1
995,2023,Delhi Capitals,Lucknow Super Giants,"Brabourne Stadium, Mumbai",1.0,0.0,1.0,0.5169491525423728,0.42105263157894735,0.09589652096342549,0.5,2,0.4666666666666667,0.5,119.29230769230769,121.52118644067797,131.6315789473684,149.08249727088423,157.49370277078086,-10.110392506690445,126.80084745762711,115.47368421052632,9.919491525423728,10.0,0.3412074164930399,0,1,0
998,2023,Mumbai Indians,Royal Challengers Bengaluru,"M. Chinnaswamy Stadium, Bengaluru",0.4,0.0,0.4,0.5188284518828452,0.508695652173913,0.010132799708932216,0.4838709677419355,31,0.47058823529411764,0.7272727272727273,134.61666666666667,120.19665271966527,119.93478260869566,149.6275847700401,151.4577499588206,0.26187011096961044,125.60251046025104,125.8695652173913,9.811715481171548,9.791304347826086,0.1370708391377793,0,0,0
983,2023,Sunrisers Hyderabad,Mumbai Indians,"Rajiv Gandhi Intl. Cricket Stadium, Hyderabad",1.0,0.2,0.8,0.4721030042918455,0.5166666666666667,-0.044563662374821233,0.41935483870967744,31,0.5625,0.3125,113.23809523809524,125.10729613733906,119.95416666666667,151.01279593845516,149.5221772099304,5.153129470672397,121.90128755364807,125.39583333333333,9.871244635193133,9.8125,-0.05135869384001879,1,1,1
984,2023,Delhi Capitals,Mumbai Indians,"Eden Gardens, Kolkata",0.8,0.0,0.8,0.5147679324894515,0.5145228215767634,0.0002451109126880846,0.45714285714285713,35,0.42857142857142855,0.5833333333333334,127.5,121.71308016877637,120.40248962655602,149.0749354005168,149.77289150407762,1.3105905422203534,126.64556962025317,125.53526970954357,9.919831223628693,9.804979253112034,0.14966343484525702,1,0,0
1003,2023,Kolkata Knight Riders,Rajasthan Royals,"Brabourne Stadium, Mumbai",0.6,0.4,0.19999999999999996,0.5555555555555556,0.47619047619047616,0.07936507936507942,0.5333333333333333,30,0.5714285714285714,0.6111111111111112,120.01515151515152,119.24603174603175,124.21693121693121,148.08061893263687,150.97749196141478,-4.970899470899468,122.90873015873017,123.6984126984127,9.873015873015873,9.825396825396826,0.10835034758691542,1,1,1
985,2023,Punjab Kings,Gujarat Titans,"Punjab Cricket Association Stadium, Mohali",0.4,0.6,-0.19999999999999996,0.5,0.5882352941176471,-0.08823529411764708,0.6666666666666666,3,0.4666666666666667,0.5,124.75,128.7314814814815,130.7058823529412,151.9619630560717,152.29609321453052,-1.974400871459693,121.86111111111111,134.76470588235293,9.86574074074074,9.705882352941176,-0.42040500512032253,1,0,0
987,2023,Delhi Capitals,Sunrisers Hyderabad,"Ekana Cricket Stadium, Lucknow",0.6,1.0,-0.4,0.5126050420168067,0.47435897435897434,0.03824606765783234,0.5294117647058824,34,0.42105263157894735,0.75,116.24615384615385,121.4873949579832,125.25213675213675,148.979802143446,150.8984193996808,-3.764741794153551,126.67647058823529,122.35470085470085,9.920168067226891,9.867521367521368,0.17737525859624625,1,0,1
1007,2023,Kolkata Knight Riders,Rajasthan Royals,"Eden Gardens, Kolkata",0.6,0.4,0.19999999999999996,0.5573122529644269,0.47368421052631576,0.08362804243811112,0.5483870967741935,31,0.6666666666666666,0.42857142857142855,126.58461538461539,119.18972332015811,124.65789473684211,148.13086407623913,151.148691767709,-5.468171416684001,123.24505928853755,123.6,9.869565217391305,9.826315789473684,0.11254620669259374,1,1,0
988,2023,Kolkata Knight Riders,Royal Challengers Bengaluru,"Brabourne Stadium, Mumbai",0.6,0.2,0.39999999999999997,0.5551181102362205,0.5108225108225108,0.04429559941370964,0.6,30,0.625,0.3888888888888889,119.7910447761194,119.24015748031496,119.74458874458874,148.12441923020492,151.44264987681356,-0.5044312642737765,123.22834645669292,125.5930735930736,9.87007874015748,9.792207792207792,0.09473375381114124,1,1,1
1008,2023,Punjab Kings,Kolkata Knight Riders,"Rajiv Gandhi Intl. Cricket Stadium, Hyderabad",0.2,0.6,-0.39999999999999997,0.4976958525345622,0.5568627450980392,-0.059166892563477014,0.4482758620689655,29,0.4375,0.5555555555555556,113.953125,128.50691244239633,118.95294117647059,151.88453159041396,148.0163958424828,9.553971265925739,121.92165898617512,123.17647058823529,9.866359447004609,9.870588235294118,-0.05171978826349566,1,0,1
989,2023,Sunrisers Hyderabad,Kolkata Knight Riders,"Punjab Cricket Association Stadium, Mohali",0.8,0.4,0.4,0.4723404255319149,0.5546875,-0.08234707446808509,0.4722222222222222,36,0.4666666666666667,0.38095238095238093,124.06153846153846,125.08936170212766,118.96875,150.83380368412952,147.95239251882438,6.120611702127661,122.46382978723405,123.25390625,9.86808510638298,9.87109375,0.020592869102211253,1,1,1
1009,2023,Royal Challengers Bengaluru,Punjab Kings,"M. A. Chidambaram Stadium, Chennai",0.2,0.4,-0.2,0.5086206896551724,0.5,0.008620689655172376,0.5185185185185185,27,0.75,0.5882352941176471,115.77631578947368,119.70258620689656,128.57339449541286,151.3570961412688,151.8199545011375,-8.8708082885163,125.25,121.92660550458716,9.793103448275861,9.86697247706422,-0.040607598713569004,1,0,1
1010,2023,Punjab Kings,Royal Challengers Bengaluru,"DY Patil Stadium, Mumbai",0.4,0.4,0.0,0.4977168949771689,0.5107296137339056,-0.013012718756736652,0.4642857142857143,28,0.55,0.6666666666666666,125.4,128.2648401826484,119.62660944206009,151.69024732692515,151.38496632630893,8.638230740588327,121.83561643835617,124.97424892703863,9.867579908675799,9.793991416309012,0.04958231554345538,1,0,1
1011,2023,Chennai Super Kings,Royal Challengers Bengaluru,"M. A. Chidambaram Stadium, Chennai",0.6,0.4,0.19999999999999996,0.5404040404040404,0.5085470085470085,0.031857031857031926,0.41935483870967744,31,0.45454545454545453,0.7619047619047619,115.59740259740259,128.1161616161616,119.61965811965813,154.4884287454324,151.40909828528154,8.496503496503479,119.41414141414141,125.12393162393163,9.853535353535353,9.794871794871796,0.06516017548563902,1,0,0
996,2023,Chennai Super Kings,Royal Challengers Bengaluru,"DY Patil Stadium, Mumbai",0.4,0.6,-0.19999999999999996,0.5376884422110553,0.5106382978723404,0.027050144338714888,0.40625,32,0.5238095238095238,0.6,125.82716049382717,127.85427135678393,119.4,154.34967240960933,151.34304207119743,8.45427135678392,119.15577889447236,124.91489361702128,9.85427135678392,9.795744680851064,0.06667002403688649,1,1,0
997,2023,Punjab Kings,Chennai Super Kings,"M. A. Chidambaram Stadium, Chennai",0.6,0.4,0.19999999999999996,0.5,0.535,-0.03500000000000003,0.5,16,0.5555555555555556,0.4166666666666667,115.08974358974359,128.4090909090909,128.01,151.80010746910264,154.27538415185296,0.3990909090909156,121.81818181818181,119.195,9.868181818181819,9.855,-0.015515311828753653,0,0,0
999,2023,Chennai Super Kings,Punjab Kings,"Sawai Mansingh Stadium, Jaipur",0.6,0.4,0.19999999999999996,0.5373134328358209,0.497737556561086,0.03957587627473491,0.5294117647058824,17,0.6111111111111112,0.6666666666666666,117.27272727272727,127.97512437810946,128.64705882352942,154.05761514044437,151.7939135077416,-0.6719344454199643,119.50248756218906,121.81447963800905,9.840796019900498,9.868778280542987,0.02646671737760542,1,1,0
1000,2023,Mumbai Indians,Lucknow Super Giants,"Himachal Pradesh Cricket Association Stadium, Dharamsala",0.2,0.2,0.0,0.5165289256198347,0.45,0.06652892561983464,0.5,2,0.4166666666666667,0.0,120.45614035087719,120.45867768595042,129.55,149.7611096840483,156.17842073538276,-9.091322314049592,125.29752066115702,118.05,9.805785123966942,10.0,0.1820143339977971,1,0,1
1001,2023,Royal Challengers Bengaluru,Punjab Kings,"Himachal Pradesh Cricket Association Stadium, Dharamsala",0.6,0.6,0.0,0.5127118644067796,0.5,0.012711864406779627,0.5172413793103449,29,0.6153846153846154,0.4375,120.44827586206897,119.4322033898305,128.3963963963964,151.3261032964673,151.81082232637408,-8.964193006565893,125.05932203389831,121.86936936936937,9.796610169491526,9.86936936936937,-0.04445194999168223,0,0,1
1002,2023,Royal Challengers Bengaluru,Kolkata Knight Riders,"Ekana Cricket Stadium, Lucknow",0.8,0.4,0.4,0.5147679324894515,0.5525291828793775,-0.03776125038992595,0.3870967741935484,31,0.5,0.5294117647058824,116.72727272727273,119.80168776371308,119.24124513618678,151.46164515096555,148.08640185561032,0.5604426275262995,125.0379746835443,123.31517509727627,9.79746835443038,9.8715953307393,-0.10425002500323544,1,0,0
1005,2023,Mumbai Indians,Delhi Capitals,"DY Patil Stadium, Mumbai",0.4,0.6,-0.19999999999999996,0.5185185185185185,0.5146443514644351,0.0038741670540833884,0.5555555555555556,36,0.5,0.47619047619047616,126.23170731707317,120.45679012345678,121.59832635983264,149.6166428133306,149.0206132704338,-1.141536236375856,125.03703703703704,126.51046025104603,9.806584362139917,9.92050209205021,-0.1574407401229987,0,0,1
1006,2023,Royal Challengers Bengaluru,Sunrisers Hyderabad,"Maharashtra Cricket Association Stadium, Pune",0.6,0.8,-0.20000000000000007,0.5126050420168067,0.4745762711864407,0.03802877083036599,0.5161290322580645,31,0.3,0.26666666666666666,117.69565217391305,119.84033613445378,125.14830508474576,151.57570282191634,150.7733932308949,-5.307968950291979,124.9453781512605,122.7457627118644,9.798319327731093,9.86864406779661,-0.14152386216601265,0,0,0
1014,2023,Gujarat Titans,Delhi Capitals,"Holkar Cricket Stadium, Indore",0.6,0.4,0.19999999999999996,0.6111111111111112,0.5125,0.0986111111111112,0.0,3,0.5,0.42857142857142855,126.43548387096774,130.94444444444446,121.48333333333333,152.35940530058176,148.9831374552887,9.461111111111123,131.72222222222223,126.29583333333333,9.722222222222221,9.920833333333333,0.11602206025488826,1,1,1
1016,2024,Chennai Super Kings,Gujarat Titans,"Arun Jaitley Stadium, Delhi",0.4,0.6,-0.19999999999999996,0.5346534653465347,0.631578947368421,-0.09692548202188633,0.5,2,0.8333333333333334,0.5,118.75384615384615,128.0049504950495,129.8421052631579,154.08497705738634,153.32504661280296,-1.8371547681083769,119.27227722772277,134.3684210526316,9.841584158415841,9.736842105263158,-0.3689342257003805,0,1,1
1018,2024,Royal Challengers Bengaluru,Chennai Super Kings,"M. Chinnaswamy Stadium, Bengaluru",0.6,0.4,0.19999999999999996,0.5104602510460251,0.5369458128078818,-0.02648556176185668,0.6060606060606061,33,0.75,0.6428571428571429,133.4262295081967,119.77405857740585,128.27093596059115,151.56456822152805,154.06780663866044,-8.496877383185293,124.67782426778243,119.45812807881774,9.799163179916318,9.842364532019705,-0.08884085843998157,0,0,1
1017,2024,Sunrisers Hyderabad,Royal Challengers Bengaluru,"Rajiv Gandhi Intl. Cricket Stadium, Hyderabad",0.8,0.6,0.20000000000000007,0.4767932489451477,0.5125,-0.03570675105485227,0.5,32,0.5882352941176471,0.38461538461538464,114.4,124.87763713080169,119.75,150.67712045616537,151.5183466891607,5.127637130801688,122.66666666666667,124.95,9.869198312236287,9.8,0.13709800629812463,0,1,0
1020,2024,Rajasthan Royals,Delhi Capitals,"Maharashtra Cricket Association Stadium, Pune",0.4,0.2,0.2,0.47643979057591623,0.5103734439834025,-0.03393365340748622,0.5416666666666666,24,0.5714285714285714,0.4375,117.5,124.6282722513089,121.7344398340249,151.17490156230153,149.0676286774046,2.8938324172840026,123.64397905759162,126.22821576763485,9.827225130890053,9.921161825726141,-0.2984102313466277,0,0,0
1021,2024,Royal Challengers Bengaluru,Lucknow Super Giants,"Rajiv Gandhi Intl. Cricket Stadium, Hyderabad",0.6,0.2,0.39999999999999997,0.5145228215767634,0.42857142857142855,0.08595139300533489,0.5,1,0.42857142857142855,0.5,113.6969696969697,119.48132780082987,126.33333333333333,151.39327024185067,154.42374854481955,-6.852005532503455,124.71369294605809,118.14285714285714,9.800829875518673,10.0,0.12135702399151427,0,0,0
1019,2024,Mumbai Indians,Royal Challengers Bengaluru,"Eden Gardens, Kolkata",0.6,0.4,0.19999999999999996,0.5204918032786885,0.512396694214876,0.0080951090638125,0.46875,32,0.6153846153846154,0.5882352941176471,126.66666666666667,120.27049180327869,119.58677685950413,149.5489986240636,151.4707421752329,0.6837149437745609,124.90983606557377,124.62396694214875,9.807377049180328,9.801652892561984,0.14053867669503184,0,1,0
1025,2024,Chennai Super Kings,Kolkata Knight Riders,"Rajiv Gandhi Intl. Cricket Stadium, Hyderabad",0.4,0.4,0.0,0.5343137254901961,0.5542635658914729,-0.019949840401276786,0.48484848484848486,33,0.5,0.5263157894736842,114.16417910447761,128.5735294117647,119.17829457364341,154.2156632173095,147.9976896418945,9.395234838121283,119.43137254901961,123.33720930232558,9.843137254901961,9.872093023255815,-0.03555351227674031,1,1,1
1026,2024,Mumbai Indians,Delhi Capitals,"Rajiv Gandhi Intl. Cricket Stadium, Hyderabad",0.6,0.4,0.19999999999999996,0.5183673469387755,0.512396694214876,0.005970652723899517,0.5675675675675675,37,0.29411764705882354,0.8,114.3970588235294,120.13061224489796,121.9090909090909,149.54524668461968,149.18836915297092,-1.7784786641929458,124.62040816326531,126.21487603305785,9.808163265306122,9.921487603305785,-0.1638356748575731,0,0,1
1022,2024,Chennai Super Kings,Sunrisers Hyderabad,"Brabourne Stadium, Mumbai",0.6,0.6,0.0,0.5365853658536586,0.47478991596638653,0.061795449887272036,0.5714285714285714,28,0.7,0.42105263157894735,118.70588235294117,128.58048780487806,124.63865546218487,154.20932545486457,150.6016144590547,3.941832342693189,119.3609756097561,122.38235294117646,9.84390243902439,9.869747899159664,-0.05573588151303177,1,1,1
1029,2024,Royal Challengers Bengaluru,Delhi Capitals,"Eden Gardens, Kolkata",0.6,0.4,0.19999999999999996,0.51440329218107,0.5102880658436214,0.004115226337448541,0.5,28,0.6111111111111112,0.4,126.05970149253731,119.31687242798354,121.76131687242798,151.38098470213544,149.05793450881612,-2.444444444444443,124.46502057613169,126.2798353909465,9.802469135802468,9.921810699588477,-0.29678252742510836,1,1,1
1023,2024,Delhi Capitals,Punjab Kings,"Sawai Mansingh Stadium, Jaipur",0.2,0.4,-0.2,0.5081967213114754,0.4977578475336323,0.010438873777843138,0.5555555555555556,36,0.5,0.7142857142857143,117.5223880597015,121.90573770491804,128.35874439461884,148.9484226339509,151.6985531824686,-6.4530066897008,126.14344262295081,122.25112107623319,9.922131147540984,9.869955156950672,0.22858111972451667,0,0,1
1030,2024,Royal Challengers Bengaluru,Punjab Kings,"Brabourne Stadium, Mumbai",0.8,0.4,0.4,0.5163934426229508,0.4977578475336323,0.018635595089318557,0.5333333333333333,30,0.3684210526315789,0.5,118.3913043478261,119.20901639344262,128.35874439461884,151.25845033801352,151.6985531824686,-9.149728001176214,124.59836065573771,122.25112107623319,9.795081967213115,9.869955156950672,-0.06692817559650521,0,0,1
1031,2024,Mumbai Indians,Rajasthan Royals,"M. A. Chidambaram Stadium, Chennai",0.8,0.4,0.4,0.5203252032520326,0.4739583333333333,0.04636686991869926,0.7058823529411765,17,0.5217391304347826,0.7,115.92405063291139,120.21951219512195,124.61979166666667,149.5222205369331,151.16881475865554,-4.400279471544721,124.46341463414635,123.85416666666667,9.808943089430894,9.828125,0.11649743041359883,1,1,0
1033,2024,Chennai Super Kings,Gujarat Titans,"Sawai Mansingh Stadium, Jaipur",0.6,0.4,0.19999999999999996,0.5388349514563107,0.6,-0.061165048543689315,0.3333333333333333,3,0.5789473684210527,1.0,116.3529411764706,128.4271844660194,131.2,154.06475658047984,153.540081919251,-2.7728155339805767,119.6504854368932,136.75,9.844660194174757,9.7,-0.34259395672606274,1,0,0
1035,2024,Rajasthan Royals,Chennai Super Kings,"M. A. Chidambaram Stadium, Chennai",0.6,0.6,0.0,0.47668393782383417,0.5362318840579711,-0.059547946234136895,0.38095238095238093,21,0.7272727272727273,0.46153846153846156,115.775,124.69948186528498,128.34299516908212,151.16512781860436,154.1098671616683,-3.6435133037971354,123.75129533678756,119.71497584541063,9.82901554404145,9.845410628019323,-0.08650887917534789,0,0,1
1036,2024,Chennai Super Kings,Kolkata Knight Riders,"Ekana Cricket Stadium, Lucknow",0.4,0.4,0.0,0.5336538461538461,0.5521235521235521,-0.018469705969705985,0.5,34,0.3333333333333333,0.5555555555555556,116.91044776119404,128.35576923076923,119.12355212355213,154.1722007276087,147.96892235384394,9.232217107217096,119.97596153846153,123.36293436293437,9.836538461538462,9.872586872586872,-0.029177596668377603,0,1,0
1024,2024,Sunrisers Hyderabad,Gujarat Titans,"Punjab Cricket Association Stadium, Mohali",0.4,0.6,-0.19999999999999996,0.47280334728033474,0.6190476190476191,-0.14624427176728433,0.5,0,0.5,1.0,124.28787878787878,124.86610878661088,131.28571428571428,150.74506238318938,153.5933147632312,-6.4196054991033975,122.27615062761507,135.52380952380952,9.870292887029288,9.714285714285714,-0.3258508263255351,0,1,1
1042,2024,Mumbai Indians,Sunrisers Hyderabad,"M. Chinnaswamy Stadium, Bengaluru",0.6,0.6,0.0,0.5182186234817814,0.475,0.043218623481781404,0.5625,32,0.4444444444444444,0.5,133.11290322580646,120.15384615384616,124.775,149.3608454957222,150.6110747875069,-4.621153846153845,124.52631578947368,122.3375,9.809716599190283,9.870833333333334,0.003978755581480087,1,1,0
1043,2024,Royal Challengers Bengaluru,Rajasthan Royals,"Narendra Modi Stadium, Ahmedabad",0.8,0.6,0.20000000000000007,0.5183673469387755,0.4793814432989691,0.03898590363980642,0.5357142857142857,28,0.5,0.3333333333333333,114.85507246376811,119.27755102040817,124.95360824742268,151.21862871927556,151.11900754317062,-5.67605722701451,124.39183673469388,123.78865979381443,9.795918367346939,9.829896907216495,-0.012487460794798011,0,1,1
1032,2024,Sunrisers Hyderabad,Lucknow Super Giants,"DY Patil Stadium, Mumbai",0.6,0.4,0.19999999999999996,0.47717842323651455,0.45454545454545453,0.022632968691060018,0.8,5,0.5,0.5,125.6144578313253,124.5643153526971,125.27272727272727,150.53655601243608,155.0928531232414,-0.7084119200301728,122.65145228215768,119.36363636363636,9.867219917012449,10.0,0.1908245037991616,0,0,0
1027,2024,Kolkata Knight Riders,Lucknow Super Giants,"Wankhede Stadium, Mumbai",0.4,0.6,-0.19999999999999996,0.5538461538461539,0.4782608695652174,0.07558528428093647,0.3333333333333333,3,0.5263157894736842,0.5,121.13432835820896,118.97307692307692,125.08695652173913,147.99770345916463,155.51351351351352,-6.1138795986622085,123.63076923076923,118.17391304347827,9.873076923076923,10.0,0.19132032630131413,1,1,0
1050,2024,Kolkata Knight Riders,Sunrisers Hyderabad,"Rajiv Gandhi Intl. Cricket Stadium, Hyderabad",0.4,0.4,0.0,0.5517241379310345,0.47520661157024796,0.07651752636078651,0.5135135135135135,37,0.5,0.5555555555555556,114.79710144927536,119.12260536398468,124.4297520661157,148.0171387764818,150.5148455463361,-5.307146702131021,123.39080459770115,122.64462809917356,9.873563218390805,9.867768595041323,-0.016943073040604162,0,0,0
1028,2024,Sunrisers Hyderabad,Delhi Capitals,"Wankhede Stadium, Mumbai",0.6,0.4,0.19999999999999996,0.4773662551440329,0.5102040816326531,-0.03283782648862016,0.45714285714285713,35,0.125,0.7857142857142857,121.67647058823529,124.37448559670781,121.56326530612245,150.4829715196176,148.81826812571828,2.811220290585368,122.69135802469135,126.42448979591836,9.868312757201647,9.918367346938776,-0.15505720744248208,1,1,1
1053,2024,Rajasthan Royals,Lucknow Super Giants,"DY Patil Stadium, Mumbai",0.6,0.8,-0.20000000000000007,0.47692307692307695,0.5,-0.02307692307692305,0.5,0,0.47619047619047616,0.6666666666666666,125.21428571428571,124.8974358974359,122.41666666666667,151.14186421745066,154.30672268907563,2.4807692307692264,124.0,119.83333333333333,9.830769230769231,10.0,0.07198209690095148,1,1,1
1059,2024,Punjab Kings,Chennai Super Kings,"Wankhede Stadium, Mumbai",0.2,0.4,-0.2,0.49333333333333335,0.5311004784688995,-0.03776714513556617,0.5,18,0.5294117647058824,0.625,122.84057971014492,128.41333333333333,128.66507177033492,151.7330112383153,154.31539079536324,-0.2517384370015918,121.93777777777778,119.7846889952153,9.87111111111111,9.83732057416268,-0.035314200506617155,1,0,0
1063,2024,Lucknow Super Giants,Chennai Super Kings,"M. A. Chidambaram Stadium, Chennai",0.6,0.4,0.19999999999999996,0.48,0.5333333333333333,-0.053333333333333344,0.6666666666666666,3,0.6666666666666666,0.42857142857142855,116.49382716049382,121.52,128.78095238095239,153.66717248356093,154.23748146458308,-7.260952380952389,117.76,119.8047619047619,10.0,9.838095238095239,-0.15696781351659972,1,1,0
1064,2024,Punjab Kings,Gujarat Titans,"Ekana Cricket Stadium, Lucknow",0.2,0.6,-0.39999999999999997,0.4911504424778761,0.5909090909090909,-0.09975864843121485,0.5,4,0.42857142857142855,0.75,118.02941176470588,128.39380530973452,131.54545454545453,151.6832200731835,153.60934182590233,-3.151649235720015,122.07522123893806,134.04545454545453,9.871681415929203,9.727272727272727,-0.3025233036899042,0,0,1
1066,2024,Mumbai Indians,Delhi Capitals,"Himachal Pradesh Cricket Association Stadium, Dharamsala",0.4,0.4,0.0,0.5161290322580645,0.508130081300813,0.00799895095725145,0.5789473684210527,38,0.46153846153846156,0.5,121.91525423728814,120.46774193548387,121.53252032520325,149.45472736368183,148.88202778746077,-1.064778389719379,124.3225806451613,126.73170731707317,9.810483870967742,9.914634146341463,-0.1745805612301652,0,0,0
1067,2024,Mumbai Indians,Sunrisers Hyderabad,"Wankhede Stadium, Mumbai",0.2,0.8,-0.6000000000000001,0.5140562248995983,0.47950819672131145,0.034548028178286894,0.5454545454545454,33,0.45454545454545453,0.2222222222222222,122.85714285714286,120.27710843373494,124.69262295081967,149.42373896123337,150.58899227875668,-4.4155145170847305,124.42570281124497,122.65573770491804,9.811244979919678,9.868852459016393,-0.025469955734905625,1,1,0
1069,2024,Royal Challengers Bengaluru,Sunrisers Hyderabad,"Brabourne Stadium, Mumbai",0.8,0.8,0.0,0.5203252032520326,0.4816326530612245,0.038692550190808084,0.5151515151515151,33,0.4,0.4,118.64285714285714,119.46341463414635,124.67755102040816,151.35190812174898,150.4654943106251,-5.2141363862618135,124.34959349593495,122.46530612244898,9.796747967479675,9.869387755102041,-0.14423231530198244,0,0,0
1034,2024,Punjab Kings,Lucknow Super Giants,"Rajiv Gandhi Intl. Cricket Stadium, Hyderabad",0.2,0.6,-0.39999999999999997,0.4933920704845815,0.46153846153846156,0.03185360894611994,0.5,2,0.47058823529411764,1.0,115.07142857142857,128.20264317180616,121.38461538461539,151.5097875885048,153.80116959064327,6.818027787190772,122.1762114537445,116.15384615384616,9.872246696035242,10.0,0.13739469141285987,0,0,1
1044,2024,Chennai Super Kings,Rajasthan Royals,"Ekana Cricket Stadium, Lucknow",0.4,0.6,-0.19999999999999996,0.5355450236966824,0.47959183673469385,0.05595318696198859,0.5909090909090909,22,0.3125,0.5,117.55072463768116,128.53080568720378,124.60714285714286,154.19604275642484,151.09502598366743,3.9236628300609198,119.79620853080569,123.87755102040816,9.838862559241706,9.831632653061224,0.07230042425766037,0,1,1
1045,2024,Punjab Kings,Rajasthan Royals,"Himachal Pradesh Cricket Association Stadium, Dharamsala",0.4,0.6,-0.19999999999999996,0.4956140350877193,0.47715736040609136,0.018456674681627927,0.4642857142857143,28,0.4117647058823529,0.5555555555555556,121.1,128.57456140350877,124.5482233502538,151.67115066225165,151.17683302526186,4.02633805325496,122.2280701754386,123.60406091370558,9.87280701754386,9.83248730964467,0.0425038524890855,1,1,0
1047,2024,Chennai Super Kings,Sunrisers Hyderabad,"Narendra Modi Stadium, Ahmedabad",0.6,0.8,-0.20000000000000007,0.5377358490566038,0.483739837398374,0.05399601165822976,0.5862068965517241,29,0.45454545454545453,0.6111111111111112,115.57142857142857,128.25471698113208,124.45934959349593,154.20825771324866,150.3634220607013,3.795367387636148,119.76415094339623,122.42276422764228,9.839622641509434,9.869918699186991,-0.04723189048077714,0,1,0
1037,2024,Rajasthan Royals,Chennai Super Kings,"Ekana Cricket Stadium, Lucknow",0.6,0.6,0.0,0.4797979797979798,0.5352112676056338,-0.05541328780765398,0.391304347826087,23,0.45454545454545453,0.35294117647058826,116.87142857142857,124.26262626262626,128.18309859154928,151.17665130568355,154.18454935622316,-3.920472328923026,123.57575757575758,120.02816901408451,9.833333333333334,9.830985915492958,-0.07886117468890497,1,0,1
1048,2024,Royal Challengers Bengaluru,Chennai Super Kings,"Arun Jaitley Stadium, Delhi",0.8,0.6,0.20000000000000007,0.5182186234817814,0.5327102803738317,-0.014491656892050342,0.6176470588235294,34,0.23076923076923078,0.8571428571428571,119.71212121212122,119.43319838056681,128.3644859813084,151.32085150038472,154.22187289467774,-8.931287600741598,124.1336032388664,120.05140186915888,9.79757085020243,9.83177570093458,-0.10427461191155452,1,0,0
1038,2024,Delhi Capitals,Rajasthan Royals,"Sawai Mansingh Stadium, Jaipur",0.4,0.6,-0.19999999999999996,0.5101214574898786,0.4824120603015075,0.027709397188371065,0.48,25,0.5384615384615384,0.35294117647058826,116.27536231884058,121.64777327935222,124.26633165829146,148.762253688484,151.25695761208638,-2.618558378939241,126.51417004048584,123.79396984924622,9.914979757085021,9.834170854271356,0.28196563322168977,1,0,0
1039,2024,Delhi Capitals,Sunrisers Hyderabad,"Maharashtra Cricket Association Stadium, Pune",0.4,1.0,-0.6,0.5080645161290323,0.48582995951417,0.022234556614862233,0.5277777777777778,36,0.47058823529411764,0.3125,117.5774647887324,121.62096774193549,124.66801619433198,148.75715131189585,150.34176349965824,-3.0470484523964956,126.46774193548387,122.38461538461539,9.915322580645162,9.870445344129555,0.15014746644785681,1,1,1
1052,2024,Lucknow Super Giants,Sunrisers Hyderabad,"Wankhede Stadium, Mumbai",0.4,0.8,-0.4,0.4444444444444444,0.4838709677419355,-0.03942652329749108,0.3333333333333333,6,1.0,0.3,122.19718309859155,121.85185185185185,124.72177419354838,154.2428504453821,150.31831656704085,-2.8699223416965367,119.74074074074075,122.49193548387096,9.925925925925926,9.870967741935484,-0.12792699287180298,0,0,1
1040,2024,Rajasthan Royals,Royal Challengers Bengaluru,"Eden Gardens, Kolkata",0.8,0.6,0.20000000000000007,0.485,0.5161290322580645,-0.031129032258064515,0.4482758620689655,29,0.5,0.631578947368421,125.57352941176471,124.22,119.49596774193549,151.08246168815373,151.22984282506633,4.724032258064511,123.75,123.97983870967742,9.835,9.798387096774194,0.02714685628177982,0,1,0
1041,2024,Royal Challengers Bengaluru,Lucknow Super Giants,"Narendra Modi Stadium, Ahmedabad",0.6,0.4,0.19999999999999996,0.5180722891566265,0.4642857142857143,0.05378657487091221,0.5,2,0.5263157894736842,0.5,115.53521126760563,119.79919678714859,120.64285714285714,151.29843781700143,152.91987324581257,-0.8436603557085505,123.855421686747,119.71428571428571,9.799196787148594,9.928571428571429,-0.06770572059598123,0,0,0
1055,2024,Rajasthan Royals,Royal Challengers Bengaluru,"M. Chinnaswamy Stadium, Bengaluru",0.6,0.4,0.19999999999999996,0.48258706467661694,0.516,-0.033412935323383075,0.43333333333333335,30,0.35714285714285715,0.7692307692307693,134.14285714285714,124.06467661691542,119.652,150.9138223190511,151.24380624936796,4.4126766169154195,124.1044776119403,124.016,9.82587064676617,9.8,0.03679838851168249,0,0,0
1061,2024,Punjab Kings,Lucknow Super Giants,"Sawai Mansingh Stadium, Jaipur",0.4,0.4,0.0,0.49344978165938863,0.4827586206896552,0.010691160969733438,0.3333333333333333,3,0.625,0.5,116.25714285714285,128.52838427947597,122.13793103448276,151.59147095179233,153.26698398961489,6.3904532449932105,121.99126637554585,118.44827586206897,9.873362445414847,9.931034482758621,0.035847524112035956,0,0,0
1046,2024,Sunrisers Hyderabad,Lucknow Super Giants,"Holkar Cricket Stadium, Indore",0.6,0.4,0.19999999999999996,0.4819277108433735,0.4827586206896552,-0.0008309098462817022,0.5714285714285714,7,0.5,1.0,126.17460317460318,124.6987951807229,122.13793103448276,150.37047798924888,153.26698398961489,2.560864146240135,122.35341365461848,118.44827586206897,9.8714859437751,9.931034482758621,0.11401912631145628,1,0,1
1062,2024,Royal Challengers Bengaluru,Punjab Kings,"Sawai Mansingh Stadium, Jaipur",0.4,0.4,0.0,0.5179282868525896,0.49130434782608695,0.026623939026502674,0.5483870967741935,31,0.3157894736842105,0.5555555555555556,117.35211267605634,120.02788844621514,128.81304347826088,151.40717660066338,151.699948796723,-8.785155032045736,123.81673306772909,121.88695652173914,9.800796812749004,9.873913043478261,-0.07394782001431643,1,1,0
1065,2024,Chennai Super Kings,Kolkata Knight Riders,"Holkar Cricket Stadium, Indore",0.6,0.4,0.19999999999999996,0.5348837209302325,0.549618320610687,-0.014734599680454541,0.4857142857142857,35,0.38461538461538464,0.5,126.671875,128.16744186046512,119.1793893129771,154.1508167375252,148.11213357366472,8.988052547488024,120.12093023255814,123.34351145038168,9.832558139534884,9.874045801526718,-0.026610228580500106,1,0,0
1049,2024,Delhi Capitals,Punjab Kings,"Punjab Cricket Association Stadium, Mohali",0.6,0.6,0.0,0.5100401606425703,0.4935064935064935,0.01653366713607679,0.5675675675675675,37,0.5263157894736842,0.4375,123.97014925373135,121.73092369477912,128.66666666666666,148.87524557956777,151.6815514161776,-6.935742971887535,126.5140562248996,121.96103896103897,9.91566265060241,9.874458874458874,0.22585509087690703,0,1,1
1068,2024,Delhi Capitals,Royal Challengers Bengaluru,"Ekana Cricket Stadium, Lucknow",0.6,0.4,0.19999999999999996,0.512,0.5158730158730159,-0.003873015873015917,0.4827586206896552,29,0.45,0.47619047619047616,116.98591549295774,121.768,120.10317460317461,148.97719487129294,151.42842847851102,1.6648253968253925,126.404,123.70238095238095,9.916,9.801587301587302,0.3009390205040958,1,0,1
1051,2024,Rajasthan Royals,Punjab Kings,"Wankhede Stadium, Mumbai",0.6,0.4,0.19999999999999996,0.4801980198019802,0.49137931034482757,-0.011181290542847389,0.5517241379310345,29,0.45454545454545453,0.5,121.72222222222223,123.81683168316832,128.53879310344828,150.91413745248295,151.66819245244633,-4.721961420279968,124.54950495049505,122.0,9.816831683168317,9.875,-0.03325212076006423,1,0,1
1071,2024,Chennai Super Kings,Lucknow Super Giants,"Wankhede Stadium, Mumbai",0.4,0.6,-0.19999999999999996,0.5324074074074074,0.4838709677419355,0.04853643966547194,0.5,4,0.6470588235294118,1.0,122.12328767123287,128.55092592592592,121.48387096774194,154.29539897755055,154.0286298568507,7.067054958183988,120.13888888888889,122.16129032258064,9.833333333333334,9.935483870967742,0.022378448230654158,1,1,1
1054,2024,Sunrisers Hyderabad,Gujarat Titans,"M. Chinnaswamy Stadium, Bengaluru",0.6,0.4,0.19999999999999996,0.484,0.5652173913043478,-0.0812173913043478,0.5,1,0.5294117647058824,0.5,133.203125,124.832,132.1304347826087,150.3347945469435,154.18569254185692,-7.298434782608695,122.368,131.91304347826087,9.872,9.73913043478261,-0.10066176762542867,0,1,0
1056,2024,Sunrisers Hyderabad,Delhi Capitals,"Maharashtra Cricket Association Stadium, Pune",0.4,0.8,-0.4,0.4820717131474104,0.5139442231075697,-0.031872509960159334,0.4594594594594595,37,0.29411764705882354,0.5,118.01388888888889,124.55776892430279,121.95617529880478,150.24268345427458,149.05292886010614,2.601593625498012,122.33864541832669,126.41832669322709,9.872509960159363,9.91633466135458,-0.14593928301087367,0,1,0
1057,2024,Lucknow Super Giants,Royal Challengers Bengaluru,"Rajiv Gandhi Intl. Cricket Stadium, Hyderabad",0.6,0.4,0.19999999999999996,0.46875,0.5138339920948617,-0.04508399209486169,0.6666666666666666,3,0.5,0.4,116.45070422535211,121.65625,120.14229249011858,153.69127516778522,151.50276628619847,1.513957509881422,122.6875,123.88142292490119,9.9375,9.802371541501977,0.1311308302227605,0,1,1
1058,2024,Delhi Capitals,Chennai Super Kings,"Himachal Pradesh Cricket Association Stadium, Dharamsala",0.8,0.4,0.4,0.5158730158730159,0.5345622119815668,-0.01868919610855091,0.28,25,0.5294117647058824,0.45454545454545453,121.04918032786885,121.69444444444444,128.59907834101384,148.99188650828356,154.4071266530183,-6.904633896569393,126.61111111111111,120.17050691244239,9.916666666666666,9.834101382488479,0.21222878446766025,0,0,0
1060,2024,Delhi Capitals,Kolkata Knight Riders,"M. Chinnaswamy Stadium, Bengaluru",0.8,0.4,0.4,0.5138339920948617,0.5513307984790875,-0.03749680638422581,0.5151515151515151,33,0.6153846153846154,0.5333333333333333,132.01538461538462,121.74703557312253,119.1977186311787,149.09002904162634,148.10317947748854,2.549316941943829,126.78260869565217,123.67680608365019,9.91699604743083,9.870722433460076,0.17571690539948648,1,0,0
1070,2024,Gujarat Titans,Chennai Super Kings,"DY Patil Stadium, Mumbai",0.4,0.6,-0.19999999999999996,0.5833333333333334,0.536697247706422,0.04663608562691135,0.75,4,0.3333333333333333,0.5,124.54117647058824,131.41666666666666,128.78899082568807,153.9287457296242,154.43344334433445,2.6276758409785828,128.75,120.23853211009174,9.75,9.8348623853211,0.09164092201137741,0,0,0
1072,2025,Punjab Kings,Delhi Capitals,"Eden Gardens, Kolkata",0.2,0.6,-0.39999999999999997,0.4892703862660944,0.5118110236220472,-0.022540637355952797,0.42105263157894735,38,0.4166666666666667,0.375,125.10144927536231,128.60944206008583,121.64173228346456,151.70353870298183,148.97299903567983,6.967709776621263,122.12446351931331,126.85433070866142,9.875536480686696,9.917322834645669,-0.2213689482470791,1,0,1
1073,2025,Mumbai Indians,Rajasthan Royals,"M. A. Chidambaram Stadium, Chennai",0.2,0.6,-0.39999999999999997,0.512,0.4827586206896552,0.029241379310344817,0.6666666666666666,18,0.5,0.75,116.51219512195122,120.1,123.95073891625616,149.3855415692323,151.04147908037697,-3.8507389162561623,124.412,124.65024630541872,9.812,9.817733990147783,0.07376884019132035,1,1,1
1074,2025,Royal Challengers Bengaluru,Rajasthan Royals,"Arun Jaitley Stadium, Delhi",0.2,0.4,-0.2,0.5118110236220472,0.4803921568627451,0.03141886675930211,0.5806451612903226,31,0.21428571428571427,0.5555555555555556,119.94029850746269,120.13385826771653,124.25980392156863,151.5846994535519,151.22897028994154,-4.125945653852099,124.01181102362204,124.92647058823529,9.803149606299213,9.818627450980392,-0.05109797578120734,1,1,1
1075,2025,Chennai Super Kings,Punjab Kings,"Himachal Pradesh Cricket Association Stadium, Dharamsala",0.8,0.4,0.4,0.5388127853881278,0.49145299145299143,0.047359793935136396,0.5263157894736842,19,0.5,0.3888888888888889,121.2741935483871,128.59817351598173,128.85897435897436,154.4871091607241,151.7284758214663,-0.26080084299263717,120.50228310502283,122.37179487179488,9.835616438356164,9.85897435897436,0.024793388429753094,0,1,1
1078,2025,Lucknow Super Giants,Mumbai Indians,"Narendra Modi Stadium, Ahmedabad",0.6,0.2,0.39999999999999997,0.48484848484848486,0.5139442231075697,-0.029095738259084847,0.3333333333333333,3,0.6666666666666666,0.5238095238095238,115.08333333333333,122.72727272727273,120.34262948207171,153.29295987887963,149.40891329079486,2.384643245201019,122.54545454545455,124.66135458167331,9.93939393939394,9.812749003984063,0.038271070568434595,1,1,0
1079,2025,Delhi Capitals,Royal Challengers Bengaluru,"M. Chinnaswamy Stadium, Bengaluru",0.4,0.4,0.0,0.5098039215686274,0.5137254901960784,-0.0039215686274509665,0.5,30,0.5714285714285714,0.7857142857142857,131.45454545454547,121.87058823529412,120.12941176470588,148.97890699904121,151.44608691353142,1.7411764705882433,127.09019607843138,123.7921568627451,9.913725490196079,9.803921568627452,0.3069680472181293,1,0,1
1076,2025,Sunrisers Hyderabad,Delhi Capitals,"DY Patil Stadium, Mumbai",0.2,0.4,-0.2,0.4801587301587302,0.51171875,-0.031560019841269826,0.4473684210526316,38,0.47368421052631576,0.45454545454545453,125.16279069767442,124.7579365079365,121.97265625,150.4114438809683,148.9031950405341,2.785280257936506,122.07539682539682,127.10546875,9.873015873015873,9.9140625,-0.15257518226604638,1,1,1
1085,2025,Royal Challengers Bengaluru,Delhi Capitals,"M. Chinnaswamy Stadium, Bengaluru",0.2,0.2,0.0,0.51171875,0.5097276264591439,0.0019911235408560657,0.4838709677419355,31,0.7333333333333333,0.6,131.70149253731344,120.171875,122.2295719844358,151.3827379194961,149.08167623748278,-2.0576969844357933,123.88671875,126.84046692607004,9.8046875,9.914396887159533,-0.30505700286087034,1,0,1
1077,2025,Delhi Capitals,Lucknow Super Giants,"Punjab Cricket Association Stadium, Mohali",0.2,0.4,-0.2,0.5077519379844961,0.47058823529411764,0.0371637026903785,0.6666666666666666,3,0.55,0.5,124.07352941176471,122.17054263565892,122.23529411764706,149.1294473883422,153.92592592592592,-0.0647514819881394,126.76356589147287,123.61764705882354,9.914728682170542,9.941176470588236,0.12486114445848706,1,1,0
1089,2025,Mumbai Indians,Rajasthan Royals,"Sawai Mansingh Stadium, Jaipur",0.4,0.2,0.2,0.5158730158730159,0.47804878048780486,0.03782423538521107,0.6842105263157895,19,0.5714285714285714,0.3888888888888889,117.65277777777777,120.49603174603175,123.98536585365854,149.43405511811022,151.25565341585337,-3.4893341076267888,124.58730158730158,124.89756097560975,9.813492063492063,9.819512195121952,0.09573767441322723,1,0,1
1090,2025,Lucknow Super Giants,Mumbai Indians,"Arun Jaitley Stadium, Delhi",0.4,0.6,-0.19999999999999996,0.4857142857142857,0.5177865612648221,-0.03207227555053643,0.25,4,0.3333333333333333,0.4583333333333333,119.92647058823529,123.77142857142857,120.86166007905139,153.61702127659575,149.59882583170256,2.9097684923771823,122.91428571428571,124.5494071146245,9.942857142857143,9.814229249011857,-0.001205948110234445,1,0,1
1082,2025,Kolkata Knight Riders,Punjab Kings,"Sawai Mansingh Stadium, Jaipur",0.6,0.4,0.19999999999999996,0.553030303030303,0.48936170212765956,0.06366860090264342,0.5333333333333333,30,0.875,0.6,118.95890410958904,119.29545454545455,128.83829787234043,148.05377961639715,151.62760416666669,-9.542843326885887,123.56818181818181,122.05106382978724,9.871212121212121,9.859574468085107,0.04826301244864162,0,0,0
1094,2025,Kolkata Knight Riders,Mumbai Indians,"Holkar Cricket Stadium, Indore",0.4,0.6,-0.19999999999999996,0.5509433962264151,0.515748031496063,0.03519536473035212,0.6341463414634146,41,0.5294117647058824,0.6470588235294118,127.96923076923076,119.06792452830189,121.04330708661418,148.01107045689088,149.67625724161434,-1.9753825583122904,123.43773584905661,124.70472440944881,9.871698113207547,9.81496062992126,-0.00278771219039875,1,1,0
1096,2025,Chennai Super Kings,Mumbai Indians,"Arun Jaitley Stadium, Delhi",0.8,0.8,0.0,0.5409090909090909,0.5176470588235295,0.023262032085561435,0.5666666666666667,30,0.875,0.44,120.56521739130434,128.22727272727272,120.84313725490196,154.38922942206653,149.6091663834539,7.384135472370758,120.51818181818182,124.67450980392157,9.836363636363636,9.815686274509805,-0.024583255128163728,0,0,0
1080,2025,Gujarat Titans,Rajasthan Royals,"Punjab Cricket Association Stadium, Mohali",0.4,0.2,0.2,0.56,0.47572815533980584,0.08427184466019422,0.5,2,0.5,0.5,123.71014492753623,133.28,123.94174757281553,154.54545454545453,151.13057890375282,9.338252427184472,127.08,125.3252427184466,9.76,9.815533980582524,0.17509626893830443,0,0,0
1098,2025,Sunrisers Hyderabad,Punjab Kings,"DY Patil Stadium, Mumbai",0.4,0.4,0.0,0.48221343873517786,0.4915254237288136,-0.009311984993635725,0.45454545454545453,22,0.5,0.5714285714285714,124.40229885057471,124.49802371541502,128.66949152542372,150.38433993793268,151.58746006389777,-4.171467810008707,122.33596837944664,121.78389830508475,9.873517786561266,9.860169491525424,0.08378674946824205,1,0,0
1081,2025,Royal Challengers Bengaluru,Kolkata Knight Riders,"DY Patil Stadium, Mumbai",0.4,0.4,0.0,0.5136186770428015,0.5488721804511278,-0.03525350340832634,0.375,32,0.6363636363636364,0.5238095238095238,124.36363636363636,120.12062256809338,119.06015037593986,151.38779913691644,148.00448640059818,1.0604721921535258,123.82101167315174,123.23684210526316,9.805447470817121,9.87218045112782,-0.12349193307170303,0,0,1
1100,2025,Chennai Super Kings,Punjab Kings,"Wankhede Stadium, Mumbai",0.8,0.6,0.20000000000000007,0.5384615384615384,0.4936708860759494,0.04479065238558905,0.55,20,0.6666666666666666,0.47368421052631576,122.35135135135135,128.31221719457014,128.61603375527426,154.43306829321423,151.53865274670645,-0.3038165607041208,120.30316742081448,121.78059071729957,9.83710407239819,9.860759493670885,0.028650242956700822,1,1,1
1086,2025,Delhi Capitals,Mumbai Indians,"Brabourne Stadium, Mumbai",0.2,0.8,-0.6000000000000001,0.5057915057915058,0.51953125,-0.01373974420849422,0.4358974358974359,39,0.4375,0.6923076923076923,118.54929577464789,122.08108108108108,120.65625,149.03374811463047,149.59318093762107,1.4248310810810807,126.95366795366796,124.76171875,9.911196911196912,9.81640625,0.167208134109174,1,0,0
1103,2025,Chennai Super Kings,Rajasthan Royals,"Sawai Mansingh Stadium, Jaipur",0.8,0.4,0.4,0.5405405405405406,0.4782608695652174,0.062279670975323165,0.5833333333333334,24,0.55,0.3684210526315789,118.14864864864865,128.11711711711712,124.04347826086956,154.2658783967023,151.09450394256797,4.073638856247555,120.23873873873873,125.52657004830918,9.837837837837839,9.816425120772946,0.046080199669848554,0,1,1
1088,2025,Lucknow Super Giants,Sunrisers Hyderabad,"DY Patil Stadium, Mumbai",0.6,0.4,0.19999999999999996,0.5,0.48031496062992124,0.01968503937007876,0.375,8,0.5,0.47619047619047616,124.76404494382022,124.88888888888889,124.48425196850394,153.34242837653477,150.3304331288927,0.40463692038494514,124.13888888888889,122.31102362204724,9.944444444444445,9.874015748031496,0.001247231223278078,0,0,1
1083,2025,Kolkata Knight Riders,Delhi Capitals,"Rajiv Gandhi Intl. Cricket Stadium, Hyderabad",0.4,0.2,0.2,0.5468164794007491,0.5038461538461538,0.042970325554595235,0.5,34,0.47619047619047616,0.75,117.01388888888889,119.0561797752809,121.83846153846154,148.00260731911723,149.00282220131703,-2.7822817631806487,123.37453183520599,127.1423076923077,9.872659176029963,9.903846153846153,-0.17252013721698667,1,0,1
1106,2025,Punjab Kings,Rajasthan Royals,"Rajiv Gandhi Intl. Cricket Stadium, Hyderabad",0.6,0.2,0.39999999999999997,0.49159663865546216,0.47596153846153844,0.015635100193923723,0.43333333333333335,30,0.5,0.6363636363636364,116.78082191780823,128.52100840336135,124.40865384615384,151.5157519318407,151.20369288301976,4.11235455720751,121.62605042016807,125.26442307692308,9.861344537815127,9.817307692307692,0.013543890936794867,1,0,0
1108,2025,Kolkata Knight Riders,Chennai Super Kings,"Wankhede Stadium, Mumbai",0.4,0.8,-0.4,0.5485074626865671,0.5426008968609866,0.005906565825580579,0.5277777777777778,36,0.5,0.6842105263157895,121.85333333333334,118.98507462686567,127.8609865470852,148.02710983195618,154.19934021956627,-8.875911920219536,123.23880597014926,120.5964125560538,9.873134328358208,9.834080717488789,0.015146653282142708,0,1,1
1084,2025,Lucknow Super Giants,Sunrisers Hyderabad,"Arun Jaitley Stadium, Delhi",0.8,0.2,0.6000000000000001,0.5135135135135135,0.47843137254901963,0.03508214096449386,0.4444444444444444,9,0.5,0.42857142857142855,120.94285714285714,124.64864864864865,124.66274509803921,151.81040157998683,150.40215745647237,-0.014096449390564203,125.37837837837837,122.28627450980392,9.945945945945946,9.874509803921569,0.04203037436225188,0,0,1
1109,2025,Sunrisers Hyderabad,Lucknow Super Giants,"M. A. Chidambaram Stadium, Chennai",0.2,0.8,-0.6000000000000001,0.4765625,0.5263157894736842,-0.04975328947368418,0.5,10,0.35294117647058826,0.5,117.28915662650603,124.44140625,124.28947368421052,150.36816765788728,151.57252888318357,0.15193256578947967,122.2421875,123.86842105263158,9.875,9.947368421052632,-0.028837949408165642,0,0,1
1091,2025,Gujarat Titans,Lucknow Super Giants,"Wankhede Stadium, Mumbai",0.2,0.8,-0.6000000000000001,0.5384615384615384,0.5128205128205128,0.02564102564102566,0.5,1,0.0,0.6666666666666666,121.65789473684211,134.57692307692307,123.41025641025641,154.61776403004862,150.9723964868256,11.166666666666657,127.76923076923077,123.0,9.76923076923077,9.948717948717949,0.04556481904444354,1,1,1
1110,2025,Lucknow Super Giants,Rajasthan Royals,"Brabourne Stadium, Mumbai",0.8,0.4,0.4,0.5128205128205128,0.4784688995215311,0.034351613298981676,0.5,1,0.6666666666666666,0.5789473684210527,117.72222222222223,123.41025641025641,124.33971291866028,150.9723964868256,151.14872331762928,-0.9294565084038737,123.0,125.56459330143541,9.948717948717949,9.818181818181818,0.09955101948350986,1,1,1
1112,2025,Punjab Kings,Sunrisers Hyderabad,"Rajiv Gandhi Intl. Cricket Stadium, Hyderabad",0.4,0.4,0.0,0.4895397489539749,0.4785992217898833,0.010940527164091607,0.5652173913043478,23,0.47368421052631576,0.5789473684210527,117.74324324324324,128.76987447698744,124.30739299610894,151.65820726358842,150.34589863052378,4.462481480878495,121.57740585774059,122.11673151750973,9.861924686192468,9.875486381322958,-0.07519576788943638,1,0,0
1092,2025,Rajasthan Royals,Delhi Capitals,"Himachal Pradesh Cricket Association Stadium, Dharamsala",0.4,0.0,0.4,0.47619047619047616,0.5019157088122606,-0.02572523262178439,0.5384615384615384,26,0.6,0.5,120.0952380952381,124.55714285714286,121.70498084291188,151.1615811373093,148.99155722326455,2.8521620142309843,125.36190476190477,127.03831417624521,9.81904761904762,9.904214559386974,-0.23576445700043536,0,1,0
1113,2025,Punjab Kings,Mumbai Indians,"Punjab Cricket Association Stadium, Mohali",0.4,0.8,-0.4,0.4875,0.5214007782101168,-0.03390077821011678,0.5,28,0.4117647058823529,0.3333333333333333,124.32857142857142,128.92083333333332,120.8715953307393,151.66413411107297,149.5762711864407,8.049238002594024,121.45833333333333,124.50583657587549,9.8625,9.817120622568094,-0.07624160791369228,0,1,1
1093,2025,Sunrisers Hyderabad,Rajasthan Royals,"Brabourne Stadium, Mumbai",0.4,0.4,0.0,0.4806201550387597,0.47393364928909953,0.0066865057496601765,0.5185185185185185,27,0.42857142857142855,0.55,117.24657534246575,124.18604651162791,124.56872037914692,150.19688730545658,151.1443358251869,-0.3826738675190171,122.28294573643412,125.39336492890995,9.875968992248062,9.819905213270141,0.07223949174642463,0,1,0
1114,2025,Gujarat Titans,Lucknow Super Giants,"Eden Gardens, Kolkata",0.4,0.6,-0.19999999999999996,0.5555555555555556,0.5121951219512195,0.04336043360433606,0.5,2,0.5,0.5,125.98571428571428,134.62962962962962,120.3170731707317,153.89500423370026,150.03041362530413,14.312556458897916,124.4074074074074,124.46341463414635,9.777777777777779,9.951219512195122,-0.0060577832194947945,1,1,1
1117,2025,Royal Challengers Bengaluru,Sunrisers Hyderabad,"Holkar Cricket Stadium, Indore",0.6,0.4,0.19999999999999996,0.5155038759689923,0.47876447876447875,0.036739397204513524,0.5,34,0.6923076923076923,0.5333333333333333,127.8030303030303,120.2751937984496,124.35135135135135,151.4076604049768,150.33140403286035,-4.076157552901748,123.7984496124031,122.2895752895753,9.806201550387597,9.876447876447877,-0.14327186238250533,1,0,0
1087,2025,Chennai Super Kings,Sunrisers Hyderabad,"Arun Jaitley Stadium, Delhi",0.6,0.4,0.19999999999999996,0.5401785714285714,0.47876447876447875,0.061414092664092645,0.5666666666666667,30,0.7777777777777778,0.4,120.80281690140845,128.17857142857142,124.35135135135135,154.27435387673955,150.33140403286035,3.827220077220062,120.53571428571429,122.2895752895753,9.834821428571429,9.876447876447877,-0.03370130610302091,1,1,1
1097,2025,Royal Challengers Bengaluru,Lucknow Super Giants,"Ekana Cricket Stadium, Lucknow",0.6,0.4,0.19999999999999996,0.5135135135135135,0.5,0.013513513513513487,0.25,4,0.45454545454545453,0.0,117.70833333333333,120.48262548262548,120.38095238095238,151.5836005051977,149.40898345153664,0.10167310167310006,123.72200772200772,125.19047619047619,9.806949806949808,9.952380952380953,-0.1115676702069699,1,1,1
1125,2025,Lucknow Super Giants,Chennai Super Kings,"Arun Jaitley Stadium, Delhi",0.2,0.6,-0.39999999999999997,0.4883720930232558,0.5422222222222223,-0.05385012919896648,0.4,5,0.6,0.8,120.05555555555556,120.46511627906976,127.90666666666667,149.19354838709677,154.23656144487913,-7.441550387596905,124.74418604651163,120.32444444444444,9.953488372093023,9.835555555555555,-0.0006691158915437256,1,0,0
1099,2025,Kolkata Knight Riders,Chennai Super Kings,"Arun Jaitley Stadium, Delhi",0.4,0.8,-0.4,0.550185873605948,0.5442477876106194,0.005938085995328524,0.5405405405405406,37,0.5263157894736842,0.8181818181818182,119.82191780821918,118.94052044609666,127.7566371681416,148.04275402554137,154.1702263989748,-8.816116722044939,123.52044609665427,120.24778761061947,9.866171003717472,9.836283185840708,0.02699865794437528,1,0,0
1126,2025,Sunrisers Hyderabad,Lucknow Super Giants,"Maharashtra Cricket Association Stadium, Pune",0.6,0.2,0.39999999999999997,0.4789272030651341,0.4772727272727273,0.0016544757924067954,0.5454545454545454,11,0.2777777777777778,0.5,118.79452054794521,124.07662835249042,120.06818181818181,150.32958871042615,148.98477157360406,4.008446534308604,122.27586206896552,124.04545454545455,9.877394636015326,9.954545454545455,0.06396952826582769,0,0,0
1127,2025,Lucknow Super Giants,Royal Challengers Bengaluru,"DY Patil Stadium, Mumbai",0.4,0.6,-0.19999999999999996,0.4888888888888889,0.5153846153846153,-0.026495726495726457,0.6,5,0.6,0.6666666666666666,124.66666666666667,119.35555555555555,120.42692307692307,148.8223884732613,151.5463917525773,-1.0713675213675202,123.13333333333334,123.72307692307692,9.955555555555556,9.807692307692308,0.08913261249228199,0,1,1
1102,2025,Royal Challengers Bengaluru,Kolkata Knight Riders,"Maharashtra Cricket Association Stadium, Pune",0.6,0.4,0.19999999999999996,0.5134099616858238,0.5481481481481482,-0.034738186462324405,0.3939393939393939,33,0.2727272727272727,0.5238095238095238,118.3108108108108,120.4521072796935,119.24814814814815,151.47923291895538,148.19571020896623,1.2039591315453464,123.95785440613027,123.62962962962963,9.804597701149426,9.866666666666667,-0.11991286131108225,0,0,0
1104,2025,Mumbai Indians,Punjab Kings,"Eden Gardens, Kolkata",0.6,0.4,0.19999999999999996,0.5193798449612403,0.4896265560165975,0.029753288944642853,0.4827586206896552,29,0.5714285714285714,0.46153846153846156,126.3943661971831,121.13953488372093,128.96265560165975,149.62657985446188,151.60236086044583,-7.823120717938821,124.56201550387597,121.74273858921161,9.817829457364342,9.858921161825727,0.0696861122863659,1,0,0
1105,2025,Gujarat Titans,Chennai Super Kings,"Rajiv Gandhi Intl. Cricket Stadium, Hyderabad",0.6,0.8,-0.20000000000000007,0.5714285714285714,0.5462555066079295,0.025173064820641855,0.6,5,0.5,0.5454545454545454,118.37333333333333,135.35714285714286,127.86784140969164,153.13131313131314,154.04946396348583,7.489301447451226,124.35714285714286,120.6079295154185,9.785714285714286,9.837004405286343,-0.0321714531701609,1,1,1
1095,2025,Royal Challengers Bengaluru,Chennai Super Kings,"M. Chinnaswamy Stadium, Bengaluru",0.4,0.6,-0.19999999999999996,0.5114503816793893,0.543859649122807,-0.032409267443417766,0.6,35,0.75,0.6,131.33823529411765,120.09923664122137,127.71052631578948,151.39530408006158,154.1042603863456,-7.611289674568113,124.22137404580153,120.57456140350877,9.805343511450381,9.837719298245615,-0.09700041415040062,0,1,0
1107,2025,Sunrisers Hyderabad,Royal Challengers Bengaluru,"Ekana Cricket Stadium, Lucknow",0.4,0.2,0.2,0.4770992366412214,0.5095057034220533,-0.032406466780831866,0.5142857142857142,35,0.6923076923076923,0.4782608695652174,117.54794520547945,123.91984732824427,120.29657794676807,150.33802556028894,151.45045476304452,3.623269381476206,122.14503816793894,124.25475285171103,9.877862595419847,9.806083650190114,0.1287911993599984,0,0,1
1101,2025,Delhi Capitals,Kolkata Knight Riders,"Holkar Cricket Stadium, Indore",0.2,0.6,-0.39999999999999997,0.5038167938931297,0.5498154981549815,-0.04599870426185182,0.4857142857142857,35,0.4,0.5,128.49253731343285,121.7442748091603,119.52029520295203,149.06533320871108,148.40098964537708,2.2239796062082746,127.0381679389313,123.27675276752767,9.904580152671755,9.867158671586715,0.1773134892396797,0,0,0
1118,2025,Kolkata Knight Riders,Chennai Super Kings,"M. Chinnaswamy Stadium, Bengaluru",0.8,0.8,0.0,0.5514705882352942,0.5458515283842795,0.0056190598510146295,0.5263157894736842,38,0.5625,0.625,131.92753623188406,119.43382352941177,127.73362445414847,148.42600630511262,154.179843980603,-8.2998009247367,122.99264705882354,120.79912663755458,9.867647058823529,9.838427947598253,-0.006708000286993254,1,0,0
1119,2025,Rajasthan Royals,Delhi Capitals,"Maharashtra Cricket Association Stadium, Pune",0.4,0.2,0.2,0.47641509433962265,0.5019011406844106,-0.02548604634478796,0.5185185185185185,27,0.5333333333333333,0.5263157894736842,117.10666666666667,124.56603773584905,121.45627376425855,151.21392579019698,148.9184149184149,3.109763971590496,125.58962264150944,126.92015209125475,9.820754716981131,9.904942965779467,-0.219934291674992,0,0,0
1120,2025,Lucknow Super Giants,Gujarat Titans,"Brabourne Stadium, Mumbai",0.4,0.6,-0.19999999999999996,0.5,0.5862068965517241,-0.08620689655172409,0.0,3,0.75,1.0,117.91891891891892,120.78260869565217,134.58620689655172,148.99436846339503,153.1789638932496,-13.803598200899543,123.21739130434783,123.24137931034483,9.956521739130435,9.793103448275861,-0.040311970430861876,1,0,0
1122,2025,Gujarat Titans,Royal Challengers Bengaluru,"Arun Jaitley Stadium, Delhi",0.8,0.2,0.6000000000000001,0.6,0.5075757575757576,0.09242424242424241,0.6666666666666666,3,0.0,0.26666666666666666,120.93243243243244,133.56666666666666,120.53030303030303,153.11425296140618,151.4588985672807,13.036363636363632,122.63333333333334,124.35227272727273,9.8,9.806818181818182,0.08376455936448401,0,1,0
1123,2025,Rajasthan Royals,Chennai Super Kings,"Wankhede Stadium, Mumbai",0.4,0.8,-0.4,0.47417840375586856,0.5478260869565217,-0.07364768320065312,0.4,25,0.5,0.65,121.84415584415585,124.78403755868544,127.59565217391304,151.1544585987261,154.06058060790593,-2.8116146152275974,125.4225352112676,120.87826086956522,9.821596244131456,9.839130434782609,-0.04643959663833108,0,1,1
1124,2025,Rajasthan Royals,Royal Challengers Bengaluru,"Rajiv Gandhi Intl. Cricket Stadium, Hyderabad",0.4,0.2,0.2,0.4766355140186916,0.5094339622641509,-0.032798448245459355,0.40625,32,0.6666666666666666,0.375,118.30263157894737,124.75233644859813,120.73962264150943,151.12079701120797,151.5536187949981,4.012713807088701,125.41121495327103,124.3433962264151,9.822429906542055,9.80754716981132,0.04561256009280257,1,1,0
1111,2025,Kolkata Knight Riders,Royal Challengers Bengaluru,"Rajiv Gandhi Intl. Cricket Stadium, Hyderabad",0.6,0.4,0.19999999999999996,0.5494505494505495,0.5112781954887218,0.03817235396182772,0.6176470588235294,34,0.5,0.4117647058823529,117.94805194805195,119.50549450549451,120.60526315789474,148.53851757421234,151.5613927339727,-1.099768652400229,122.89377289377289,124.21804511278195,9.868131868131869,9.808270676691729,0.0788821393660104,1,1,1
1115,2025,Delhi Capitals,Gujarat Titans,"Arun Jaitley Stadium, Delhi",0.4,0.8,-0.4,0.5037878787878788,0.5806451612903226,-0.07685728250244384,0.75,4,0.6153846153846154,0.0,120.94666666666667,121.33712121212122,133.19354838709677,148.93527989585272,153.2096474953618,-11.85642717497555,127.08712121212122,124.35483870967742,9.897727272727273,9.806451612903226,0.13304317700189294,0,0,1
1116,2025,Delhi Capitals,Gujarat Titans,"Himachal Pradesh Cricket Association Stadium, Dharamsala",0.6,0.6,0.0,0.5056603773584906,0.5625,-0.056839622641509435,0.8,5,0.5263157894736842,1.0,120.203125,121.4188679245283,133.875,149.08029467636567,152.89079229122055,-12.4561320754717,127.19245283018869,124.9375,9.89811320754717,9.8125,0.06291060222399558,0,1,1
1121,2025,Chennai Super Kings,Mumbai Indians,"Punjab Cricket Association Stadium, Mohali",0.6,0.6,0.0,0.5454545454545454,0.5173745173745173,0.028080028080028074,0.5483870967741935,31,0.7,0.3,124.53521126760563,127.57575757575758,121.13513513513513,153.97878677046867,149.64941569282138,6.440622440622448,120.86580086580086,124.5945945945946,9.83982683982684,9.818532818532818,-0.00939919072823514,1,0,0
1128,2026,Punjab Kings,Gujarat Titans,"Eden Gardens, Kolkata",0.4,0.4,0.0,0.49173553719008267,0.5454545454545454,-0.05371900826446274,0.6,5,0.5,0.6666666666666666,126.30555555555556,128.9793388429752,133.21212121212122,151.68877873353745,152.8511821974965,-4.232782369146008,121.73553719008264,127.12121212121212,9.859504132231406,9.666666666666666,-0.20015169229403185,0,1,1
1129,2026,Punjab Kings,Delhi Capitals,"Sawai Mansingh Stadium, Jaipur",0.6,0.8,-0.20000000000000007,0.49382716049382713,0.5075187969924813,-0.013691636498654125,0.4358974358974359,39,0.6363636363636364,0.5,117.52,128.95473251028807,121.703007518797,151.74083579487677,149.1637100861632,7.2517249914910735,121.58847736625515,127.13533834586467,9.860082304526749,9.898496240601503,-0.2396116666317809,0,0,1
1130,2026,Chennai Super Kings,Royal Challengers Bengaluru,"Ekana Cricket Stadium, Lucknow",0.4,0.4,0.0,0.5431034482758621,0.5093632958801498,0.033740152395712264,0.4166666666666667,36,0.3333333333333333,0.4583333333333333,117.98648648648648,127.41810344827586,120.87640449438203,154.01969468035222,151.68491798655825,6.541698953893828,120.90086206896552,124.21722846441948,9.84051724137931,9.808988764044944,0.09494041977293932,1,0,1
1131,2026,Mumbai Indians,Sunrisers Hyderabad,"Eden Gardens, Kolkata",0.6,0.4,0.19999999999999996,0.5192307692307693,0.4790874524714829,0.040143316759286396,0.5294117647058824,34,0.5333333333333333,0.5333333333333333,126.26027397260275,121.16538461538461,124.0190114068441,149.66506722409616,150.43353934138918,-2.85362679145949,124.46538461538462,122.37262357414448,9.819230769230769,9.87832699619772,-0.015560110316192421,1,0,0
1136,2026,Sunrisers Hyderabad,Mumbai Indians,"Maharashtra Cricket Association Stadium, Pune",0.6,0.4,0.19999999999999996,0.4810606060606061,0.5172413793103449,-0.036180773249738785,0.4857142857142857,35,0.2631578947368421,0.631578947368421,117.8157894736842,123.79924242424242,120.95402298850574,150.39804887027748,149.6515762028917,2.8452194357366807,122.1590909090909,124.24137931034483,9.878787878787879,9.81992337164751,0.016781857091569208,0,0,0
1132,2026,Chennai Super Kings,Mumbai Indians,"Arun Jaitley Stadium, Delhi",0.6,0.4,0.19999999999999996,0.5450643776824035,0.5190839694656488,0.025980408216754625,0.53125,32,0.8333333333333334,0.46153846153846156,121.23684210526316,127.27038626609442,121.06488549618321,153.99875363523057,149.60381096123007,6.205500769911211,120.8283261802575,124.33587786259542,9.841201716738198,9.820610687022901,-0.017004655914245603,1,0,0
1133,2026,Delhi Capitals,Mumbai Indians,"M. A. Chidambaram Stadium, Chennai",0.6,0.6,0.0,0.5056179775280899,0.5209125475285171,-0.015294570000427221,0.425,40,0.4117647058823529,0.52,116.96428571428571,121.38951310861424,121.32699619771863,149.0640665961459,149.65294062470687,0.06251691089561007,127.37078651685393,124.18250950570342,9.898876404494382,9.8212927756654,0.16041766333423624,1,1,0
1145,2026,Lucknow Super Giants,Sunrisers Hyderabad,"M. A. Chidambaram Stadium, Chennai",0.4,0.4,0.0,0.48936170212765956,0.47924528301886793,0.01011641910879163,0.5,12,0.4,0.3888888888888889,117.11764705882354,120.44680851063829,123.89433962264151,149.01289813108713,150.5226480836237,-3.447531112003219,122.80851063829788,122.26415094339623,9.957446808510639,9.879245283018868,-0.07399184267812942,1,1,1
1134,2026,Kolkata Knight Riders,Royal Challengers Bengaluru,"Arun Jaitley Stadium, Delhi",0.6,0.4,0.19999999999999996,0.551094890510949,0.5074626865671642,0.04363220394378475,0.6285714285714286,35,0.5,0.3125,120.75324675324676,119.52189781021897,120.81343283582089,148.5821877410281,151.6747083899377,-1.2915350256019167,123.14963503649635,124.10074626865672,9.86861313868613,9.809701492537313,0.08402094920469949,0,1,0
1148,2026,Mumbai Indians,Royal Challengers Bengaluru,"Rajiv Gandhi Intl. Cricket Stadium, Hyderabad",0.8,0.6,0.20000000000000007,0.5227272727272727,0.5092936802973977,0.013433592429874963,0.45454545454545453,33,0.3333333333333333,0.3888888888888889,118.02564102564102,121.22727272727273,120.96282527881041,149.67729866242635,151.7323385404523,0.26444744846232027,124.20454545454545,124.13754646840148,9.821969696969697,9.810408921933085,0.0970336772132665,0,0,1
1135,2026,Chennai Super Kings,Mumbai Indians,"Eden Gardens, Kolkata",0.4,0.8,-0.4,0.5427350427350427,0.5245283018867924,0.018206740848250247,0.5151515151515151,33,0.3888888888888889,0.5,125.44594594594595,127.08547008547009,121.1245283018868,153.9233954451346,149.7108208955224,5.960941783583294,121.12393162393163,124.13962264150943,9.82905982905983,9.822641509433963,-0.01269099420257902,1,1,1
1139,2026,Delhi Capitals,Rajasthan Royals,"Sawai Mansingh Stadium, Jaipur",0.6,0.4,0.19999999999999996,0.503731343283582,0.4744186046511628,0.029312738632419233,0.5,28,0.4666666666666667,0.35,118.47368421052632,121.42164179104478,124.5953488372093,149.01772221458992,151.0629899058253,-3.173707046164523,127.25,125.22325581395349,9.899253731343284,9.82325581395349,0.22281751406272754,1,0,1
1151,2026,Sunrisers Hyderabad,Gujarat Titans,"Holkar Cricket Stadium, Indore",0.4,0.2,0.2,0.4774436090225564,0.5294117647058824,-0.05196815568332597,0.5,2,0.5625,1.0,127.27941176470588,123.94736842105263,131.8235294117647,150.53419779015616,151.88071840054218,-7.876160990712066,122.03007518796993,127.0,9.8796992481203,9.676470588235293,-0.13936113033071962,0,1,0
1140,2026,Punjab Kings,Chennai Super Kings,"Ekana Cricket Stadium, Lucknow",0.8,0.4,0.4,0.4959016393442623,0.5446808510638298,-0.048779211719567506,0.42857142857142855,21,0.4666666666666667,0.3684210526315789,117.65333333333334,129.20491803278688,127.03404255319148,151.86666024374972,153.92111368909514,2.170875479595395,121.24590163934427,120.9404255319149,9.860655737704919,9.829787234042554,-0.07690666587947526,1,0,1
1155,2026,Delhi Capitals,Chennai Super Kings,"Holkar Cricket Stadium, Indore",0.6,0.4,0.19999999999999996,0.5055762081784386,0.5423728813559322,-0.03679667317749358,0.2692307692307692,26,0.375,0.35714285714285715,126.44927536231884,121.45353159851301,127.16525423728814,149.07373608322686,154.04475926496252,-5.711722638775129,127.33457249070632,120.65254237288136,9.899628252788103,9.830508474576272,0.18627866762399847,0,1,0
1137,2026,Gujarat Titans,Rajasthan Royals,"Holkar Cricket Stadium, Indore",0.2,0.4,-0.2,0.5428571428571428,0.4722222222222222,0.0706349206349206,0.6666666666666666,3,1.0,0.2777777777777778,126.44927536231884,133.4,124.71296296296296,152.0351676978183,151.09939421135292,8.687037037037044,125.37142857142857,125.24537037037037,9.685714285714285,9.824074074074074,0.16487823678188462,0,1,1
1157,2026,Delhi Capitals,Sunrisers Hyderabad,"Arun Jaitley Stadium, Delhi",0.4,0.4,0.0,0.5037037037037037,0.4756554307116105,0.02804827299209317,0.5384615384615384,39,0.6428571428571429,0.375,120.92307692307692,121.1962962962963,123.74531835205993,149.05935407461394,150.46222505578578,-2.549022055763629,127.57777777777778,122.27340823970037,9.896296296296295,9.868913857677903,0.15905499540276402,0,1,1
1138,2026,Kolkata Knight Riders,Royal Challengers Bengaluru,"Narendra Modi Stadium, Ahmedabad",0.6,0.4,0.19999999999999996,0.5490909090909091,0.5074074074074074,0.041683501683501656,0.6111111111111112,36,0.625,0.5,114.95890410958904,119.57454545454546,120.91111111111111,148.71783275292842,151.82067618471842,-1.3365656565656536,123.28727272727272,124.02592592592593,9.86909090909091,9.811111111111112,0.07768197817598477,1,0,1
1159,2026,Royal Challengers Bengaluru,Rajasthan Royals,"Brabourne Stadium, Mumbai",0.2,0.2,0.0,0.5055350553505535,0.4700460829493088,0.03548897240124477,0.6060606060606061,33,0.38095238095238093,0.5714285714285714,117.74666666666667,121.01845018450184,124.70046082949308,151.84036297976758,151.1562953859904,-3.6820106449912373,124.22878228782288,125.12903225806451,9.808118081180812,9.824884792626728,-0.03793117541430391,1,1,1
1160,2026,Punjab Kings,Rajasthan Royals,"Himachal Pradesh Cricket Association Stadium, Dharamsala",1.0,0.2,0.8,0.49795918367346936,0.46788990825688076,0.030069275416588603,0.41935483870967744,31,0.3684210526315789,0.5454545454545454,121.38461538461539,128.8938775510204,124.5,151.734576206035,151.13598396257936,4.3938775510204096,121.39591836734694,125.04587155963303,9.861224489795918,9.825688073394495,-0.023734956815244956,1,1,1
1161,2026,Mumbai Indians,Gujarat Titans,"Punjab Cricket Association Stadium, Mohali",0.8,0.4,0.4,0.5225563909774437,0.5555555555555556,-0.03299916457811192,0.5,0,0.36363636363636365,0.3333333333333333,124.06944444444444,120.9624060150376,132.47222222222223,149.64189377732305,151.73401209035953,-11.509816207184628,124.10526315789474,125.27777777777777,9.823308270676693,9.694444444444445,-0.12292727917166957,0,0,0
1163,2026,Kolkata Knight Riders,Chennai Super Kings,"Ekana Cricket Stadium, Lucknow",0.6,0.6,0.0,0.5507246376811594,0.5443037974683544,0.006420840212804979,0.5128205128205128,39,0.5789473684210527,0.35,116.80263157894737,119.78985507246377,127.44303797468355,148.72025549907787,154.08631772268134,-7.653182902219783,123.3840579710145,120.36286919831224,9.869565217391305,9.831223628691983,0.00598308505030154,1,0,0
1164,2026,Mumbai Indians,Kolkata Knight Riders,"Holkar Cricket Stadium, Indore",0.6,0.4,0.19999999999999996,0.5205992509363296,0.5487364620938628,-0.028137211157533204,0.38095238095238093,42,0.6666666666666666,0.5263157894736842,125.02816901408451,120.77902621722846,119.84837545126354,149.61492066437785,148.7165703534471,0.930650765964927,124.25468164794007,123.45848375451264,9.823970037453183,9.870036101083032,0.016701993531860637,1,1,1
1165,2026,Delhi Capitals,Kolkata Knight Riders,"Arun Jaitley Stadium, Delhi",0.4,0.4,0.0,0.5055350553505535,0.5467625899280576,-0.041227534577504055,0.4722222222222222,36,0.6666666666666666,0.47619047619047616,120.0886075949367,120.9520295202952,119.81294964028777,149.01122880392782,148.55715623745596,1.1390798800074293,127.44649446494465,123.33812949640287,9.896678966789668,9.870503597122303,0.1804898352986264,0,0,0
1147,2026,Chennai Super Kings,Mumbai Indians,"Ekana Cricket Stadium, Lucknow",0.6,0.6,0.0,0.5462184873949579,0.5223880597014925,0.02383042769346544,0.5294117647058824,34,0.38095238095238093,0.7,117.05194805194805,127.5126050420168,120.66417910447761,154.22299014127452,149.58830604126192,6.84842593753919,120.42857142857143,124.20149253731343,9.831932773109244,9.824626865671641,-0.020959171913359498,1,1,0
1141,2026,Delhi Capitals,Royal Challengers Bengaluru,"Punjab Cricket Association Stadium, Mohali",0.4,0.4,0.0,0.5036764705882353,0.5073529411764706,-0.003676470588235281,0.5,32,0.5238095238095238,0.4444444444444444,123.35616438356165,121.2720588235294,120.96691176470588,149.1431930189447,151.83664051684354,0.3051470588235219,127.31617647058823,124.06985294117646,9.897058823529411,9.808823529411764,0.2590557645304514,0,0,1
1168,2026,Chennai Super Kings,Kolkata Knight Riders,"Maharashtra Cricket Association Stadium, Pune",0.6,0.4,0.19999999999999996,0.5439330543933054,0.5483870967741935,-0.00445404238088809,0.5,40,0.7142857142857143,0.5454545454545454,118.22077922077922,127.25523012552301,119.71326164874552,154.10417511147142,148.45104226854525,7.541968476777498,120.35146443514644,123.6415770609319,9.832635983263598,9.867383512544803,-0.026702421289950706,1,0,0
1149,2026,Kolkata Knight Riders,Rajasthan Royals,"Punjab Cricket Association Stadium, Mohali",0.6,0.0,0.6,0.55,0.4657534246575342,0.08424657534246582,0.53125,32,0.36363636363636365,0.5555555555555556,123.25675675675676,119.81071428571428,124.57990867579909,148.51691163449618,151.2277589934039,-4.769194390084806,123.65357142857142,125.10958904109589,9.867857142857142,9.826484018264841,0.05146112921721979,0,1,1
1170,2026,Lucknow Super Giants,Sunrisers Hyderabad,"Arun Jaitley Stadium, Delhi",0.6,0.2,0.39999999999999997,0.5,0.47388059701492535,0.026119402985074647,0.5384615384615384,13,0.5,0.35294117647058826,121.1875,119.1875,123.6268656716418,148.5202492211838,150.51789932763947,-4.439365671641795,123.125,122.0223880597015,9.958333333333334,9.869402985074627,-0.06200220078421914,1,0,0
1142,2026,Delhi Capitals,Gujarat Titans,"Sawai Mansingh Stadium, Jaipur",0.6,0.6,0.0,0.5054945054945055,0.5675675675675675,-0.06207306207306207,0.8333333333333334,6,0.5,1.0,118.62337662337663,121.25274725274726,133.32432432432432,149.18875067604108,152.0184899845917,-12.071577071577067,127.48717948717949,123.83783783783784,9.897435897435898,9.702702702702704,0.05458762936626371,1,1,0
1171,2026,Sunrisers Hyderabad,Punjab Kings,"Wankhede Stadium, Mumbai",0.2,1.0,-0.8,0.4758364312267658,0.5,-0.024163568773234223,0.4583333333333333,24,0.2727272727272727,0.45,121.7948717948718,123.57992565055763,128.9349593495935,150.48890900860115,151.65917567179878,-5.355033699035872,122.15985130111524,121.47967479674797,9.869888475836431,9.861788617886178,0.07902588252243348,1,0,1
1143,2026,Punjab Kings,Royal Challengers Bengaluru,"Arun Jaitley Stadium, Delhi",0.8,0.4,0.4,0.4979757085020243,0.5054945054945055,-0.007518796992481203,0.46875,32,0.5555555555555556,0.35294117647058826,121.65432098765432,128.8744939271255,121.16117216117216,151.6026098966519,151.93146846722703,7.713321765953353,121.2914979757085,124.04029304029304,9.862348178137651,9.80952380952381,0.01340029312874691,0,0,1
1174,2026,Sunrisers Hyderabad,Gujarat Titans,"Arun Jaitley Stadium, Delhi",0.4,0.8,-0.4,0.4777777777777778,0.5789473684210527,-0.10116959064327485,0.3333333333333333,3,0.3888888888888889,0.0,121.20731707317073,123.4,132.44736842105263,150.41986455981942,150.688622754491,-9.047368421052624,122.12962962962963,123.6842105263158,9.87037037037037,9.710526315789474,-0.1587797694431483,0,0,0
1175,2026,Rajasthan Royals,Lucknow Super Giants,"M. A. Chidambaram Stadium, Chennai",0.0,0.6,-0.6,0.4636363636363636,0.4897959183673469,-0.026159554730983303,0.5,2,0.6923076923076923,0.5,116.45348837209302,124.55909090909091,120.0,151.30583623212414,148.40989399293287,4.559090909090912,124.89090909090909,122.87755102040816,9.827272727272728,9.959183673469388,0.0023693599313538982,0,0,0
1152,2026,Kolkata Knight Riders,Lucknow Super Giants,"Ekana Cricket Stadium, Lucknow",0.6,0.6,0.0,0.5516014234875445,0.5,0.051601423487544484,0.25,4,0.55,0.0,116.3974358974359,119.65836298932385,118.7,148.5027824397138,148.375,0.9583629893238452,123.64056939501779,121.84,9.86832740213523,9.96,0.042462488922675234,0,0,0
1144,2026,Punjab Kings,Royal Challengers Bengaluru,"Ekana Cricket Stadium, Lucknow",0.8,0.2,0.6000000000000001,0.5,0.5036496350364964,-0.0036496350364964014,0.48484848484848486,33,0.5,0.44,116.3974358974359,128.69758064516128,121.2043795620438,151.58149696048633,151.9004711155834,7.493201083117484,121.33870967741936,123.89781021897811,9.862903225806452,9.81021897810219,0.012862974340057676,0,1,0
1153,2026,Punjab Kings,Sunrisers Hyderabad,"DY Patil Stadium, Mumbai",0.6,0.4,0.19999999999999996,0.4979919678714859,0.47601476014760147,0.02197720772388445,0.52,25,0.5909090909090909,0.45454545454545453,125.32967032967034,128.57831325301206,123.28782287822878,151.59808703063592,150.39837947332884,5.290490374783275,121.1566265060241,122.43542435424354,9.863453815261044,9.867158671586715,-0.089210948709324,1,1,1
1178,2026,Sunrisers Hyderabad,Mumbai Indians,"Ekana Cricket Stadium, Lucknow",0.4,0.6,-0.19999999999999996,0.47601476014760147,0.5241635687732342,-0.048148808625632755,0.4722222222222222,36,0.7142857142857143,0.7272727272727273,116.775,123.28782287822878,120.59479553903346,150.39837947332884,149.4930875576037,2.693027339195325,122.43542435424354,123.98513011152416,9.867158671586715,9.825278810408921,0.014733983336121526,0,0,0
1180,2026,Kolkata Knight Riders,Chennai Super Kings,"DY Patil Stadium, Mumbai",0.6,0.4,0.19999999999999996,0.549645390070922,0.5416666666666666,0.007978723404255317,0.5121951219512195,41,0.5,0.5217391304347826,125.67391304347827,119.81560283687944,127.25416666666666,148.53173905398276,153.94425122233983,-7.438563829787228,123.69503546099291,120.4625,9.868794326241135,9.833333333333334,0.021034599795038744,1,0,0
1182,2026,Chennai Super Kings,Gujarat Titans,"M. A. Chidambaram Stadium, Chennai",0.6,1.0,-0.4,0.5435684647302904,0.5897435897435898,-0.046175125013299345,0.3333333333333333,6,0.4666666666666667,0.0,115.93103448275862,127.44813278008299,134.30769230769232,153.9136099418721,151.38728323699422,-6.859559527609335,120.26141078838174,122.8974358974359,9.83402489626556,9.717948717948717,-0.17085226367194117,1,0,0
1146,2026,Delhi Capitals,Kolkata Knight Riders,"Himachal Pradesh Cricket Association Stadium, Dharamsala",0.4,0.6,-0.19999999999999996,0.5036496350364964,0.5477031802120141,-0.04405354517551774,0.4594594594594595,37,0.55,0.6153846153846154,121.65151515151516,121.24087591240875,119.64664310954063,149.30337078651687,148.54786347284372,1.5942328028681203,127.38686131386861,123.87279151943463,9.897810218978103,9.869257950530036,0.16099628029488677,1,1,0
1183,2026,Sunrisers Hyderabad,Rajasthan Royals,"Eden Gardens, Kolkata",0.4,0.0,0.4,0.4725274725274725,0.46153846153846156,0.01098901098901095,0.5,28,0.5625,0.4444444444444444,125.30666666666667,123.26373626373626,124.31674208144797,150.34177724165662,151.36356123629554,-1.053005817711707,122.34065934065934,124.57466063348416,9.868131868131869,9.828054298642535,0.07473693140203252,0,0,1
1184,2026,Punjab Kings,Rajasthan Royals,"Ekana Cricket Stadium, Lucknow",0.6,0.0,0.6,0.5,0.4594594594594595,0.040540540540540515,0.4375,32,0.47058823529411764,0.5,116.85185185185185,128.692,124.35585585585585,151.75943396226415,151.33757263457954,4.336144144144157,121.14,124.53603603603604,9.864,9.82882882882883,-0.020835279234152182,1,0,1
1186,2026,Chennai Super Kings,Lucknow Super Giants,"Maharashtra Cricket Association Stadium, Pune",0.4,0.6,-0.19999999999999996,0.5413223140495868,0.5098039215686274,0.031518392480959334,0.6666666666666666,6,0.6666666666666666,1.0,118.33333333333333,127.24793388429752,119.09803921568627,153.79313789142486,148.61756789821385,8.149894668611253,120.49173553719008,122.66666666666667,9.830578512396695,9.96078431372549,0.015744446642747434,0,1,0
1191,2026,Rajasthan Royals,Delhi Capitals,"Rajiv Gandhi Intl. Cricket Stadium, Hyderabad",0.0,0.4,-0.4,0.45739910313901344,0.5018181818181818,-0.04441907867916839,0.4827586206896552,29,0.6153846153846154,0.7058823529411765,117.72151898734177,124.71748878923766,121.48727272727272,151.46498202810153,149.46760916249104,3.2302160619649385,124.79820627802691,127.2690909090909,9.829596412556054,9.898181818181818,-0.20825541622382815,1,0,1
1192,2026,Royal Challengers Bengaluru,Punjab Kings,"Wankhede Stadium, Mumbai",0.4,0.6,-0.19999999999999996,0.5054545454545455,0.50199203187251,0.0034625135820355313,0.5294117647058824,34,0.5555555555555556,0.42857142857142855,121.20253164556962,121.04,128.90836653386455,151.8799050921701,151.84194471819418,-7.868366533864545,123.80727272727273,121.47410358565737,9.81090909090909,9.856573705179283,-0.015214419007531177,1,0,1
1150,2026,Chennai Super Kings,Mumbai Indians,"DY Patil Stadium, Mumbai",0.2,0.6,-0.39999999999999997,0.5390946502057613,0.5259259259259259,0.013168724279835398,0.5142857142857142,35,0.5416666666666666,0.5454545454545454,125.09677419354838,127.09876543209876,120.37777777777778,153.66436141101548,149.407005608164,6.720987654320979,120.73662551440329,123.98148148148148,9.831275720164609,9.825925925925926,-0.008990788275504258,1,1,1
1154,2026,Punjab Kings,Kolkata Knight Riders,"Wankhede Stadium, Mumbai",0.6,0.6,0.0,0.5,0.5492957746478874,-0.04929577464788737,0.4838709677419355,31,0.4090909090909091,0.5238095238095238,121.0125,128.72619047619048,119.55985915492958,151.85375901132855,148.4696108439003,9.166331321260898,121.41269841269842,124.10211267605634,9.857142857142858,9.869718309859154,-0.08124979849622349,0,1,1
1167,2026,Kolkata Knight Riders,Gujarat Titans,"Maharashtra Cricket Association Stadium, Pune",0.6,1.0,-0.4,0.5492957746478874,0.6,-0.05070422535211261,0.3333333333333333,3,0.5652173913043478,1.0,117.9873417721519,119.55985915492958,135.35,148.4696108439003,151.2290502793296,-15.790140845070411,124.10211267605634,121.8,9.869718309859154,9.725,-0.09780409977736682,0,1,1
1169,2026,Mumbai Indians,Kolkata Knight Riders,"Brabourne Stadium, Mumbai",0.6,0.4,0.19999999999999996,0.5239852398523985,0.548951048951049,-0.024965809098650427,0.3953488372093023,43,0.7142857142857143,0.6666666666666666,117.60526315789474,120.4870848708487,119.55244755244755,149.5054945054945,148.4930079041084,0.9346373184011583,123.85977859778598,124.13986013986013,9.826568265682656,9.87062937062937,-0.012390008647152229,0,1,1
1156,2026,Sunrisers Hyderabad,Mumbai Indians,"Narendra Modi Stadium, Ahmedabad",0.4,0.8,-0.4,0.4744525547445255,0.5257352941176471,-0.051282739373121555,0.4594594594594595,37,0.631578947368421,0.5454545454545454,115.82432432432432,123.23722627737226,120.45220588235294,150.32944528537084,149.52081051478643,2.785020395019316,122.37956204379562,123.75735294117646,9.86861313868613,9.827205882352942,0.028699669862323418,1,0,0
1172,2026,Mumbai Indians,Gujarat Titans,"Himachal Pradesh Cricket Association Stadium, Dharamsala",0.8,0.8,0.0,0.5274725274725275,0.5853658536585366,-0.057893326186009064,0.5,1,0.42857142857142855,0.5,122.65671641791045,120.23809523809524,136.29268292682926,149.5307944606414,151.19047619047618,-16.054587688734017,123.54212454212454,121.6829268292683,9.827838827838828,9.731707317073171,-0.10660196581654446,1,0,0
1173,2026,Delhi Capitals,Sunrisers Hyderabad,"Holkar Cricket Stadium, Indore",0.2,0.2,0.0,0.5,0.4727272727272727,0.027272727272727282,0.55,40,0.35294117647058826,0.5294117647058824,124.54166666666667,121.60507246376811,123.02545454545455,149.5344174649142,150.31767894432843,-1.4203820816864408,127.52173913043478,122.16,9.898550724637682,9.86909090909091,0.14734360270773905,1,1,0
1158,2026,Kolkata Knight Riders,Punjab Kings,"M. A. Chidambaram Stadium, Chennai",0.4,0.6,-0.19999999999999996,0.5470383275261324,0.5019762845849802,0.045062042941152125,0.5,32,0.5,0.5263157894736842,115.51136363636364,119.47038327526133,128.55335968379447,148.43290043290042,151.7402258094616,-9.082976408533142,124.09407665505226,121.40711462450592,9.871080139372822,9.857707509881424,0.07286691438661208,1,0,0
1177,2026,Punjab Kings,Lucknow Super Giants,"Wankhede Stadium, Mumbai",0.8,0.8,0.0,0.5039370078740157,0.5192307692307693,-0.015293761356753532,0.25,4,0.43478260869565216,0.5,120.5679012345679,128.76377952755905,120.26923076923077,151.76093916755602,149.33142311365808,8.494548758328278,121.64173228346456,122.0576923076923,9.838582677165354,9.961538461538462,0.00028707709620334754,1,0,1
1162,2026,Chennai Super Kings,Punjab Kings,"M. A. Chidambaram Stadium, Chennai",0.4,0.8,-0.4,0.5409836065573771,0.5058823529411764,0.035101253616200645,0.5454545454545454,22,0.4375,0.55,116.24719101123596,126.95081967213115,128.50980392156862,153.53655514250312,151.61469417969835,-1.5589842494374722,120.85655737704919,121.8156862745098,9.831967213114755,9.83921568627451,0.06649754577575884,0,0,1
1179,2026,Rajasthan Royals,Lucknow Super Giants,"Holkar Cricket Stadium, Indore",0.2,0.6,-0.39999999999999997,0.45982142857142855,0.5094339622641509,-0.049612533692722394,0.3333333333333333,3,0.2631578947368421,0.5,124.12328767123287,125.04017857142857,121.13207547169812,151.62949328713728,149.05967030415604,3.9081030997304538,124.92857142857143,120.9622641509434,9.830357142857142,9.962264150943396,0.06317220997863338,1,1,0
1166,2026,Gujarat Titans,Kolkata Knight Riders,"Punjab Cricket Association Stadium, Mohali",0.8,0.4,0.4,0.5952380952380952,0.5451388888888888,0.05009920634920639,0.5,4,0.5,0.391304347826087,122.64,135.78571428571428,119.68402777777777,150.79323109465892,148.44530577088716,16.101686507936506,122.73809523809524,124.29513888888889,9.738095238095237,9.871527777777779,0.12805689141512921,0,1,1
1185,2026,Lucknow Super Giants,Kolkata Knight Riders,"Himachal Pradesh Cricket Association Stadium, Dharamsala",0.8,0.4,0.4,0.5185185185185185,0.5451388888888888,-0.02662037037037035,0.8,5,0.0,0.6428571428571429,123.29411764705883,121.53703703703704,119.68402777777777,148.95596913300045,148.44530577088716,1.8530092592592666,120.57407407407408,124.29513888888889,9.962962962962964,9.871527777777779,-0.14231557241286374,0,1,1
1187,2026,Gujarat Titans,Lucknow Super Giants,"Punjab Cricket Association Stadium, Mohali",0.8,0.8,0.0,0.6046511627906976,0.5272727272727272,0.07737843551797041,1.0,4,0.6,1.0,122.30263157894737,134.88372093023256,121.25454545454545,150.6884905170174,148.49699398797597,13.629175475687106,121.4186046511628,121.03636363636363,9.744186046511627,9.963636363636363,0.2306523722627727,0,1,0
1188,2026,Kolkata Knight Riders,Delhi Capitals,"M. Chinnaswamy Stadium, Bengaluru",0.2,0.2,0.0,0.5413793103448276,0.4981949458483754,0.04318436449645213,0.5526315789473685,38,0.5294117647058824,0.5625,132.02857142857144,119.5896551724138,121.50541516245487,148.41871014678821,149.42727757059137,-1.9157599900410673,124.13793103448276,127.29602888086643,9.872413793103448,9.898916967509026,-0.15943868647389614,0,1,0
1176,2026,Rajasthan Royals,Lucknow Super Giants,"Himachal Pradesh Cricket Association Stadium, Dharamsala",0.2,0.8,-0.6000000000000001,0.4577777777777778,0.5357142857142857,-0.07793650793650791,0.25,4,0.5,0.3333333333333333,123.04347826086956,124.92888888888889,121.51785714285714,151.5146614920224,148.45113438045374,3.411031746031753,125.00888888888889,121.42857142857143,9.831111111111111,9.964285714285714,0.054918356316415284,1,1,1
1181,2026,Rajasthan Royals,Lucknow Super Giants,"Wankhede Stadium, Mumbai",0.4,0.6,-0.19999999999999996,0.46017699115044247,0.5263157894736842,-0.06613879832324171,0.4,5,0.5384615384615384,0.4,119.8780487804878,124.90707964601769,122.19298245614036,151.42688552730394,148.82478632478632,2.714097189877336,125.16371681415929,121.40350877192982,9.831858407079647,9.964912280701755,0.07817291655764613,0,1,0
1189,2026,Chennai Super Kings,Delhi Capitals,"Narendra Modi Stadium, Ahmedabad",0.6,0.2,0.39999999999999997,0.5428571428571428,0.5,0.042857142857142816,0.7407407407407407,27,0.4166666666666667,0.4444444444444444,115.14666666666666,126.75510204081633,121.66187050359713,153.43379446640319,149.4300609702218,5.0932315372191965,121.13061224489796,127.29136690647482,9.83265306122449,9.899280575539569,-0.15422432758293425,1,0,0
1190,2026,Kolkata Knight Riders,Royal Challengers Bengaluru,"Maharashtra Cricket Association Stadium, Pune",0.0,0.6,-0.6,0.5395189003436426,0.5072463768115942,0.03227252353204835,0.6216216216216216,37,0.5833333333333334,0.25,117.975,119.61168384879726,120.98550724637681,148.43070362473347,151.87846811607386,-1.3738233975795566,124.27835051546391,123.65942028985508,9.872852233676976,9.81159420289855,0.08484194147120405,1,0,0
